,packet_size,inter_arrival_time,src_port,dst_port,packet_count_5s,spectral_entropy,frequency_band_energy,label,protocol_type_TCP,protocol_type_UDP,src_ip_192.168.1.2,src_ip_192.168.1.3,dst_ip_192.168.1.5,dst_ip_192.168.1.6,tcp_flags_FIN,tcp_flags_SYN,tcp_flags_SYN-ACK,packet_size_log,inter_arrival_time_log,packet_count_5s_log,spectral_entropy_log,frequency_band_energy_log,size_per_packet,inter_arrival_per_packet,entropy_minus_energy,packet_size,inter_arrival_time,packet_count_5s,spectral_entropy,frequency_band_energy,packet_size inter_arrival_time,packet_size packet_count_5s,packet_size spectral_entropy,packet_size frequency_band_energy,inter_arrival_time packet_count_5s,inter_arrival_time spectral_entropy,inter_arrival_time frequency_band_energy,packet_count_5s spectral_entropy,packet_count_5s frequency_band_energy,spectral_entropy frequency_band_energy,SYN_ACK_ratio,FIN_SYN_ratio,TCP_vs_UDP
0,0.4051539012168933,0.620362331667024,62569,443,0.8571428571428571,0.8340663956566345,0.5348906847626227,0.0,0,1,1,0,0,0,0,0,0,0.34014683501949927,0.48264978575863754,0.6190392084062234,0.6065355758270835,0.42845916336488554,0.21815979296294255,0.33404125551301295,0.29917571089401185,0.4051539012168933,0.620362331667024,0.8571428571428571,0.8340663956566345,0.5348906847626227,0.2513422188429031,0.3472747724716228,0.3379252540741984,0.21671304765615207,0.5317391414288777,0.5174233739746604,0.33182603238631175,0.7149140534199724,0.45847772979653373,0.4461343455102698,0.0,0.0,0.0
1,0.5275590551181102,0.7412876526349436,59382,443,0.7857142857142857,0.1471958101503094,0.990756601983374,0.0,0,1,0,0,0,1,0,1,0,0.42367107260473685,0.554624869789036,0.5798184952529422,0.137320538616582,0.6885147684796301,0.29543307086614173,0.4151210854755684,-0.8435607918330646,0.5275590551181102,0.7412876526349436,0.7857142857142857,0.1471958101503094,0.990756601983374,0.3910730135948127,0.4145106861642294,0.07765448252024196,0.5226826167943783,0.5824402984988842,0.10911443658402165,0.7344356358168284,0.11565385083238594,0.7784516158440795,0.14583522069071037,0.0,0.0,0.0
2,0.2261989978525411,0.485115935794268,65484,80,0.2857142857142857,0.8551924392708292,0.0317811293023628,0.0,0,1,0,0,1,0,0,0,0,0.20391913906715803,0.3954928404491934,0.2513144282809061,0.6179884315254971,0.03128656055703878,0.17593255388530976,0.37731239450665294,0.8234113099684665,0.2261989978525411,0.485115935794268,0.2857142857142857,0.8551924392708292,0.0317811293023628,0.10973273851896109,0.06462828510072603,0.19344367273413168,0.007188859598816494,0.13860455308407657,0.414867480461051,0.01541753228211436,0.24434069693452262,0.009080322657817943,0.02717898149086927,0.0,0.0,0.0
3,0.5733715103793844,0.4509652837839836,51707,53,0.1428571428571429,0.1532200747128422,0.1699580083824291,0.0,0,0,0,1,0,0,0,0,0,0.45322077570660485,0.3722290478983787,0.13353139262452268,0.14255809446344514,0.15696785789416545,0.5017000715819614,0.39459462331098566,-0.016737933669586896,0.5733715103793844,0.4509652837839836,0.1428571428571429,0.1532200747128422,0.1699580083824291,0.2585706458918904,0.08191021576848351,0.08785202565854446,0.09744907996730545,0.06442361196914054,0.06909693447428006,0.07664516148154281,0.02188858210183461,0.024279715483204168,0.02604097874240165,0.0,0.0,0.0
4,0.651395848246242,0.8887398441895347,26915,53,0.7142857142857143,0.923915598757981,0.5520532009424409,0.0,1,0,0,1,0,0,0,1,0,0.5016208989167918,0.635909857589448,0.538996500732687,0.654362483691897,0.43957870013127526,0.37998091147697444,0.5184315757772285,0.3718623978155401,0.651395848246242,0.8887398441895347,0.7142857142857143,0.923915598757981,0.5520532009424409,0.5789214446760749,0.4652827487473157,0.6018347851608896,0.3596051631049544,0.6348141744210962,0.8211206052844486,0.49063167578991884,0.6599397133985578,0.3943237149588864,0.5100505636949954,0.0,0.0,1.0
5,0.5683607730851825,0.207250279401885,2619,53,0.9285714285714284,0.113374691367702,0.582345905282907,0.0,1,0,1,0,0,0,0,0,0,0.4500309803385047,0.18834527720812858,0.6567795363890704,0.10739566556559359,0.45890849606620543,0.29470558604416874,0.10746310783801447,-0.46897121391520497,0.5683607730851825,0.207250279401885,0.9285714285714284,0.113374691367702,0.582345905282907,0.11779292902297545,0.5277635750076693,0.06443772723404108,0.3309825689295835,0.19244668801603604,0.02349693646305872,0.12069135157842613,0.10527649912715183,0.5407497691912706,0.06602328728069459,0.0,0.0,1.0
6,0.5719398711524696,0.3639081792853329,14582,53,0.7142857142857143,0.8744573929115154,0.7605478943211209,0.0,0,0,1,0,0,0,0,1,0,0.45231044337245946,0.3103542399158713,0.538996500732687,0.6283192270936866,0.5656250641966971,0.33363159150560723,0.2122797712497775,0.11390949859039445,0.5719398711524696,0.3639081792853329,0.7142857142857143,0.8744573929115154,0.7605478943211209,0.20813359717178312,0.4085284793946211,0.5001370486301365,0.43498766468330397,0.2599344137752378,0.31822219771702853,0.2767695994816929,0.6246124235082253,0.5432484959436578,0.66506672885239,0.0,0.0,0.0
7,0.1732283464566929,0.0753350090678578,5724,443,0.4285714285714286,0.5417473564287594,0.1750546539881762,0.0,0,0,1,0,1,0,0,0,1,0.1597592194868679,0.0726322493733006,0.3566749439387324,0.4329164202317664,0.16131466054686863,0.12125984251968504,0.05273450634750046,0.36669270244058316,0.1732283464566929,0.0753350090678578,0.4285714285714286,0.5417473564287594,0.1750546539881762,0.013050159051124973,0.07424071991001126,0.09384599875143863,0.03032442824992029,0.03228643245765334,0.040812542009048575,0.013187743945569964,0.2321774384694683,0.07502342313778981,0.09483539602864564,1.0,0.0,0.0
8,0.9677881173944164,0.4934608409619139,28474,443,0.0714285714285714,0.3306550432576598,0.0239060865817436,0.0,0,0,0,0,0,0,1,0,0,0.6769101289082837,0.4010961386864392,0.06899287148695142,0.28567133471614853,0.023624810088967826,0.903268909568122,0.460563451564453,0.30674895667591623,0.9677881173944164,0.4934608409619139,0.0714285714285714,0.3306550432576598,0.0239060865817436,0.4775655382823962,0.0691277226710297,0.3200040218212999,0.023136026527213558,0.03524720292585098,0.16316531571422282,0.011796717588735522,0.023618217375547118,0.001707577612981685,0.007904668092807791,0.0,1.0,0.0
9,0.364352183249821,0.434361652894239,22620,443,0.5714285714285714,0.0567887132502287,0.1722458877063803,0.0,0,1,0,1,0,1,0,0,0,0.31067972495718554,0.3607199090517072,0.4519851237430572,0.055234794049934186,0.1589214709467544,0.2318604802498861,0.27641196093269754,-0.1154571744561516,0.364352183249821,0.434361652894239,0.5714285714285714,0.0567887132502287,0.1722458877063803,0.1582606165520169,0.20820124757132627,0.020691091656668867,0.06275816524162317,0.248206658796708,0.02466683935310631,0.07481700848837883,0.03245069328584497,0.09842622154650302,0.009781622325488725,0.0,0.0,0.0
10,0.9813886900501074,0.2687450469351399,55001,53,0.7142857142857143,0.8857907806182999,0.1171282692469382,0.0,0,1,1,0,0,1,0,1,0,0.6837979574805984,0.2380282599068544,0.538996500732687,0.6343472451936565,0.11076134719779385,0.5724767358625626,0.15676794404549826,0.7686625113713617,0.9813886900501074,0.2687450469351399,0.7142857142857143,0.8857907806182999,0.1171282692469382,0.2637433495691316,0.7009919214643625,0.8693050538494553,0.11494835872408896,0.1919607478108142,0.2380518849119792,0.03147764221620011,0.6327077004416428,0.08366304946209871,0.10375114104871579,0.0,0.0,0.0
11,0.0536864710093056,0.6994217640528572,59244,443,0.5,0.0183928937908319,0.3213474182573579,0.0,0,1,0,1,0,1,1,0,0,0.05229494003185968,0.5302880544094137,0.4054651081081644,0.01822579041938539,0.278651987372504,0.0357909806728704,0.4662811760352381,-0.302954524466526,0.0536864710093056,0.6994217640528572,0.5,0.0183928937908319,0.3213474182573579,0.037549486259101095,0.0268432355046528,0.0009874495592787338,0.017252008854188844,0.3497108820264286,0.012864390221220491,0.2247573781513926,0.00919644689541595,0.16067370912867895,0.00591050893396562,0.0,1.0,0.0
12,0.541159627773801,0.1801889513191832,19720,53,0.2142857142857143,0.2357173684387277,0.3425213396714127,0.0,1,0,1,0,0,1,0,1,0,0.4325351381074012,0.16567455389501168,0.19415601444095748,0.21165166657566278,0.2945494427467393,0.4456608699313655,0.14839090108638614,-0.10680397123268498,0.541159627773801,0.1801889513191832,0.2142857142857143,0.2357173684387277,0.3425213396714127,0.09751098582484073,0.11596277738010022,0.1275607233641218,0.18535872068116535,0.03861191813982497,0.04247366542669188,0.06171856099983359,0.050510864665441656,0.07339742992958843,0.08073822882145298,0.0,0.0,1.0
13,0.982820329277022,0.1320373316139454,44626,80,0.0714285714285714,0.4690880872157814,0.8501368359779684,0.0,0,1,0,1,0,0,0,0,1,0.6845202399244223,0.12401895769476276,0.06899287148695142,0.38464185946189206,0.6152596017484251,0.9172989739918872,0.12323484283968238,-0.38104874876218703,0.982820329277022,0.1320373316139454,0.0714285714285714,0.4690880872157814,0.8501368359779684,0.12976897373367716,0.07020145209121582,0.4610293083373427,0.8355317650663926,0.009431237972424667,0.06193713932786147,0.11224979932925333,0.03350629194398437,0.060724059712712004,0.3987890622605817,1.0,0.0,0.0
14,0.9090909090909092,0.9004403016272488,58876,53,0.5714285714285714,0.7953962272989408,0.6921294359447977,0.0,0,0,1,0,1,0,0,0,1,0.6466271649250525,0.6420855970239139,0.4519851237430572,0.585225737023183,0.5259877570434901,0.578512396694215,0.5730074646718856,0.10326679135414307,0.9090909090909092,0.9004403016272488,0.5714285714285714,0.7953962272989408,0.6921294359447977,0.8185820923884081,0.5194805194805195,0.7230874793626735,0.6292085781316343,0.5145373152155707,0.7162068188222339,0.6232212380672312,0.454512129885109,0.39550253482559866,0.5505171421530359,1.0,0.0,0.0
15,0.6879026485325698,0.6128666902295223,6787,443,0.3571428571428571,0.8316886700763817,0.968626035546769,0.0,0,0,0,0,0,1,0,1,0,0.5234867218403545,0.47801314862874195,0.30538164955118186,0.6052383118958763,0.6773358555378773,0.5068756357608408,0.45158598227438485,-0.13693736547038726,0.6879026485325698,0.6128666902295223,0.3571428571428571,0.8316886700763817,0.968626035546769,0.4215926194062784,0.2456795173330606,0.5721208389000736,0.6663204152902255,0.21888096079625796,0.5097142825311052,0.5936386324756919,0.297031667884422,0.34593786983813174,0.8055952993052503,0.0,0.0,0.0
16,0.9355762347888332,0.3127254887164758,4734,80,1.0,0.8037446553795675,0.364618882015735,0.0,0,0,1,0,0,0,0,0,0,0.6604050779058929,0.2721055016543913,0.6931471805599453,0.5898648680410229,0.3108751823368241,0.4677881173944166,0.1563627443582379,0.4391257733638325,0.9355762347888332,0.3127254887164758,1.0,0.8037446553795675,0.364618882015735,0.2925785352558582,0.9355762347888332,0.7519643984116641,0.3411287607691952,0.3127254887164758,0.2513514401568307,0.11402561807362577,0.8037446553795675,0.364618882015735,0.2930604776706201,0.0,0.0,0.0
17,0.6349319971367215,0.818244213991487,59615,53,0.4285714285714286,0.1193967852944082,0.419592505943461,0.0,1,0,0,0,0,1,1,0,0,0.49160121151893904,0.5978713178620997,0.3566749439387324,0.11278995565967832,0.3503698627846256,0.4444523979957051,0.5727709497940409,-0.30019572064905276,0.6349319971367215,0.818244213991487,0.4285714285714286,0.1193967852944082,0.419592505943461,0.5195294329351817,0.272113713058595,0.07580883933868295,0.2664127077822834,0.3506760917106373,0.09769572873633336,0.34332914022242556,0.05117005084046066,0.17982535969005473,0.05009799634327411,0.0,1.0,1.0
18,0.9706513958482464,0.9398474459235808,48181,80,0.2857142857142857,0.7398950061479672,0.081898738236255,0.0,1,0,0,1,0,0,0,0,1,0.6783641458856456,0.6626093338613893,0.2513144282809061,0.5538247701115568,0.07871758846267936,0.7549510856597473,0.7309924579405629,0.6579962679117122,0.9706513958482464,0.9398474459235808,0.2857142857142857,0.7398950061479672,0.081898738236255,0.912264235270133,0.2773289702423561,0.7181801204986713,0.07949512458723107,0.26852784169245164,0.6953884317797792,0.07697231995570818,0.21139857318513347,0.023399639496072856,0.06059646743082465,1.0,0.0,1.0
19,0.4516821760916248,0.966616646781938,4151,80,0.5714285714285714,0.2609613625034166,0.9301590175330078,0.0,1,0,0,1,0,0,0,0,0,0.3727230054541119,0.676314628080426,0.4519851237430572,0.23187441615127663,0.6576023920268674,0.2874341120583067,0.6151196843157788,-0.6691976550295912,0.4516821760916248,0.966616646781938,0.5714285714285714,0.2609613625034166,0.9301590175330078,0.43660351046485524,0.2581041006237856,0.11787159609137857,0.42013624915055675,0.5523523695896788,0.25224959716269835,0.8991071905017379,0.1491207785733809,0.5315194385902902,0.2427355645602531,0.0,0.0,1.0
20,0.2748747315676449,0.1426223018725848,7068,443,0.6428571428571429,0.3569475729579636,0.7538823498939662,0.0,0,0,1,0,0,1,0,0,1,0.24284792403269978,0.13332588564792205,0.4964368863138911,0.30523774558758154,0.5618318163833326,0.16731505399769692,0.0868135750528777,-0.3969347769360026,0.2748747315676449,0.1426223018725848,0.6428571428571429,0.3569475729579636,0.7538823498939662,0.03920326694278636,0.17670518457920031,0.09811586830054259,0.20722320856068932,0.0916857654895188,0.050908684503097164,0.10752043608299083,0.22946629690154804,0.484638653503264,0.26909647509049756,1.0,0.0,0.0
21,0.3120973514674302,0.1359345237634145,17182,80,1.0,0.400534913075429,0.8798354717428809,0.0,1,0,1,0,0,1,0,1,0,0.2716268885827432,0.12745568110564767,0.6931471805599453,0.33685424441510725,0.6311842579818117,0.1560486757337151,0.06796726188170725,-0.4793005586674519,0.3120973514674302,0.1359345237634145,1.0,0.400534913075429,0.8798354717428809,0.042424804839548115,0.3120973514674302,0.12500588554107875,0.27459432045805016,0.1359345237634145,0.05444652265952906,0.11960001584152766,0.400534913075429,0.8798354717428809,0.35240482419521385,0.0,0.0,1.0
22,0.3321403006442376,0.7377405877850597,30522,443,0.1428571428571429,0.8389404174334318,0.9263231894064098,1.0,1,0,0,0,0,0,0,1,0,0.2867868973852889,0.552585756660993,0.13353139262452268,0.6091895456592641,0.6556131027286324,0.29062276306370793,0.6455230143119273,-0.08738277197297795,0.3321403006442376,0.7377405877850597,0.1428571428571429,0.8389404174334318,0.9263231894064098,0.2450333806243863,0.04744861437774824,0.27864592246894226,0.307669262623174,0.10539151254072285,0.6189203966739834,0.6833862142316159,0.11984863106191887,0.13233188420091574,0.7771299631988814,0.0,0.0,1.0
23,0.7895490336435218,0.715371255451392,58164,443,0.6428571428571429,0.5151387969845498,0.0569537260445818,0.0,0,0,0,0,0,0,0,1,0,0.5819636515993303,0.5396295326723283,0.4964368863138911,0.41550704993623894,0.05539092735323614,0.48059506395692636,0.435443372883456,0.45818507093996796,0.7895490336435218,0.715371255451392,0.6428571428571429,0.5151387969845498,0.0569537260445818,0.5648206834379995,0.5075672359136926,0.4067273393514376,0.04496775936089744,0.4598815213616092,0.36851548793055716,0.04074305850314713,0.33116065520435345,0.0366131096000883,0.02933907391839349,0.0,0.0,0.0
24,0.8604151753758053,0.7013562618876237,51625,53,0.9285714285714284,0.2710743272101137,0.8676239565397424,0.0,1,0,0,0,0,1,0,0,1,0.6207996753845285,0.5314257340983934,0.6567795363890704,0.23986246981305756,0.6246670114792268,0.44614120204671387,0.36366620986765674,-0.5965496293296287,0.8604151753758053,0.7013562618876237,0.9285714285714284,0.2710743272101137,0.8676239565397424,0.6034575710729589,0.7989569485632476,0.2332364647863684,0.7465168187263925,0.6512593860385075,0.1901196768257879,0.6085134948828639,0.2517118752665341,0.8056508167869035,0.2351905802903876,1.0,0.0,1.0
25,0.7079455977093773,0.1148455549120585,18845,80,0.4285714285714286,0.7759119961092775,0.4064198128692343,0.0,0,1,0,0,0,0,0,0,0,0.5352912434008996,0.10871587954394772,0.3566749439387324,0.5743140916019787,0.3410473354983185,0.49556191839656405,0.08039188843844094,0.36949218324004324,0.7079455977093773,0.1148455549120585,0.4285714285714286,0.7759119961092775,0.4064198128692343,0.08130440501648237,0.3034052561611617,0.5493034818554585,0.28772311734264333,0.04921952353373936,0.08911004375609295,0.04667550893622219,0.3325337126182618,0.17417991980110042,0.3153460082617266,0.0,0.0,0.0
26,0.1302791696492483,0.5643930127722584,50612,80,0.7142857142857143,0.1008818509593618,0.877328103086889,0.0,0,1,0,1,1,0,0,1,0,0.1224646549986802,0.44749789749462887,0.538996500732687,0.09611154131872843,0.6298495441859998,0.07599618229539483,0.32922925745048404,-0.7764462521275273,0.1302791696492483,0.5643930127722584,0.7142857142857143,0.1008818509593618,0.877328103086889,0.07352865305980741,0.09305654974946306,0.013142803775664878,0.11429757678011002,0.40313786626589887,0.056937011796996145,0.4951578512909798,0.07205846497097271,0.6266629307763493,0.08850648293807113,0.0,0.0,0.0
27,0.9012168933428776,0.074960604095928,41943,80,0.8571428571428571,0.3464704385416333,0.0528820450149118,0.0,0,1,1,0,0,1,0,0,1,0.6424941513393626,0.07228401355547037,0.6190392084062234,0.2974866787334067,0.05153120884782695,0.48527063487693406,0.04036340220549969,0.2935883935267215,0.9012168933428776,0.074960604095928,0.8571428571428571,0.3464704385416333,0.0528820450149118,0.06755576274643761,0.7724716228653236,0.3122450122576351,0.04765819232195702,0.06425194636793828,0.025971633374461928,0.003964070040145846,0.2969746616071142,0.04532746715563868,0.018322065327294884,1.0,0.0,0.0
28,0.9076592698639944,0.6933034504676356,1383,53,0.3571428571428571,0.2623307793515659,0.912313866524628,0.0,0,0,0,1,0,0,0,0,1,0.6458769773429831,0.5266813254049318,0.30538164955118186,0.23295983702655385,0.6483139572891936,0.6688015672682064,0.5108551740287841,-0.6499830871730621,0.9076592698639944,0.6933034504676356,0.3571428571428571,0.2623307793515659,0.912313866524628,0.6292833036456421,0.32416402495142654,0.23810696364909492,0.8280701379765415,0.2476083751670127,0.18187483448830463,0.6325103515709946,0.09368956405413066,0.32582638090165283,0.23932800761864612,1.0,0.0,0.0
29,0.760200429491768,0.7784548823092146,60793,443,0.7142857142857143,0.2319104284078736,0.7333555918537942,0.0,0,0,0,0,0,1,0,0,1,0.5654276829592306,0.5757449436894334,0.538996500732687,0.20856615825386024,0.5500591782909332,0.44345025053686465,0.4540986813470418,-0.5014451634459206,0.760200429491768,0.7784548823092146,0.7142857142857143,0.2319104284078736,0.7333555918537942,0.5917817358714287,0.5430003067798344,0.17629840727928542,0.557497235897444,0.556039201649439,0.18053180525253076,0.5708842409473497,0.165650306005624,0.5238254227527102,0.1700728094821231,1.0,0.0,0.0
30,0.8310665712240515,0.6074384920584285,13392,80,0.3571428571428571,0.7699547038688221,0.5969831370423709,0.0,0,0,1,0,0,1,1,0,0,0.6048986228818262,0.4746419132924094,0.30538164955118186,0.570953955223718,0.4681163100302086,0.6123648419545642,0.44758625730621043,0.1729715668264512,0.8310665712240515,0.6074384920584285,0.3571428571428571,0.7699547038688221,0.5969831370423709,0.5048218248245063,0.29680948972287546,0.639883615742092,0.4961327287803812,0.21694231859229585,0.4677001242713712,0.362630536549328,0.2749838228102936,0.21320826322941816,0.4596499744961392,0.0,1.0,0.0
31,0.1610594130279169,0.2986697543253354,5866,80,0.0714285714285714,0.2827428808704679,0.5406899172915589,0.0,1,0,1,0,0,1,0,1,0,0.14933287541839638,0.2613404746699291,0.06899287148695142,0.24900066092819484,0.4322303143455591,0.15032211882605578,0.27875843737031303,-0.257947036421091,0.1610594130279169,0.2986697543253354,0.0714285714285714,0.2827428808704679,0.5406899172915589,0.04810357532083066,0.011504243787708346,0.045538402430819795,0.08708320070909141,0.02133355388038109,0.08444674676682021,0.1614877247636558,0.02019592006217627,0.03862070837796848,0.1528762248726304,0.0,0.0,1.0
32,0.6084466714387974,0.4063698910713277,9611,443,0.5,0.7819567128849236,0.8766822773406704,0.0,1,0,0,1,0,0,0,0,0,0.4752689129283673,0.34101183920946193,0.4054651081081644,0.5777120374432105,0.6295054717476511,0.40563111429253157,0.27091326071421845,-0.09472556445574676,0.6084466714387974,0.4063698910713277,0.5,0.7819567128849236,0.8766822773406704,0.24725440759529602,0.3042233357193987,0.47577895916405516,0.5334144135573156,0.20318494553566385,0.3177636642375399,0.35625728154709174,0.3909783564424618,0.4383411386703352,0.6855275918337795,0.0,0.0,1.0
33,0.8274874731567645,0.6600829987389225,57138,443,0.1428571428571429,0.1730686010704962,0.3392626549882525,0.0,0,0,0,0,0,0,0,0,0,0.602942057984522,0.5068676003588463,0.13353139262452268,0.1596230513973071,0.292119205044165,0.724051539012169,0.5775726238965573,-0.16619405391775627,0.8274874731567645,0.6600829987389225,0.1428571428571429,0.1730686010704962,0.3392626549882525,0.5462104127002108,0.11821249616525212,0.14321209938260102,0.28073559711268425,0.09429757124841753,0.11423964118216343,0.22394151066477416,0.024724085867213752,0.04846609356975037,0.05871571309427926,0.0,0.0,0.0
34,0.1324266284896206,0.3220657967497717,34253,53,0.1428571428571429,0.1174501195581889,0.1484704633493896,0.0,0,1,0,0,0,1,1,0,0,0.12436278907063736,0.279195510803514,0.13353139262452268,0.11104941076726962,0.1384310252276231,0.11587329992841804,0.28180757215605023,-0.031020343791200694,0.1324266284896206,0.3220657967497717,0.1428571428571429,0.1174501195581889,0.1484704633493896,0.04265008761539568,0.018918089784231523,0.015553523348793806,0.01966144289165145,0.046009399535681686,0.037826666333864056,0.04781725807242894,0.016778588508312705,0.02121006619276995,0.017437873671245514,0.0,1.0,0.0
35,0.0064423765211166,0.9585852957985752,63862,80,0.9285714285714284,0.342039593975187,0.3629738929913294,0.0,1,0,1,0,0,1,0,0,1,0.006421713113648319,0.6722224247702872,0.6567795363890704,0.29419054182155707,0.3096689984526923,0.0033404915294678672,0.4970442274511131,-0.02093429901614241,0.0064423765211166,0.9585852957985752,0.9285714285714284,0.342039593975187,0.3629738929913294,0.006175567403140352,0.005982206769608271,0.002203547849518,0.00233841448598563,0.8901149175272483,0.32787412536552923,0.3479414365802539,0.31760819440553073,0.33704718634909153,0.1241514429823473,1.0,0.0,1.0
36,0.6027201145311382,0.379020837277812,33932,443,0.3571428571428571,0.3984202553643365,0.9923933206197249,1.0,0,1,0,0,0,0,0,1,0,0.471702257341793,0.3213737091232631,0.30538164955118186,0.3353432104855254,0.6893365897820027,0.44410955807557545,0.2792785116783878,-0.5939730652553883,0.6027201145311382,0.379020837277812,0.3571428571428571,0.3984202553643365,0.9923933206197249,0.22844348245377072,0.21525718376112074,0.2401359019447182,0.5981354158638571,0.1353645847420757,0.1510095787766305,0.3761377472901962,0.14229294834440587,0.354426185935616,0.39538960022317265,0.0,0.0,0.0
37,0.4101646385110952,0.5030820350759199,11780,80,0.9285714285714284,0.8214251624786622,0.92534050918214,0.0,0,1,0,0,1,0,0,0,0,0.34370646247507236,0.4075176901701905,0.6567795363890704,0.5996192509670281,0.655102839983756,0.2126779607094568,0.2608573515208474,-0.1039153467034778,0.4101646385110952,0.5030820350759199,0.9285714285714284,0.8214251624786622,0.92534050918214,0.20634646105834079,0.3808671643317312,0.3369195548319781,0.3795419554483652,0.46714760399906835,0.4132442424023335,0.4655221864975389,0.762751936587329,0.8592447585262726,0.7600979781030273,0.0,0.0,0.0
38,0.8654259126700071,0.7543034204251973,1168,53,0.0,0.5246065445904149,0.9208105042417856,1.0,1,0,0,0,0,0,0,1,0,0.6234893984278286,0.5620718666890009,0.0,0.42173637322346497,0.6527472345905996,0.8654259126700071,0.7543034204251973,-0.3962039596513707,0.8654259126700071,0.7543034204251973,0.0,0.5246065445904149,0.9208105042417856,0.6527937260515845,0.0,0.4540080976448186,0.7968932710295767,0.0,0.3957125109619937,0.6945705129130295,0.0,0.0,0.4830632168528407,0.0,0.0,1.0
39,0.7315676449534717,0.2058344162765566,33486,80,0.7857142857142857,0.4881939101389267,0.5809008701112827,0.0,0,0,0,0,1,0,1,0,0,0.5490271513530655,0.18717178894197434,0.5798184952529422,0.39756324387409364,0.4579948555096838,0.40967788117394416,0.11526727311487171,-0.09270695997235595,0.7315676449534717,0.2058344162765566,0.7857142857142857,0.4881939101389267,0.5809008701112827,0.15058179916581305,0.5748031496062992,0.3571468691209614,0.4249682814987336,0.16172704136015162,0.10048710852321571,0.1195693915138997,0.383580929394871,0.4564221122302935,0.2835922671827319,0.0,1.0,0.0
40,0.8296349319971367,0.7973803513631886,47921,53,0.1428571428571429,0.0574339805176116,0.4212102695101198,0.0,0,1,0,0,0,1,1,0,0,0.6041164562404635,0.5863302444828121,0.13353139262452268,0.0558452002188967,0.35150881108157744,0.7259305654974946,0.69770780744279,-0.3637762889925082,0.8296349319971367,0.7973803513631886,0.1428571428571429,0.0574339805176116,0.4212102695101198,0.661534593579052,0.11851927599959099,0.04764923652105357,0.34945075330152386,0.11391147876616985,0.04579672756531967,0.3358647926997627,0.008204854359658804,0.06017289564430285,0.024191782412862153,0.0,1.0,0.0
41,0.2569792412312097,0.776956849923068,56362,80,1.0,0.5345135020553222,0.7350917575244281,0.0,1,0,0,1,0,1,1,0,0,0.2287114149381001,0.5749022663358022,0.6931471805599453,0.42821339403231024,0.5510602981816243,0.12848962061560484,0.388478424961534,-0.2005782554691059,0.2569792412312097,0.776956849923068,1.0,0.5345135020553222,0.7350917575244281,0.19966178176262087,0.2569792412312097,0.13735887418601334,0.18890332208394392,0.776956849923068,0.4152939267982505,0.5711345763305914,0.5345135020553222,0.7350917575244281,0.3929164696463838,0.0,1.0,1.0
42,0.6700071581961345,0.2428277726668285,31596,53,0.0714285714285714,0.1852248783530479,0.3889910252862547,1.0,1,0,0,1,0,0,0,0,1,0.5128279127644682,0.21738924513839455,0.06899287148695142,0.16993252734496692,0.3285776024743381,0.6253400143163923,0.22663925448903996,-0.20376614693320677,0.6700071581961345,0.2428277726668285,0.0714285714285714,0.1852248783530479,0.3889910252862547,0.16269634589559875,0.047857654156866734,0.12410199437255034,0.2606267714158442,0.017344840904773458,0.044977744652954885,0.09445782425764719,0.01323034845378913,0.027785073234732463,0.0720508153390739,1.0,0.0,1.0
43,0.7931281317108089,0.1710042559744183,8927,80,0.1428571428571429,0.5139030022104656,0.4513615331333955,0.0,0,0,0,1,0,1,1,0,0,0.5839616542620034,0.15786171908755653,0.13353139262452268,0.4146910857306751,0.37250210422653873,0.6939871152469578,0.149628723977616,0.06254146907707009,0.7931281317108089,0.1710042559744183,0.1428571428571429,0.5139030022104656,0.4513615331333955,0.1356282860555873,0.11330401881582988,0.40759092802376223,0.35798752950021634,0.024429179424916906,0.08787960053602051,0.07718474314894905,0.07341471460149511,0.06448021901905653,0.23195604695957048,0.0,1.0,0.0
44,0.3672154617036507,0.9679678724338644,14728,443,0.4285714285714286,0.0800939115824519,0.2658907883782125,0.0,1,0,1,0,0,0,0,0,0,0.31277616178371376,0.6770014735140152,0.3566749439387324,0.07704799252468371,0.2357760548968388,0.2570508231925555,0.6775775107037051,-0.18579687679576062,0.3672154617036507,0.9679678724338644,0.4285714285714286,0.0800939115824519,0.2658907883782125,0.355452769190102,0.1573780550158503,0.02941172272140145,0.097639208617053,0.41484337390022763,0.07752833318937201,0.2573737407262212,0.0343259621067651,0.11395319501923394,0.02129623329495298,0.0,0.0,1.0
45,0.0629921259842519,0.1078340922369796,15714,53,0.5714285714285714,0.5272646253611946,0.9797020694921666,0.0,0,0,0,0,1,0,1,0,0,0.06108769197983811,0.1024068408652875,0.4519851237430572,0.4234783087737447,0.6829463634312535,0.04008589835361485,0.06862169505989611,-0.4524374441309721,0.0629921259842519,0.1078340922369796,0.5714285714285714,0.5272646253611946,0.9797020694921666,0.006792698723589259,0.03599550056242965,0.033213519707791746,0.06171351618848287,0.06161948127827405,0.05685710224449554,0.1056452833263781,0.3012940716349683,0.5598297539955238,0.5165622446363742,0.0,1.0,0.0
46,0.8711524695776665,0.6449141268887658,35882,53,0.0714285714285714,0.0025761782113473,0.6291587244537928,0.0,0,0,1,0,1,0,0,0,0,0.6265545349272055,0.4976881803555068,0.06899287148695142,0.0025728655523725185,0.4880637616159168,0.8130756382724887,0.6019198517628481,-0.6265825462424456,0.8711524695776665,0.6449141268887658,0.0714285714285714,0.0025761782113473,0.6291587244537928,0.5618185343046729,0.06222517639840472,0.002244244010887376,0.5480931765642562,0.04606529477776897,0.0016614137218809064,0.4057533494555674,0.0001840127293819499,0.04493990888955661,0.0016208249974169209,0.0,0.0,0.0
47,0.7780959198282033,0.3577668446340047,46468,53,0.6428571428571429,0.8016698650738769,0.986792701279558,0.0,1,0,1,0,1,0,0,1,0,0.5755430837964075,0.30584132414126236,0.4964368863138911,0.5887139376706315,0.68652163063829,0.473623603373689,0.21777112282069852,-0.18512283620568104,0.7780959198282033,0.3577668446340047,0.6428571428571429,0.8016698650738769,0.986792701279558,0.2783769220595298,0.5002045198895593,0.6237760510632099,0.7678193745818751,0.2299929715504316,0.28681089806564924,0.35304171104465343,0.5153591989760637,0.6343667365368587,0.7910819716906698,0.0,0.0,1.0
48,0.9183965640658552,0.5655549224187694,33059,80,0.2142857142857143,0.6872037763354237,0.9199303090173256,0.0,0,0,1,0,1,0,0,1,0,0.6514897142479404,0.44824034415760383,0.19415601444095748,0.5230725884062292,0.6522888879941146,0.7563265821718808,0.46575111258016294,-0.2327265326819019,0.9183965640658552,0.5655549224187694,0.2142857142857143,0.6872037763354237,0.9199303090173256,0.5194036975399291,0.19679926372839757,0.6311255869995336,0.8448608349815523,0.12119034051830774,0.3886514784112659,0.5202711145469682,0.14725795207187653,0.19712792336085552,0.6321795823221195,0.0,0.0,0.0
49,0.443092340730136,0.8109438448703733,3592,443,0.5714285714285714,0.6841200075967162,0.4517390761225758,0.0,0,0,0,0,0,1,0,1,0,0.3667882699342974,0.5938481706184116,0.4519851237430572,0.5212431766994957,0.37276220061459014,0.2819678531919047,0.5160551740084194,0.2323809314741404,0.443092340730136,0.8109438448703733,0.5714285714285714,0.6841200075967162,0.4517390761225758,0.35932300642431,0.2531956232743634,0.3031283355063474,0.2001621246384212,0.46339648278307044,0.55478290931323,0.3663350232690319,0.39092571862669495,0.25813661492718615,0.3090437401887101,0.0,0.0,0.0
50,0.854688618468146,0.0627338406753835,6194,80,0.4285714285714286,0.3623251399693377,0.8307262482427213,0.0,1,0,0,1,0,0,0,1,0,0.6177168213051482,0.06084468294274636,0.3566749439387324,0.3091929016820995,0.6047127450896689,0.5982820329277022,0.04391368847276845,-0.46840110827338366,0.854688618468146,0.0627338406753835,0.4285714285714286,0.3623251399693377,0.8307262482427213,0.05361789961804431,0.36629512220063404,0.3096751733166709,0.7100122694357976,0.0268859317180215,0.022730047603522454,0.05211464810211796,0.15528220284400188,0.3560255349611663,0.30099300417074676,0.0,0.0,1.0
51,0.8969219756621332,0.6420920594416812,43130,80,0.0,0.1595974884444126,0.3470391307964255,0.0,0,0,0,1,0,0,0,0,1,0.6402325597233061,0.4959710748920522,0.0,0.14807295218203526,0.2979089473376963,0.8969219756621332,0.6420920594416812,-0.1874416423520129,0.8969219756621332,0.6420920594416812,0.0,0.1595974884444126,0.3470391307964255,0.5759064785114005,0.0,0.14314649464627702,0.3112670228259994,0.0,0.10247628003699281,0.22283107019992784,0.0,0.0,0.055386573667041514,1.0,0.0,0.0
52,0.01932712956335,0.0940095542473694,36624,80,0.5,0.0855249488187919,0.5443241857902124,0.0,1,0,0,1,0,1,0,0,1,0.019142732714959226,0.08984943727734844,0.4054651081081644,0.08206369378354994,0.4345863944530758,0.012884753042233334,0.06267303616491293,-0.45879923697142044,0.01932712956335,0.0940095542473694,0.5,0.0855249488187919,0.5443241857902124,0.0018169348351316887,0.009663564781675,0.0016529517667196686,0.010520224063232431,0.0470047771236847,0.008040162315483709,0.05117167407220015,0.04276247440939595,0.2721620928951062,0.04655329813053848,1.0,0.0,1.0
53,0.9083750894774516,0.6567042549075051,28704,53,0.6428571428571429,0.521966250897048,0.8797406721509483,0.0,1,0,1,0,0,0,1,0,0,0.6462521414816921,0.5048302402620113,0.4964368863138911,0.4200030850129915,0.6311338269819732,0.5529239675080141,0.39973302472630745,-0.35777442125390035,0.9083750894774516,0.6567042549075051,0.6428571428571429,0.521966250897048,0.8797406721509483,0.5965337863118281,0.5839554146640761,0.47414113986281586,0.7991345117820711,0.42216702101196757,0.3427774578822097,0.5777294426167162,0.33554973271953087,0.5655475749541811,0.4591949404042795,0.0,1.0,1.0
54,0.4523979957050823,0.9431730317214152,28389,53,0.2857142857142857,0.0045337002001843,0.5874196181125574,0.0,0,1,0,0,1,0,0,0,0,0.3732159805688529,0.6643222203270056,0.2513144282809061,0.004523453938744619,0.4621098162429459,0.35186510777061963,0.7335790246722119,-0.5828859179123731,0.4523979957050823,0.9431730317214152,0.2857142857142857,0.0045337002001843,0.5874196181125574,0.42668958915385424,0.1292565702014521,0.0020510368836911077,0.26574745787196585,0.26947800906326147,0.004276063762723813,0.5540383421078567,0.0012953429143383712,0.16783417660358782,0.002663184440229086,0.0,0.0,0.0
55,0.4423765211166786,0.0888847518459152,14895,80,0.0,0.7175966524562698,0.284937622184775,0.0,0,1,0,1,0,1,0,1,0,0.36629211512382154,0.08515400900790947,0.0,0.540926018614693,0.25071017412206353,0.4423765211166786,0.0888847518459152,0.4326590302714948,0.4423765211166786,0.0888847518459152,0.0,0.7175966524562698,0.284937622184775,0.03932052730191524,0.0,0.3174479106785789,0.1260497140373593,0.0,0.06378340037903499,0.025326609839458863,0.0,0.0,0.20447028383864388,0.0,0.0,0.0
56,0.3242662848962061,0.8576073411658742,45029,443,0.6428571428571429,0.8978812232927877,0.1917759622099246,0.0,0,0,0,1,0,1,0,0,0,0.28085855881540867,0.619289283916361,0.4964368863138911,0.6407381182994926,0.17544459981195346,0.1973794777629081,0.5220218598400974,0.7061052610828631,0.3242662848962061,0.8576073411658742,0.6428571428571429,0.8978812232927877,0.1917759622099246,0.2780931464195712,0.2084568974332754,0.2911526085552132,0.06218647879820747,0.5513190050352049,0.7700295285908904,0.16446847305038062,0.5772093578310779,0.12328454713495154,0.17219203554719853,0.0,0.0,0.0
57,0.0787401574803149,0.0017712189014971,59363,53,0.1428571428571429,0.462777667985172,0.8469316475977618,0.0,0,0,0,1,0,0,0,0,0,0.0757938393695336,0.0017696521430738662,0.13353139262452268,0.3803371405544393,0.6135256932760976,0.06889763779527555,0.0015498165388099627,-0.38415397961258985,0.0787401574803149,0.0017712189014971,0.1428571428571429,0.462777667985172,0.8469316475977618,0.00013946605523599203,0.011248593925759276,0.03643918645552533,0.06668753130691034,0.00025303127164244294,0.0008196805527260861,0.0015001013425012368,0.06611109542645316,0.12099023537110888,0.39194105281813174,0.0,0.0,0.0
58,0.6750178954903364,0.2493276679535627,48428,53,0.0714285714285714,0.9163012240684604,0.6125921544081043,0.0,0,0,0,1,1,0,0,0,0,0.5158238490947853,0.22260554097544907,0.06899287148695142,0.6503968822587214,0.4778429180753201,0.6300167024576473,0.2327058234233252,0.30370906966035605,0.6750178954903364,0.2493276679535627,0.0714285714285714,0.9163012240684604,0.6125921544081043,0.1683006377095273,0.048215563963595436,0.6185197239059114,0.4135106668624498,0.017809119139540187,0.22845924733998416,0.15273617326522146,0.06545008743346142,0.04375658245772172,0.5613189409388812,0.0,0.0,0.0
59,0.9885468861846812,0.0506573491357867,39380,53,0.7857142857142857,0.2766044869546462,0.3334848385606364,0.0,1,0,0,0,1,0,1,0,0,0.6874041640573272,0.04941601507987537,0.5798184952529422,0.2442038086030667,0.2877956949169814,0.5535862562634215,0.028368115516040553,-0.0568803516059902,0.9885468861846812,0.0506573491357867,0.7857142857142857,0.2766044869546462,0.3334848385606364,0.05007716475055219,0.7767154105736781,0.27343650428372673,0.3296653987489182,0.03980220289240383,0.014012050068186668,0.01689345789845762,0.21733209689293628,0.2620238017262143,0.09224340267721783,0.0,1.0,1.0
60,0.6685755189692197,0.7746664417868847,15245,80,0.9285714285714284,0.0990203211461819,0.5231414146505919,0.0,1,0,0,1,0,0,1,0,0,0.5119702797787953,0.573612485148116,0.6567795363890704,0.0944191658294091,0.42077492229492414,0.34666878761366954,0.4016788957413477,-0.4241210935044101,0.6685755189692197,0.7746664417868847,0.9285714285714284,0.0990203211461819,0.5231414146505919,0.5179230183457053,0.6208201247571324,0.06620256259880736,0.34975954279431126,0.7193331245163928,0.07670771984690734,0.40526009823873127,0.09194744106431174,0.48577417074697815,0.05180163088356952,0.0,1.0,1.0
61,0.117394416607015,0.8147542909821821,8309,443,0.3571428571428571,0.6044658410724395,0.0599422929331626,0.0,0,1,1,0,0,0,0,0,1,0.11099956125847021,0.5959500816832175,0.30538164955118186,0.47279089188801254,0.05821446601293905,0.08650114907885315,0.6003452670395025,0.544523548139277,0.117394416607015,0.8147542909821821,0.3571428571428571,0.6044658410724395,0.0599422929331626,0.0956476046679154,0.04192657735964821,0.07096091477156768,0.0070368905089754205,0.2909836753507793,0.4924911377659238,0.04883824037860516,0.2158806575258712,0.021407961761843782,0.036233068513654675,1.0,0.0,0.0
62,0.0694345025053686,0.0980619979450291,56660,443,0.0,0.3752993648522249,0.3934131741563706,0.0,0,1,1,0,0,0,1,0,0,0.06713000643580075,0.09354680592409266,0.0,0.3186714273135256,0.3317562582529602,0.0694345025053686,0.0980619979450291,-0.01811380930414569,0.0694345025053686,0.0980619979450291,0.0,0.3752993648522249,0.3934131741563706,0.006808886041995574,0.0,0.026058724689095057,0.02731644802660553,0.0,0.036802605544909606,0.03857888187566939,0.0,0.0,0.14764771438538365,0.0,1.0,0.0
63,0.3528990694345024,0.8854782200960853,41359,53,0.8571428571428571,0.4592168907698433,0.0542383926556442,0.0,0,1,0,0,0,0,1,0,0,0.30224974879672617,0.6341814863878694,0.6190392084062234,0.37789991563404124,0.05281860353473377,0.19002257584934742,0.4767959646671229,0.40497849811419906,0.3528990694345024,0.8854782200960853,0.8571428571428571,0.4592168907698433,0.0542383926556442,0.312484439876428,0.30248491665814486,0.16205721342128324,0.019140678295799986,0.7589813315109303,0.4066265550769393,0.04802691538959242,0.3936144778027228,0.04649005084769503,0.024907186035678833,0.0,1.0,0.0
64,0.3758052970651395,0.3302536375187083,7852,53,0.6428571428571429,0.388185290789063,0.995832082874886,0.0,1,0,1,0,0,1,0,0,1,0.3190392302732759,0.28536962895307866,0.4964368863138911,0.32799734797977464,0.6910610475342237,0.22875105038747623,0.20102395327225722,-0.6076467920858231,0.3758052970651395,0.3302536375187083,0.6428571428571429,0.388185290789063,0.995832082874886,0.12411106635456107,0.2415891195418754,0.14588208852130138,0.37423897173179316,0.21230590983345535,0.12819960431434557,0.3288771677272629,0.24954768693582624,0.6401777675624267,0.3865673666678659,1.0,0.0,1.0
65,0.5075161059413028,0.3207975991188846,61154,443,0.0714285714285714,0.1670798016205177,0.3136225070050339,0.0,0,0,1,0,1,0,0,1,0,0.410463333436959,0.2782357958744645,0.06899287148695142,0.15450473281783006,0.27278859340377065,0.47368169887854933,0.299411092510959,-0.14654270538451622,0.5075161059413028,0.3207975991188846,0.0714285714285714,0.1670798016205177,0.3136225070050339,0.16280994830013543,0.03625115042437876,0.08479569029989051,0.15916847349074378,0.022914114222777462,0.0535987992211216,0.10060934727686045,0.011934271544322687,0.0224016076432167,0.05239998625413048,0.0,0.0,0.0
66,0.2047244094488189,0.6955695917426021,61320,80,1.0,0.9177499415831872,0.9089994730880324,0.0,0,0,0,0,1,0,0,0,1,0.1862508349338442,0.5280187267088561,0.6931471805599453,0.6511525933961483,0.6465792687289221,0.10236220472440945,0.34778479587130107,0.008750468495154817,0.2047244094488189,0.6955695917426021,1.0,0.9177499415831872,0.9089994730880324,0.14240007390006026,0.2047244094488189,0.18788581481230604,0.186094380317235,0.6955695917426021,0.6383589521888146,0.6322723923900831,0.9177499415831872,0.9089994730880324,0.8342342133256897,1.0,0.0,0.0
67,0.654974946313529,0.4678121727527327,59817,443,0.5714285714285714,0.4811885829358138,0.4244840519981994,0.0,0,0,0,0,0,1,0,0,0,0.5037858705353063,0.3837729742901944,0.4519851237430572,0.3928448620447715,0.3538096793846962,0.41680223856315485,0.29769865538810264,0.056704530937614406,0.654974946313529,0.4678121727527327,0.5714285714285714,0.4811885829358138,0.4244840519981994,0.30640525273353647,0.37427139789344516,0.3151664662750678,0.27802641916846993,0.2673212415729901,0.22510587648701155,0.1985788066641616,0.2749649045347507,0.2425623154275425,0.20425687945986587,0.0,0.0,0.0
68,0.1037938439513242,0.5550409052337951,31844,443,0.3571428571428571,0.4835559362189778,0.9247013818357958,0.0,0,0,0,0,0,0,1,0,0,0.09875319486631293,0.4415018509017993,0.30538164955118186,0.3944418656118676,0.6547708293873485,0.0764796744904494,0.4089775091196385,-0.44114544561681795,0.1037938439513242,0.5550409052337951,0.3571428571428571,0.4835559362189778,0.9247013818357958,0.05760982910443825,0.03706922998261578,0.05019012938564906,0.09597831092783844,0.19822889472635538,0.26839332457015674,0.5132470920450813,0.1726985486496349,0.3302504935127841,0.4471448424165907,0.0,1.0,0.0
69,0.4946313528990694,0.0617496145437274,9357,443,1.0,0.6827239810674479,0.3388445434530733,1.0,0,0,0,1,0,1,0,0,1,0.40187958974556753,0.05991812717254081,0.6931471805599453,0.5204138976393593,0.2918069609795364,0.2473156764495347,0.0308748072718637,0.3438794376143746,0.4946313528990694,0.0617496145437274,1.0,0.6827239810674479,0.3388445434530733,0.030543295382759933,0.4946313528990694,0.3376966864120304,0.16760313495066115,0.0617496145437274,0.04215794267067395,0.020923519948472566,0.6827239810674479,0.3388445434530733,0.23133729566926406,1.0,0.0,0.0
70,0.0279169649248389,0.3111021147380268,38255,53,0.5714285714285714,0.8210582498868346,0.922023803731363,0.0,0,1,0,0,0,0,0,0,1,0.027534390351207635,0.2708680924713705,0.4519851237430572,0.5994177880904517,0.6533786953472479,0.017765341315806572,0.19797407301510797,-0.10096555384452832,0.0279169649248389,0.3111021147380268,0.5714285714285714,0.8210582498868346,0.922023803731363,0.0086850268251847,0.015952551385622227,0.022921454363340373,0.025740106188635006,0.17777263699315815,0.2554329578628975,0.2868435551796264,0.4691761427924769,0.5268707449893503,0.7570352506456751,1.0,0.0,0.0
71,0.9699355762347888,0.970870388353358,8281,80,0.9285714285714284,0.4532604440025212,0.2115390208403072,0.0,0,1,0,0,0,1,0,1,0,0.6780008397962725,0.6784752666746844,0.6567795363890704,0.3738096142258446,0.19189146945596663,0.5029295580476683,0.503414275442482,0.24172142316221398,0.9699355762347888,0.970870388353358,0.9285714285714284,0.4532604440025212,0.2115390208403072,0.9416817295768075,0.9006544636465894,0.43963342993802157,0.20517922207488637,0.9015225034709752,0.44005714329394324,0.20537697131511815,0.420884698002341,0.19642909078028523,0.09588227050993622,0.0,0.0,0.0
72,0.9670722977809592,0.1896907632210887,6908,53,0.8571428571428571,0.5578512648483134,0.610438534820064,0.0,0,0,0,1,1,0,0,0,1,0.6765462940852781,0.17369341051381856,0.6190392084062234,0.44330747745390203,0.4765065237829795,0.5207312372666703,0.10214118019597083,-0.05258726997175067,0.9670722977809592,0.1896907632210887,0.8571428571428571,0.5578512648483134,0.610438534820064,0.1834446822560421,0.8289191123836792,0.5394825045168729,0.5903381965224814,0.16259208276093315,0.10581923219292624,0.11579455156958107,0.47815822701284,0.5232330298457691,0.3405339087615239,1.0,0.0,0.0
73,0.8489620615604867,0.6093167620225686,12031,80,0.6428571428571429,0.0270335590781947,0.7802184463041054,0.0,0,0,0,1,1,0,0,0,0,0.6146244338388787,0.47580971751078593,0.4964368863138911,0.026674607217019936,0.5767360794169422,0.5167595157324701,0.3708884638398244,-0.7531848872259107,0.8489620615604867,0.6093167620225686,0.6428571428571429,0.0270335590781947,0.7802184463041054,0.5172868144300403,0.5457613252888843,0.02295046604634138,0.6623758606418533,0.3917036327287941,0.01647200068347141,0.4754001773722968,0.01737871655026802,0.5015690011954964,0.021092081462059313,0.0,0.0,0.0
74,0.9119541875447388,0.5407636578361065,7449,53,0.3571428571428571,0.9248771610106044,0.3861737090571073,0.0,1,0,0,1,0,0,0,1,0,0.648125853852999,0.4322781752285897,0.30538164955118186,0.6548621532416221,0.32654722412444565,0.671966243454018,0.39845743208976264,0.538703451953497,0.9119541875447388,0.5407636578361065,0.3571428571428571,0.9248771610106044,0.3861737090571073,0.4931516822356476,0.32569792412312093,0.8434455999481103,0.35217273109431263,0.19312987779860943,0.500139956637168,0.2088287074698577,0.3303132717895015,0.13791918180610974,0.3571632436896725,0.0,0.0,1.0
75,0.9613457408733,0.3956433025464055,55202,443,0.9285714285714284,0.1036189197718302,0.4544402455417792,0.0,0,0,0,0,0,0,0,0,1,0.6736308401251541,0.3333554577556939,0.6567795363890704,0.09859470690000696,0.3746211156353572,0.49847556934171117,0.2051483790981362,-0.350821325769949,0.9613457408733,0.3956433025464055,0.9285714285714284,0.1036189197718302,0.4544402455417792,0.3803500038080334,0.8926781879537784,0.09961360719654114,0.43687419453300613,0.3673830666502336,0.04099613162481794,0.17979623955614896,0.0962175683595566,0.4219802280030806,0.04708860734388443,1.0,0.0,0.0
76,0.6793128131710808,0.914007084528042,30769,80,0.8571428571428571,0.0460488161428971,0.6903309530178605,0.0,0,0,0,1,0,1,0,0,0,0.5183846699564589,0.6491989944492215,0.6190392084062234,0.045020033906424894,0.524924339950837,0.3657838224767358,0.4921576608997149,-0.6442821368749634,0.6793128131710808,0.914007084528042,0.8571428571428571,0.0460488161428971,0.6903309530178605,0.620896723849042,0.5822681255752121,0.03128155083722931,0.4689506617136361,0.7834346438811788,0.042088944188737216,0.6309673817273195,0.03947041383676894,0.5917122454438805,0.0317889231332704,0.0,0.0,0.0
77,0.9520400858983536,0.9071386416507068,53865,80,0.3571428571428571,0.7640614712530809,0.2414793215447747,0.0,1,0,1,0,1,0,1,0,0,0.6688750235886268,0.6456040254180865,0.30538164955118186,0.5676188046265732,0.21630366980221985,0.7015032211882606,0.6684179464794682,0.5225821497083062,0.9520400858983536,0.9071386416507068,0.3571428571428571,0.7640614712530809,0.2414793215447747,0.8636323503188548,0.3400143163922691,0.7274171487234056,0.22989799402616345,0.3239780863038238,0.6931096851701604,0.21905522373286118,0.2728790968761003,0.08624261483741952,0.18450504569669635,0.0,1.0,1.0
78,0.0408017179670723,0.2954709814451882,31914,53,0.0,0.6206760751221774,0.7459612659849683,0.0,1,0,0,1,1,0,0,0,0,0.039991298836502855,0.2588743212671776,0.0,0.4828433925085459,0.5573052727411882,0.0408017179670723,0.2954709814451882,-0.12528519086279089,0.0408017179670723,0.2954709814451882,0.0,0.6206760751221774,0.7459612659849683,0.01205572365238062,0.0,0.02532465016604446,0.03043650118907888,0.0,0.1833917690758971,0.22040990738067365,0.0,0.0,0.4630003107647207,0.0,0.0,1.0
79,0.4767358625626342,0.4860835756620029,64858,53,0.9285714285714284,0.3271687924785622,0.0918832035805701,0.0,0,1,0,1,0,0,0,0,0,0.38983415381429004,0.39614418674769286,0.6567795363890704,0.2830479458130644,0.08790391517441731,0.24719637318062518,0.252043335528446,0.23528558889799206,0.4767358625626342,0.4860835756620029,0.9285714285714284,0.3271687924785622,0.0918832035805701,0.23173347272075442,0.44268330095101743,0.15597309648584282,0.04380401831400121,0.45136332025757403,0.1590313764929993,0.044662916139723265,0.30379959301580767,0.08532011761052936,0.03006131676451702,0.0,0.0,0.0
80,0.9606299212598426,0.3747775265832502,21286,53,0.7857142857142857,0.4633898365796565,0.6806676237460547,0.0,1,0,0,1,1,0,0,0,0,0.6732658100061164,0.3182919191791435,0.5798184952529422,0.38075555037032327,0.5191911095615903,0.5379527559055118,0.20987541488662012,-0.21727778716639823,0.9606299212598426,0.3747775265832502,0.7857142857142857,0.4633898365796565,0.6806676237460547,0.3600225058516262,0.7547806524184477,0.44514614222612675,0.6538696858032967,0.2944680566011251,0.17366809679714018,0.25509892845284476,0.36409201445544437,0.5348102758004716,0.3154144589327474,0.0,0.0,1.0
81,0.3192555476020042,0.178528834407774,47322,80,0.0714285714285714,0.9279717502090276,0.4841313338612824,0.0,0,1,1,0,1,0,0,0,0,0.2770675984128614,0.16426691013569783,0.06899287148695142,0.6564685436997969,0.3948296407358275,0.29797184442853725,0.16662691211392242,0.4438404163477452,0.3192555476020042,0.178528834407774,0.0714285714285714,0.9279717502090276,0.4841313338612824,0.05699632079160142,0.02280396768585743,0.2962601292721733,0.15456161410317243,0.01275205960055528,0.1656697149281597,0.08643140273453563,0.06628369644350193,0.034580809561520154,0.4492602012142852,0.0,0.0,0.0
82,0.4230493915533285,0.3970554854190939,9122,443,0.4285714285714286,0.3192458297755554,0.2920950015408904,0.0,0,0,0,1,0,1,0,0,1,0.3528020279595575,0.334366797037352,0.3566749439387324,0.27706023224164605,0.25626493326157207,0.29613457408732996,0.27793883979336576,0.02715082823466497,0.4230493915533285,0.3970554854190939,0.4285714285714286,0.3192458297755554,0.2920950015408904,0.16797408151945917,0.18130688209428364,0.13505675404248618,0.12357061267764223,0.17016663660818312,0.12675830790955456,0.11597792262530923,0.1368196413323809,0.12518357208895303,0.09325011114021368,1.0,0.0,0.0
83,0.7702219040801718,0.7464488890759812,51079,53,0.5714285714285714,0.8226319618633093,0.9106122275840668,0.0,0,0,1,0,1,0,0,0,0,0.5711049082644544,0.5575845200646876,0.4519851237430572,0.6002815893374689,0.6474237286993376,0.49014121168738206,0.475012929411988,-0.08798026572075746,0.7702219040801718,0.7464488890759812,0.5714285714285714,0.8226319618633093,0.9106122275840668,0.5749312846426311,0.4401268023315267,0.6336091560235654,0.7013734838084866,0.4265422223291321,0.6140527140512622,0.6797254856591312,0.47007540677903387,0.5203498443337524,0.7490987232741992,0.0,0.0,0.0
84,0.3042233357193987,0.0503595667964631,24394,80,0.9285714285714284,0.3136914590393278,0.0459154770825287,0.0,0,1,0,1,1,0,0,0,1,0.2656077185629418,0.04913255011673352,0.6567795363890704,0.2728410820177703,0.044892556529319776,0.1577454333359845,0.026112367968536426,0.26777598195679914,0.3042233357193987,0.0503595667964631,0.9285714285714284,0.3136914590393278,0.0459154770825287,0.015320555396203877,0.2824930974537273,0.09543226205562944,0.013968559599194486,0.04676245488243001,0.015797365984970998,0.0023122835351290748,0.2912849262508043,0.042635800148062356,0.014403292998505247,1.0,0.0,0.0
85,0.4953471725125268,0.0409043207386146,21869,443,0.5,0.5306990180437747,0.9710014351649942,0.0,0,1,1,0,0,0,0,0,1,0.4023584022996039,0.04008987449485007,0.4054651081081644,0.4257245056073646,0.6785417563108529,0.33023144834168455,0.0272695471590764,-0.4403024171212194,0.4953471725125268,0.0409043207386146,0.5,0.5306990180437747,0.9710014351649942,0.020261839621418254,0.2476735862562634,0.26288025804315823,0.4809828154145855,0.0204521603693073,0.021707882849730378,0.039718154141644015,0.26534950902188736,0.4855007175824971,0.5153095081611584,1.0,0.0,0.0
86,0.376521116678597,0.9700907865193952,55480,80,0.7857142857142857,0.8172881094562268,0.2127190395830918,0.0,0,0,0,0,0,0,1,0,0,0.3195593863318179,0.6780796262156497,0.5798184952529422,0.5973453401112563,0.19286497871658756,0.21085182534001434,0.5432508404508614,0.604569069873135,0.376521116678597,0.9700907865193952,0.7857142857142857,0.8172881094562268,0.2127190395830918,0.36525966621990114,0.2958380202474691,0.3077262316205979,0.0800932103226244,0.7622141894080962,0.7928436649153405,0.20635678041681188,0.6421549431441782,0.16713638824385785,0.17385274170620937,0.0,1.0,0.0
87,0.4910522548317824,0.1150167334254166,35758,53,0.2857142857142857,0.9644020936549752,0.0147091225333749,1.0,0,0,0,0,0,0,0,0,0,0.3994820820040102,0.10886941235589727,0.2513144282809061,0.6751879209810892,0.014601992637351366,0.38192953153583076,0.08945745933087959,0.9496929711216003,0.4910522548317824,0.1150167334254166,0.2857142857142857,0.9644020936549752,0.0147091225333749,0.05647922629193686,0.1403006442376521,0.47357182265376735,0.007222947786610724,0.032861923835833314,0.11092237852082794,0.0016917952253429694,0.2755434553299929,0.004202606438107114,0.014185508567014326,0.0,0.0,0.0
88,0.4831782390837509,0.890087703477605,5605,80,0.0,0.2669170216604142,0.8066824503554108,0.0,1,0,0,1,0,0,1,0,0,0.39418724412241185,0.6366232319513255,0.0,0.23658640721357788,0.5914922631043669,0.4831782390837509,0.890087703477605,-0.5397654286949966,0.4831782390837509,0.890087703477605,0.0,0.2669170216604142,0.8066824503554108,0.430071009196409,0.0,0.12896849650735834,0.3897714058624927,0.0,0.23757955882880022,0.7180181296725346,0.0,0.0,0.21531727707459117,0.0,1.0,1.0
89,0.572655690765927,0.2817129416042992,10852,53,0.4285714285714286,0.026538687075738,0.3791818294863938,0.0,0,0,0,1,0,1,0,0,1,0.4527657131276484,0.24819741892065586,0.3566749439387324,0.026192645101527863,0.32149044616416617,0.4008589835361489,0.19719905912300945,-0.3526431424106558,0.572655690765927,0.2817129416042992,0.4285714285714286,0.026538687075738,0.3791818294863938,0.16132451917211124,0.2454238674711116,0.015197530179377526,0.2171406324904188,0.12073411783041396,0.00747629160242215,0.1068204285875118,0.011373723032459144,0.16250649835131165,0.010062987917545249,1.0,0.0,0.0
90,0.740873299928418,0.8575712931835758,61522,53,0.7142857142857143,0.6855357161571742,0.046414746000372,0.0,0,1,1,0,0,1,0,1,0,0.5543868838290957,0.6192698781295349,0.538996500732687,0.5220834457120095,0.045369793747241906,0.43217609162491044,0.5002499210237525,0.6391209701568022,0.740873299928418,0.8575712931835758,0.7142857142857143,0.6855357161571742,0.046414746000372,0.6353516739047966,0.5291952142345843,0.507895108248157,0.03438744603463494,0.6125509237025542,0.5878957506284367,0.03980395375032622,0.4896683686836959,0.033153390000265716,0.031818966139618356,0.0,0.0,0.0
91,0.6005726556907659,0.866048767645353,47588,443,0.7857142857142857,0.7019681094915056,0.0786298710790269,0.0,0,0,1,0,0,1,0,1,0,0.47036147501802794,0.6238232369418167,0.5798184952529422,0.5317852928966197,0.07569159784404274,0.33632068718682895,0.4849873098813977,0.6233382384124787,0.6005726556907659,0.866048767645353,0.7857142857142857,0.7019681094915056,0.0786298710790269,0.5201252083424847,0.47187851518560175,0.42158285172753984,0.047222950490553736,0.6804668888642059,0.6079386161514566,0.06809730294810423,0.5515463717433258,0.061780612990663994,0.05519566195090532,0.0,0.0,0.0
92,0.1109520400858983,0.8978492511551874,22177,80,0.5714285714285714,0.2637318401473507,0.7618011928685957,0.0,1,0,0,0,0,0,1,0,0,0.1052173414862022,0.6407212719307547,0.4519851237430572,0.2340691214351337,0.5663366907671148,0.0706058436910262,0.5713586143714829,-0.49806935272124503,0.1109520400858983,0.8978492511551874,0.5714285714285714,0.2637318401473507,0.7618011928685957,0.09961820610526413,0.06340116576337046,0.029261585699956575,0.08452339648864157,0.5130567149458214,0.2367914351820784,0.6839826305461971,0.15070390865562897,0.43531496735348324,0.20091123042168155,0.0,1.0,1.0
93,0.7258410880458125,0.582971214269782,18337,443,0.7142857142857143,0.2824010142442184,0.7654510884097255,0.0,1,0,1,0,0,1,0,0,0,0.5457145189242093,0.45930359644407714,0.538996500732687,0.2487341132082602,0.5684062319015617,0.4234073013600573,0.3400665416573728,-0.48305007416550716,0.7258410880458125,0.582971214269782,0.7142857142857143,0.2824010142442184,0.7654510884097255,0.42314446046496706,0.5184579200327232,0.20497825944426445,0.5555958508571666,0.41640801019270146,0.16463166218497,0.446235950474344,0.2017150101744417,0.5467507774355183,0.21616416372124736,0.0,0.0,1.0
94,0.8962061560486757,0.6122924369347575,11042,53,0.1428571428571429,0.8597683442141895,0.8398608572509491,0.0,1,0,0,1,0,0,0,1,0,0.639855130015108,0.47765704012172494,0.13353139262452268,0.6204519338471941,0.609689947702211,0.7841803865425913,0.5357558823179129,0.019907486963240406,0.8962061560486757,0.6122924369347575,0.1428571428571429,0.8597683442141895,0.8398608572509491,0.5487402512829752,0.12802945086409656,0.7705296828605334,0.7526884704926186,0.08747034813353682,0.5264296546782675,0.5142404509722981,0.12282404917345568,0.11998012246442133,0.7220857786089582,0.0,0.0,1.0
95,0.9269863994273444,0.7595607054520775,30034,80,0.2142857142857143,0.9589507491293352,0.2267061695187588,0.0,1,0,1,0,0,0,1,0,0,0.6559573315076567,0.5650641787200461,0.19415601444095748,0.6724089978241807,0.20433266640624276,0.7634005642342836,0.6255205809605344,0.7322445796105764,0.9269863994273444,0.7595607054520775,0.2142857142857143,0.9589507491293352,0.2267061695187588,0.704102443493515,0.19863994273443095,0.8889343021635571,0.2101535358101594,0.16276300831115947,0.7283813075024761,0.1721970980500067,0.2054894462420004,0.04857989346830546,0.2174000510922558,0.0,1.0,1.0
96,0.3156764495347172,0.7690357759484465,8182,80,0.1428571428571429,0.5615447392511745,0.1173908273066815,0.0,0,0,0,0,0,0,0,0,0,0.27435094365867047,0.5704346387992921,0.13353139262452268,0.4456755487882357,0.11099634904795176,0.2762168933428776,0.6729063039548907,0.44415391194449305,0.3156764495347172,0.7690357759484465,0.1428571428571429,0.5615447392511745,0.1173908273066815,0.24276648331658185,0.045096635647816755,0.1772664495417093,0.037057519572116344,0.10986225370692097,0.4318479942797951,0.0902777459670239,0.08022067703588211,0.016770118186668792,0.06592020151041013,0.0,0.0,0.0
97,0.6342161775232641,0.7651627611945924,3622,443,0.5714285714285714,0.8341051176352048,0.6919912226811517,0.0,1,0,0,1,0,0,0,1,0,0.49116328727283365,0.5682429021079018,0.4519851237430572,0.6065566882415011,0.5259060736298857,0.4035921129693499,0.4869217571238315,0.14211389495405313,0.6342161775232641,0.7651627611945924,0.5714285714285714,0.8341051176352048,0.6919912226811517,0.48527860158798053,0.362409244299008,0.5290029593591921,0.43887202812848986,0.43723586353976707,0.6382261749362935,0.5294859146691321,0.47663149579154557,0.3954235558178009,0.5771934201969912,0.0,0.0,1.0
98,0.6198997852541159,0.2192935041985617,46168,443,0.7142857142857143,0.1681899239985949,0.1218141853396615,0.0,1,0,0,0,0,0,0,1,0,0.4823642863765755,0.19827159608572925,0.538996500732687,0.15545547735026669,0.11494718317141338,0.36160820806490096,0.1279212107824943,0.046375738658933394,0.6198997852541159,0.2192935041985617,0.7142857142857143,0.1681899239985949,0.1218141853396615,0.13593999616031097,0.4427855608957971,0.10426089776863505,0.07551258733296123,0.15663821728468694,0.03688295780454164,0.026713059564227433,0.12013565999899635,0.0870101323854725,0.02048791857422842,0.0,0.0,1.0
99,0.2147458840372225,0.2489036256856733,20987,443,0.5714285714285714,0.3461690922220777,0.5584755490991651,0.0,0,1,1,0,0,1,0,1,0,0.1945349059772644,0.2222660669859579,0.4519851237430572,0.29726284905448325,0.44370813136247717,0.13665647166005068,0.15839321634542847,-0.21230645687708738,0.2147458840372225,0.2489036256856733,0.5714285714285714,0.3461690922220777,0.5584755490991651,0.05345102913793984,0.12271193373555571,0.07433838773559288,0.11993032550447347,0.14223064324895618,0.08616274215439336,0.13900658902757945,0.19781090984118724,0.31912888519952287,0.19332697385988437,0.0,0.0,0.0
100,0.3593414459556191,0.6702204647284425,38133,80,0.7142857142857143,0.8303555448825986,0.5415510455249585,0.0,0,1,0,1,0,1,0,0,0,0.307000351555324,0.5129556325229265,0.538996500732687,0.6045102348031814,0.4327890819865017,0.20961584347411114,0.3909619377582581,0.2888044993576401,0.3593414459556191,0.6702204647284425,0.7142857142857143,0.8303555448825986,0.5415510455249585,0.24083799090456556,0.25667246139687083,0.29838116215537897,0.1946017357577159,0.478728903377459,0.5565212791810543,0.36295859340591163,0.5931111034875705,0.3868221753749703,0.44967991348861786,0.0,0.0,0.0
101,0.7007874015748031,0.0403039364547661,38383,443,0.0,0.6007256352804582,0.4021356539619456,0.0,0,0,0,1,0,1,0,0,0,0.5310913212255737,0.03951291704868578,0.0,0.47045704848598013,0.3379965413938551,0.7007874015748031,0.0403039364547661,0.19858998131851258,0.7007874015748031,0.0403039364547661,0.0,0.6007256352804582,0.4021356539619456,0.028244490901371516,0.0,0.42098095700756516,0.28181160002057604,0.0,0.024211607831092583,0.016207649843478066,0.0,0.0,0.24157319619521228,0.0,0.0,0.0
102,0.7401574803149606,0.2324304248553348,41953,53,0.5,0.8368987413616402,0.1087162139699255,0.0,0,0,0,0,1,0,0,1,0,0.5539756150591616,0.20898817491968805,0.4054651081081644,0.6080786829726519,0.10320278199691536,0.49343832020997375,0.1549536165702232,0.7281825273917147,0.7401574803149606,0.2324304248553348,0.5,0.8368987413616402,0.1087162139699255,0.17203511760946041,0.3700787401574803,0.6194368636849935,0.08046711900136218,0.1162152124276674,0.19452073001558098,0.025268955801693267,0.4184493706808201,0.05435810698496275,0.09098446263703341,0.0,0.0,0.0
103,0.8475304223335719,0.6502874515482105,42846,80,0.4285714285714286,0.3560473360811738,0.4762996805328959,0.0,0,0,0,0,0,0,1,0,0,0.613849840461652,0.500949485798678,0.3566749439387324,0.30457409752334724,0.3895387411607375,0.5932712956335003,0.45520121608374736,-0.12025234445172212,0.8475304223335719,0.6502874515482105,0.4285714285714286,0.3560473360811738,0.4762996805328959,0.551138398448877,0.3632273238572451,0.3017609491196204,0.4036784693993906,0.2786946220920903,0.23153311481075572,0.3097317054269637,0.1525917154633602,0.20412843451409826,0.1695852324300517,0.0,1.0,0.0
104,0.9355762347888332,0.1758420842744429,62509,53,0.8571428571428571,0.200128068797234,0.1512862969488416,0.0,0,1,0,0,1,0,0,0,1,0.6604050779058929,0.1619845583802342,0.6190392084062234,0.18242827509704895,0.14087983638469828,0.5037718187324487,0.09468419922470002,0.04884177184839239,0.9355762347888332,0.1758420842744429,0.8571428571428571,0.200128068797234,0.1512862969488416,0.164513675122904,0.801922486961857,0.18723506508087676,0.14153986407454258,0.15072178652095106,0.035190936739124726,0.0266024977776466,0.17153834468334342,0.1296739688132928,0.030276634443856542,1.0,0.0,0.0
105,0.9899785254115964,0.654242350241256,33471,53,0.0714285714285714,0.889632199774538,0.3955598704116748,0.0,0,0,0,1,0,0,0,1,0,0.688123847427721,0.5033431095930111,0.06899287148695142,0.6363822068399778,0.3332956755545529,0.9239799570508233,0.6106261935585056,0.4940723293628632,0.9899785254115964,0.654242350241256,0.0714285714285714,0.889632199774538,0.3955598704116748,0.6476858771536558,0.070712751815114,0.8807167732914718,0.39159577722215194,0.04673159644580398,0.5820350612307923,0.25879201927926077,0.06354515712675268,0.02825427645797676,0.35190279765686944,0.0,0.0,0.0
106,0.0880458124552612,0.3938086303247242,20350,443,0.0714285714285714,0.8889448009539764,0.784349982903622,0.0,1,0,0,0,0,0,0,0,0,0.08438325458336018,0.3320400219422162,0.06899287148695142,0.6360183667869568,0.5790541936749172,0.08217609162491046,0.36755472163640923,0.10459481805035442,0.0880458124552612,0.3938086303247242,0.0714285714285714,0.8889448009539764,0.784349982903622,0.03467320080883396,0.006288986603947226,0.07826786722787331,0.06905873149401964,0.028129187880337428,0.35007413449797004,0.3088837924624962,0.06349605721099828,0.05602499877883012,0.697243839430515,0.0,0.0,1.0
107,0.3314244810307802,0.6895447124321379,2318,80,0.9285714285714284,0.5553299053880592,0.4089044696473109,0.0,0,1,0,1,0,0,0,0,1,0.2862494074502851,0.5244590917123043,0.6567795363890704,0.44168768093473865,0.34281243050964494,0.171849730904849,0.35754170274259006,0.14642543574074823,0.3314244810307802,0.6895447124321379,0.9285714285714284,0.5553299053880592,0.4089044696473109,0.22853199846533986,0.30775130381429583,0.18404992569410977,0.13552095164402644,0.6402915186869851,0.3829247999157756,0.28195791493517086,0.5156634835746262,0.3796970075296458,0.22707688044199567,1.0,0.0,0.0
108,0.7244094488188977,0.8875695544779425,1170,53,0.0714285714285714,0.7098306309887734,0.7275575797528329,0.0,0,0,0,0,1,0,0,1,0,0.5448846433579095,0.6352900515166352,0.06899287148695142,0.5363943194037735,0.5467086073648985,0.6761154855643046,0.8283982508460797,-0.017726948764059447,0.7244094488188977,0.8875695544779425,0.0714285714285714,0.7098306309887734,0.7275575797528329,0.642963771747801,0.05174353205849267,0.5142080161493477,0.5270495853327608,0.06339782531985301,0.6300240569015024,0.645757956918272,0.05070218792776951,0.051968398553773755,0.5164426559166182,0.0,0.0,0.0
109,0.5382963493199714,0.8820925515418837,53764,80,0.8571428571428571,0.0078797823741521,0.7741755524363094,0.0,0,1,0,1,0,1,0,1,0,0.43067553738554865,0.6323842171813835,0.6190392084062234,0.007848899019011785,0.5733358375236204,0.28985188040306153,0.4749729123687066,-0.7662957700621573,0.5382963493199714,0.8820925515418837,0.8571428571428571,0.0078797823741521,0.7741755524363094,0.4748272002573347,0.46139687084568975,0.004241658085441933,0.4167358736092374,0.7560793298930432,0.006950697340010588,0.6828944883898915,0.006754099177844657,0.6635790449454081,0.006100334872587096,0.0,0.0,0.0
110,0.8081603435934145,0.0158653069177533,4302,80,0.6428571428571429,0.011028441178972,0.1401094789935885,0.0,0,1,1,0,1,0,1,0,0,0.5923099436534746,0.01574076843650974,0.4964368863138911,0.0109680713725873,0.13112429200031722,0.4919236874046871,0.00965714334124114,-0.1290810378146165,0.8081603435934145,0.0158653069177533,0.6428571428571429,0.011028441178972,0.1401094789935885,0.012821711889866482,0.5195316494529093,0.008912748812497774,0.11323092468415277,0.01019912587569855,0.00017496960412877982,0.0022228798863197902,0.007089712186482001,0.09007037935302119,0.0015451891476972038,0.0,1.0,0.0
111,0.117394416607015,0.1814355316921556,29633,443,0.7857142857142857,0.1901375898831041,0.8732832399552143,0.0,0,1,0,0,0,1,0,1,0,0.11099956125847021,0.1667302513589529,0.5798184952529422,0.17406892219026626,0.6276926346425334,0.0657408732999284,0.10160389774760714,-0.6831456500721101,0.117394416607015,0.1814355316921556,0.7857142857142857,0.1901375898831041,0.8732832399552143,0.021299518394784184,0.09223847019122607,0.022321091439390883,0.10251857648722627,0.14255648918669367,0.03449771471510602,0.1584446089591226,0.14939382062243894,0.6861511171076684,0.16604397053039294,0.0,0.0,0.0
112,0.0450966356478167,0.6501334433840795,61812,80,0.6428571428571429,0.8058723047541676,0.9559966047452948,0.0,1,0,0,0,1,0,1,0,0,0.04410935544542026,0.5008561594205307,0.4964368863138911,0.5910437463788122,0.6708998357958301,0.027450126046497124,0.39573340032074406,-0.1501242999911272,0.0450966356478167,0.6501334433840795,0.6428571428571429,0.8058723047541676,0.9559966047452948,0.029318831018752302,0.028990694345025023,0.036342129706164995,0.043112230564748395,0.41794292788976545,0.5239245364176913,0.6215253645065474,0.5180607673419649,0.6145692459076896,0.7704111872032497,0.0,1.0,1.0
113,0.4931997136721546,0.8262453797500713,43303,80,0.9285714285714284,0.0458108230276943,0.5879165371310253,0.0,0,1,0,0,1,0,0,0,0,0.4009212763037559,0.6022621541685912,0.6567795363890704,0.04479249175993172,0.46242280296197646,0.25573318486704316,0.42842353024077773,-0.542105714103331,0.4931997136721546,0.8262453797500713,0.9285714285714284,0.0458108230276943,0.5879165371310253,0.4075039847156758,0.45797116269557203,0.022593884800344573,0.2899602677761463,0.767227852625066,0.03785098086918059,0.4857633224831709,0.042538621382858986,0.5459224987645234,0.026932940437564265,0.0,0.0,0.0
114,0.2827487473156764,0.7140339245596448,55220,80,0.0714285714285714,0.5706251168633685,0.3898603411956676,0.0,1,0,0,0,0,1,0,0,1,0.2490052342779139,0.5388496126049469,0.06899287148695142,0.45147370372136325,0.3292032681348026,0.26389883082796467,0.6664316629223351,0.18076477566770088,0.2827487473156764,0.7140339245596448,0.0714285714285714,0.5706251168633685,0.3898603411956676,0.20189219771013575,0.020196339093976876,0.16134353697997889,0.1102325231011372,0.05100242318283175,0.40744569164625694,0.27837350945410466,0.040758936918812015,0.027847167228261957,0.22246410275517053,1.0,0.0,1.0
115,0.5619183965640658,0.1258739187129786,1250,53,0.0714285714285714,0.0612872859369169,0.7279802781361607,0.0,1,0,0,1,1,0,0,0,1,0.4459148071360543,0.11855955072426512,0.06899287148695142,0.059482592006841035,0.546953257201086,0.5244571701264614,0.11748232413211336,-0.6666929921992438,0.5619183965640658,0.1258739187129786,0.0714285714285714,0.0612872859369169,0.7279802781361607,0.07073087057243249,0.04013702832600469,0.03443845344343577,0.4090655106205341,0.008990994193784182,0.007714470848162554,0.09163373035476265,0.004377663281208348,0.05199859129544003,0.04461593546256718,1.0,0.0,1.0
116,0.4946313528990694,0.5205657556070217,25081,80,0.8571428571428571,0.0862711858147129,0.9185553121708282,0.0,1,0,0,0,0,1,0,0,1,0.40187958974556753,0.41908247324230485,0.6190392084062234,0.08275090103416483,0.6515724612357495,0.266339959253345,0.2803046376345501,-0.8322841263561153,0.4946313528990694,0.5205657556070217,0.8571428571428571,0.0862711858147129,0.9185553121708282,0.25748814396882747,0.42396973105634517,0.04267243335573844,0.4543462567716838,0.4461992190917328,0.044909825030749785,0.47816844014705084,0.07394673069832533,0.7873331247178527,0.07924485601738113,1.0,0.0,1.0
117,0.3657838224767358,0.9366959765423332,9504,443,0.0714285714285714,0.749005926461674,0.6823178586914339,0.0,1,0,0,1,0,0,0,0,1,0.31172849275126996,0.6609834162682807,0.06899287148695142,0.5590475845165297,0.5201725203267878,0.3413982343116201,0.8742495781061776,0.06668806777024006,0.3657838224767358,0.9366959765423332,0.0714285714285714,0.749005926461674,0.6823178586914339,0.34262823479823346,0.026127415891195403,0.27397425083888,0.24958083449629395,0.06690685546730948,0.7015908377230127,0.6391243929592464,0.053500423318690975,0.04873698990653097,0.511060119890523,1.0,0.0,1.0
118,0.541159627773801,0.725355427208175,33590,53,0.9285714285714284,0.8900912009685102,0.4816361126234446,0.0,1,0,0,0,0,0,0,0,1,0.4325351381074012,0.5454330740173796,0.6567795363890704,0.6366250823880343,0.3931469586836345,0.28060128847530424,0.37611022151535006,0.40845508834506566,0.541159627773801,0.725355427208175,0.9285714285714284,0.8900912009685102,0.4816361126234446,0.3925330729916824,0.5025053686471008,0.4816814230008545,0.26064201942972376,0.6735443252647338,0.6456324833327514,0.34935736823086333,0.8265132580421879,0.4472335331503413,0.4287000659148064,1.0,0.0,1.0
119,0.4402290622763064,0.5846030931860369,43103,443,0.7142857142857143,0.863818143217574,0.8641273804506441,0.0,0,1,1,0,1,0,1,0,0,0.364802171962668,0.4603339615766568,0.538996500732687,0.6226271488523383,0.6227930510801557,0.2568002863278454,0.3410184710251882,-0.000309237233070081,0.4402290622763064,0.5846030931860369,0.7142857142857143,0.863818143217574,0.8641273804506441,0.2573592715171172,0.31444933019736176,0.38027785116593277,0.3804139863830681,0.41757363799002634,0.5049907584752128,0.5051715395181938,0.6170129594411243,0.6172338431790315,0.7464489092843415,0.0,1.0,0.0
120,0.4280601288475304,0.9160716663165944,62014,443,0.0,0.1090908997472288,0.491253762511618,0.0,0,1,0,0,0,1,0,0,0,0.35631697006700197,0.650277082980986,0.0,0.10354067051621052,0.3996172174857283,0.4280601288475304,0.9160716663165944,-0.3821628627643892,0.4280601288475304,0.9160716663165944,0.0,0.1090908997472288,0.491253762511618,0.3921337555170533,0.0,0.04669746460189178,0.2102861488775573,0.0,0.09993508231142044,0.45002365280831447,0.0,0.0,0.05359131495660387,0.0,0.0,0.0
121,0.5647816750178954,0.5908492123210319,5143,80,0.2142857142857143,0.2493273422462367,0.8342461432931633,1.0,0,0,0,1,1,0,0,0,0,0.447746309479522,0.4642679694531346,0.19415601444095748,0.22260528026932946,0.606633576002785,0.4651143206029727,0.4865817042643792,-0.5849188010469266,0.5647816750178954,0.5908492123210319,0.2142857142857143,0.2493273422462367,0.8342461432931633,0.3337008078176766,0.1210246446466919,0.14081551398158965,0.471166934186332,0.126610545497364,0.1473148637762853,0.4929136766466243,0.05342728762419358,0.17876703070567784,0.20800037368645755,0.0,0.0,0.0
122,0.7193987115246958,0.933845757538892,61850,80,0.9285714285714284,0.1827206833051473,0.7272895949629441,0.0,0,1,0,0,0,0,1,0,0,0.5419746433829671,0.6595106407683876,0.6567795363890704,0.16781744833132411,0.54655347182525,0.3730215541239164,0.48421631872386994,-0.5445689116577968,0.7193987115246958,0.933845757538892,0.9285714285714284,0.1827206833051473,0.7272895949629441,0.6718074347362823,0.6680130892729317,0.13144902413863496,0.5232111975216599,0.8671424891432566,0.17063293491911924,0.6791763027583244,0.16966920592620816,0.6753403381798765,0.13289085175235296,0.0,1.0,0.0
123,0.6886184681460272,0.4215702296468442,21925,53,0.0714285714285714,0.7649855597660036,0.7245900124543239,1.0,1,0,0,1,0,1,0,1,0,0.5239107201507133,0.35176205619758616,0.06899287148695142,0.5681425089161,0.5449893482948738,0.6427105702696254,0.39346554767038794,0.040395547311679714,0.6886184681460272,0.4215702296468442,0.0714285714285714,0.7649855597660036,0.7245900124543239,0.2903010457553788,0.04918703343900192,0.5267831843198966,0.4989660644102073,0.03011215926048886,0.3224951381070738,0.30546557795017903,0.05464182569757166,0.05175642946102311,0.5543008962782264,0.0,0.0,1.0
124,0.5354330708661418,0.5676138408539393,54187,80,0.6428571428571429,0.9605039013769144,0.2688165345334548,0.0,0,1,1,0,0,1,0,0,1,0.42881247210515555,0.44955461663195695,0.4964368863138911,0.6732015327390443,0.2380846034445686,0.3259157822663472,0.3455040770415283,0.6916873668434597,0.5354330708661418,0.5676138408539393,0.6428571428571429,0.9605039013769144,0.2688165345334548,0.30391922187455017,0.34420697412823403,0.5142855534931511,0.14393326258484193,0.3648946119775324,0.5451953086157437,0.15258398565157988,0.6174667937423022,0.17281062934293523,0.25819933017400537,1.0,0.0,0.0
125,0.5454545454545454,0.3235032214141665,30487,53,0.5714285714285714,0.9926071288011756,0.5902188030467997,0.0,0,0,1,0,0,0,0,0,0,0.4353180712578455,0.28028217669351607,0.4519851237430572,0.689443896260067,0.46387161874359967,0.3471074380165289,0.20586568635446958,0.4023883257543759,0.5454545454545454,0.3235032214141665,0.5714285714285714,0.9926071288011756,0.5902188030467997,0.17645630258954534,0.3116883116883116,0.5414220702551866,0.321937528934618,0.18485898366523798,0.3211116037658468,0.19093768412485318,0.5672040736006717,0.3372678874553141,0.5858553914567505,0.0,0.0,0.0
126,0.3908375089477451,0.9034775593939014,3636,53,0.0714285714285714,0.2497611244977564,0.978584290965638,0.0,1,0,1,0,1,0,0,0,0,0.3299060901204782,0.6436825076424232,0.06899287148695142,0.22295243265040646,0.6823815844059627,0.36478167501789543,0.8432457221009747,-0.7288231664678817,0.3908375089477451,0.9034775593939014,0.0714285714285714,0.2497611244977564,0.978584290965638,0.3531129187037009,0.027916964924838923,0.09761601573069074,0.38246744657640536,0.06453411138527865,0.2256535711927093,0.8841289468628462,0.017840080321268305,0.06989887792611697,0.24441231292741739,0.0,0.0,1.0
127,0.717967072297781,0.531201683814433,2683,443,1.0,0.1590072943995055,0.265218603656411,0.0,0,0,1,0,1,0,0,1,0,0.5411416570790752,0.42605284138577115,0.6931471805599453,0.14756385803884953,0.23524491646424533,0.3589835361488905,0.2656008419072165,-0.10621130925690547,0.717967072297781,0.531201683814433,1.0,0.1590072943995055,0.265218603656411,0.3813853177279,0.717967072297781,0.11416200163400432,0.19041822438609896,0.531201683814433,0.08446494252379459,0.14088456884119824,0.1590072943995055,0.265218603656411,0.04217169259182071,0.0,0.0,0.0
128,0.2598425196850393,0.3094325454752281,36545,53,0.2857142857142857,0.6847880025372346,0.9717484345909034,0.0,0,0,0,0,0,1,0,0,0,0.23098672877523557,0.2695938719742748,0.2513144282809061,0.521639741371053,0.6789206793769988,0.20209973753280835,0.24066975759184409,-0.28696043205366883,0.2598425196850393,0.3094325454752281,0.2857142857142857,0.6847880025372346,0.9717484345909034,0.08040373228883876,0.07424071991001123,0.17793704002936012,0.25250156174409294,0.08840929870720803,0.21189569473599346,0.30069059167703144,0.19565371501063844,0.2776424098831152,0.6654416694921893,0.0,0.0,0.0
129,0.8296349319971367,0.1723409016571978,1067,443,0.5,0.8309126948825432,0.3620246760765861,0.0,0,0,1,0,0,1,0,0,1,0.6041164562404635,0.15900252058100173,0.4054651081081644,0.6048145828966612,0.30897232509373324,0.5530899546647577,0.11489393443813185,0.46888801880595704,0.8296349319971367,0.1723409016571978,0.5,0.8309126948825432,0.3620246760765861,0.1429800322266945,0.41481746599856834,0.6893541971144362,0.30034831751808394,0.0861704508285989,0.14320024303446957,0.06239165909719381,0.4154563474412716,0.18101233803829306,0.30081089921277593,1.0,0.0,0.0
130,0.4881889763779528,0.5516347599414844,3609,53,0.0,0.8479393267005362,0.3328629851386036,0.0,0,1,0,0,1,0,0,0,0,0.3975599286010511,0.4393090589761299,0.0,0.6140711408085104,0.2873292490708841,0.4881889763779528,0.5516347599414844,0.5150763415619326,0.4881889763779528,0.5516347599414844,0.0,0.8479393267005362,0.3328629851386036,0.26930200879033095,0.0,0.4139546319325452,0.1625000399889246,0.0,0.46775280692939414,0.18361879290033947,0.0,0.0,0.2822476155019581,0.0,0.0,0.0
131,0.0272011453113815,0.2878300047042358,31655,443,0.7857142857142857,0.0793653009227153,0.3786198731565207,0.0,0,1,0,1,0,0,0,1,0,0.026837768936759633,0.25295863504623445,0.5798184952529422,0.07637318405118625,0.32108290682795326,0.015232641374373641,0.16118480263437207,-0.29925457223380536,0.0272011453113815,0.2878300047042358,0.7857142857142857,0.0793653009227153,0.3786198731565207,0.00782930578293554,0.021372328458942606,0.0021588270830802995,0.010298894187507351,0.22615214655332813,0.02284371493793824,0.10897815987175852,0.0623584507249906,0.2974870431944091,0.030049280168387562,0.0,0.0,0.0
132,0.4223335719398711,0.4717618193646768,48378,443,0.1428571428571429,0.2556336228732432,0.4432297901804916,0.0,0,1,0,1,1,0,0,0,0,0.352298883294855,0.38646019971761636,0.13353139262452268,0.227640323958797,0.36688351186795926,0.3695418754473872,0.41279159194409226,-0.18759616730724837,0.4223335719398711,0.4717618193646768,0.1428571428571429,0.2556336228732432,0.4432297901804916,0.1992408542771362,0.060333367419981604,0.10796266105598673,0.1871908204770866,0.06739454562352529,0.12059818301746487,0.20909889221217268,0.0365190889818919,0.06331854145435596,0.1133044370291865,0.0,0.0,0.0
133,0.4108804581245525,0.0600528398144226,34076,443,0.0714285714285714,0.6951166581398533,0.0434739506933449,0.0,1,0,0,0,0,1,0,0,1,0.3442139478957583,0.05831875576309233,0.06899287148695142,0.5277515633253619,0.04255548382472056,0.3834884275829157,0.056049317160127766,0.6516427074465084,0.4108804581245525,0.0600528398144226,0.0714285714285714,0.6951166581398533,0.0434739506933449,0.024674538334630323,0.029348604151753735,0.28560985094651087,0.01786259677736576,0.004289488558173041,0.04174372932360937,0.0026107341970875476,0.04965118986713236,0.003105282192381777,0.030219467322094667,1.0,0.0,1.0
134,0.1030780243378668,0.5693088366481874,46312,80,0.0714285714285714,0.3747670850864137,0.8204838784281969,0.0,0,1,1,0,0,0,1,0,0,0.09810447606315387,0.45063529099563443,0.06899287148695142,0.31828432410555046,0.599102333020505,0.09620615604867568,0.5313549142049749,-0.4457167933417832,0.1030780243378668,0.5693088366481874,0.0714285714285714,0.3747670850864137,0.8204838784281969,0.0586832301197845,0.0073627160241333395,0.038630250717568745,0.08457385718944903,0.04066491690344194,0.21335821322457846,0.46710872231654965,0.026769077506172394,0.05860599131629975,0.3074903514789308,0.0,1.0,0.0
135,0.0522548317823908,0.5384487775662157,29306,53,0.5,0.8732930249520408,0.9596654230213134,0.0,0,1,0,1,0,1,0,0,1,0.050935320515820136,0.4307746214760942,0.4054651081081644,0.6276978580764819,0.6727737561309428,0.034836554521593864,0.35896585171081047,-0.08637239806927266,0.0522548317823908,0.5384487775662157,0.5,0.8732930249520408,0.9596654230213134,0.028136550295156562,0.0261274158911954,0.0456337801156041,0.05014715524735564,0.26922438878310784,0.47022356174252905,0.5167306738983914,0.4366465124760204,0.4798327115106567,0.8380691202121626,1.0,0.0,0.0
136,0.6907659269863994,0.3136809479169297,37517,53,0.7142857142857143,0.2813835732676395,0.9280709886831412,0.0,0,0,0,1,0,1,0,1,0,0.5251816375003457,0.2728330807748781,0.538996500732687,0.24794041077713758,0.6565200153669207,0.4029467907420663,0.1829805529515423,-0.6466874154155017,0.6907659269863994,0.3136809479169297,0.7142857142857143,0.2813835732676395,0.9280709886831412,0.2166801107658104,0.49340423356171387,0.19437018482696644,0.6410798168068942,0.22405781994066407,0.088264665990846,0.2911181874643299,0.2009882666197425,0.6629078490593866,0.2611439310416933,0.0,0.0,0.0
137,0.3886900501073729,0.5092444259642623,53735,443,1.0,0.1375785031490197,0.0113784995202676,0.0,0,1,1,0,1,0,0,0,1,0.328360892800412,0.4116091454387875,0.6931471805599453,0.12890188321900858,0.011314251300817275,0.19434502505368645,0.25462221298213117,0.1262000036287521,0.3886900501073729,0.5092444259642623,1.0,0.1375785031490197,0.0113784995202676,0.19793824144494948,0.3886900501073729,0.05347539528268983,0.004422709548679532,0.5092444259642623,0.070061085861145,0.005794437456533308,0.1375785031490197,0.0113784995202676,0.0015654369320802551,1.0,0.0,0.0
138,0.0536864710093056,0.4734783478995324,40077,443,0.0714285714285714,0.6057377751444832,0.2287341306870842,1.0,1,0,1,0,0,1,0,0,0,0.05229494003185968,0.38762582875411206,0.06899287148695142,0.4735833239519336,0.20598447739041498,0.05010737294201856,0.4419131247062303,0.37700364445739903,0.0536864710093056,0.4734783478995324,0.0714285714285714,0.6057377751444832,0.2287341306870842,0.025419381598042155,0.0038347479292361124,0.03251992350453557,0.012279928275970863,0.03381988199282373,0.28680372103574836,0.10830065830595637,0.04326698393889164,0.016338152191934577,0.13855290342200186,0.0,0.0,1.0
139,0.5497494631352899,0.3417071010941076,43320,443,0.9285714285714284,0.8082821673357197,0.9473078213296758,0.0,0,0,1,0,1,0,0,1,0,0.4380932811796284,0.29394275920973956,0.6567795363890704,0.5923773157972225,0.6664478142169319,0.2850552771812615,0.17718145982657435,-0.13902565399395617,0.5497494631352899,0.3417071010941076,0.9285714285714284,0.8082821673357197,0.9473078213296758,0.1878532953760019,0.5104816443399119,0.44435268755464047,0.5207819661998505,0.317299451015957,0.2761957562663512,0.3237018094703384,0.7505477268117395,0.8796429769489845,0.7656920189584291,0.0,0.0,0.0
140,0.085898353614889,0.256636944826041,48270,443,0.5,0.0139964370102472,0.9347605792549688,0.0,0,1,1,0,0,1,0,0,0,0.08240762009157039,0.22843906118004967,0.4054651081081644,0.013899391366217628,0.659983587175174,0.057265569076592665,0.171091296550694,-0.9207641422447216,0.085898353614889,0.256636944826041,0.5,0.0139964370102472,0.9347605792549688,0.022044691037312027,0.0429491768074445,0.0012022708956547336,0.08029439478210178,0.1283184724130205,0.0035920028327599686,0.23989409920381555,0.0069982185051236,0.4673802896274844,0.013083317567204355,0.0,0.0,0.0
141,0.3622047244094488,0.8878032506299046,33283,443,0.4285714285714286,0.3931081559073126,0.6587340887429711,0.0,0,0,0,0,0,1,0,1,0,0.30910450803918765,0.6354138518215716,0.3566749439387324,0.33153733421531834,0.5060547143005472,0.25354330708661416,0.6214622754409332,-0.26562593283565855,0.3622047244094488,0.8878032506299046,0.4285714285714286,0.3931081559073126,0.6587340887429711,0.3215665317242174,0.15523059617547807,0.14238563127351478,0.23859659907225725,0.38048710741281627,0.3490026986636394,0.5848262652867379,0.16847492396027683,0.28231460946127335,0.2589537428590334,0.0,0.0,0.0
142,0.8503937007874016,0.7742105022775877,3173,80,0.7142857142857143,0.820296478922204,0.3495056358316574,0.0,0,0,1,0,0,1,0,0,1,0.6153984276855677,0.5733555365308539,0.538996500732687,0.5989993883285627,0.29973832970407277,0.49606299212598426,0.4516227929952595,0.47079084309054664,0.8503937007874016,0.7742105022775877,0.7142857142857143,0.820296478922204,0.3495056358316574,0.6583837342203108,0.6074240719910011,0.6975749584535279,0.29721739110093703,0.5530075016268484,0.6350821489628962,0.27059093386607513,0.5859260563730029,0.24964688273689814,0.28669824243617464,1.0,0.0,0.0
143,0.3600572655690766,0.3966848744451012,44574,53,0.4285714285714286,0.0058690684821725,0.1775515988557361,0.0,0,1,0,0,0,0,0,1,0,0.30752680589757,0.33410148177649884,0.3566749439387324,0.005851912593078685,0.16343736663261457,0.2520400858983536,0.2776794121115708,-0.1716825303735636,0.3600572655690766,0.3966848744451012,0.4285714285714286,0.0058690684821725,0.1775515988557361,0.1428292711853156,0.1543102566724614,0.002113200749128681,0.06392874318141392,0.17000780333361482,0.0023281706939602986,0.07043203369961465,0.0025153150637882145,0.07609354236674405,0.0010420624928035357,0.0,0.0,0.0
144,0.5382963493199714,0.6977057679475068,53058,80,0.1428571428571429,0.2233739986255942,0.1891345608269448,0.0,1,0,0,1,0,0,1,0,0,0.43067553738554865,0.5292777913356044,0.13353139262452268,0.20161261422920618,0.1732257827324453,0.471009305654975,0.6104925469540685,0.03423943779864941,0.5382963493199714,0.6977057679475068,0.1428571428571429,0.2233739986255942,0.1891345608269448,0.37557246778563,0.07689947847428165,0.12024140799316167,0.10181044362338046,0.09967225256392959,0.15584932725057554,0.13196027400717797,0.03191057123222776,0.027019222975277837,0.04224774313021033,0.0,1.0,1.0
145,0.8818897637795275,0.8230595554379425,43324,53,0.5,0.911945656937248,0.0914694368967854,0.0,0,0,0,1,1,0,1,0,0,0.6322764654729194,0.6005161640811436,0.4054651081081644,0.6481213921213442,0.08752489560509334,0.5879265091863517,0.5487063702919617,0.8204762200404626,0.8818897637795275,0.8230595554379425,0.5,0.911945656937248,0.0914694368967854,0.7258477969216501,0.4409448818897638,0.8042355399761557,0.08066596009795247,0.41152977771897126,0.7505855869823338,0.07528479406842713,0.455972828468624,0.0457347184483927,0.08341515572051912,0.0,1.0,0.0
146,0.2333571939871152,0.4374442540414561,3400,443,0.7142857142857143,0.1584883852182006,0.7349571347814821,0.0,0,0,1,0,1,0,0,0,1,0.2097398772709678,0.3628667131401648,0.538996500732687,0.14711603913282903,0.5509827069157998,0.1361250298258172,0.25517581485751606,-0.5764687495632814,0.2333571939871152,0.4374442540414561,0.7142857142857143,0.1584883852182006,0.7349571347814821,0.10208076364890098,0.1666837099907966,0.03698440485406828,0.1715075346734167,0.31246018145818294,0.0693298334460107,0.3215027755769313,0.11320598944157187,0.5249693819867729,0.11648216949611251,1.0,0.0,0.0
147,0.9642090193271295,0.9115451347740068,39945,53,0.5714285714285714,0.9538147456741024,0.1470661393407388,0.0,1,0,0,1,1,0,0,0,0,0.675089629588814,0.6479118861036628,0.4519851237430572,0.6697837413850615,0.13720749937994434,0.6135875577536279,0.580074176674368,0.8067486063333635,0.9642090193271295,0.9115451347740068,0.5714285714285714,0.9538147456741024,0.1470661393407388,0.8789200404728612,0.5509765824726455,0.9196767805461817,0.14180249798996075,0.5208829341565753,0.8694451908949347,0.13405742380604663,0.5450369975280585,0.0840377939089936,0.1402738522925589,0.0,0.0,1.0
148,0.3228346456692913,0.0217439638860353,33716,80,0.2857142857142857,0.7870472726657924,0.8898207995262409,0.0,0,1,0,1,0,0,1,0,0,0.2797768929446677,0.021510935821638613,0.2513144282809061,0.580564689473618,0.6364820095108376,0.25109361329833774,0.01691197191136079,-0.1027735268604485,0.3228346456692913,0.0217439638860353,0.2857142857142857,0.7870472726657924,0.8898207995262409,0.007019704876594072,0.09223847019122608,0.2540861273960432,0.2872649825242195,0.0062125611102957995,0.01711352747344757,0.019348231329941637,0.22487064933308354,0.25423451415035453,0.7003310334284227,0.0,1.0,0.0
149,0.3192555476020042,0.6207143072900279,61624,53,0.0,0.0097809395838348,0.9911675704752416,1.0,0,1,0,1,0,1,0,1,0,0.2770675984128614,0.4828669824889813,0.0,0.009733415827651233,0.6887211855159812,0.3192555476020042,0.6207143072900279,-0.9813866308914069,0.3192555476020042,0.6207143072900279,0.0,0.0097809395838348,0.9911675704752416,0.19816648607827655,0.0,0.0031226192228992985,0.31643574547742137,0.0,0.006071169138425632,0.6152318919158795,0.0,0.0,0.00969455012427466,0.0,0.0,0.0
150,0.5182534001431639,0.6783929476374225,65067,443,0.0,0.1435486069571112,0.1727080023841433,0.0,1,0,1,0,0,1,0,1,0,0.4175605953077206,0.5178367568144513,0.0,0.13413624075447944,0.15931560635871111,0.5182534001431639,0.6783929476374225,-0.02915939542703211,0.5182534001431639,0.6783929476374225,0.0,0.1435486069571112,0.1727080023841433,0.35157945174623756,0.0,0.07439455364133751,0.08950650946751593,0.0,0.09738236260288048,0.11716389081794996,0.0,0.0,0.02479199315258921,0.0,0.0,1.0
151,0.0322118826055833,0.615203054196451,43103,80,0.5714285714285714,0.5615043720720925,0.0829029968443747,0.0,0,0,1,0,0,1,1,0,0,0.031703958587932485,0.47946067892384797,0.4519851237430572,0.4456496976551632,0.07964539507322166,0.020498470749007555,0.39149285267046885,0.4786013752277178,0.0322118826055833,0.615203054196451,0.5714285714285714,0.5615043720720925,0.0829029968443747,0.019816848560372382,0.018406790060333314,0.018087112915708012,0.002670461602002041,0.35154460239797203,0.3454392046434117,0.05100217686069806,0.3208596411840528,0.0473731410539284,0.04655039518599528,0.0,1.0,0.0
152,0.1675017895490336,0.2080470555456501,50743,80,0.7857142857142857,0.6315766619448739,0.7972551697337521,0.0,0,0,1,0,0,1,0,0,1,0.15486624336405203,0.18900505202023107,0.5798184952529422,0.4895468245742604,0.5862605953466188,0.09380100214745883,0.11650635110556405,-0.16567850778887816,0.1675017895490336,0.2080470555456501,0.7857142857142857,0.6315766619448739,0.7972551697337521,0.03484825411430359,0.13160854893138355,0.10579022111317142,0.13354166765762202,0.16346554364301077,0.13139766486898147,0.16586659058165462,0.4962388058138295,0.6264147762193767,0.503527758818737,1.0,0.0,0.0
153,0.5053686471009305,0.954696927051053,10197,80,0.2142857142857143,0.5784836989092135,0.3347160160750511,0.0,0,1,0,0,1,0,0,0,0,0.40903781644573795,0.6702351568934696,0.19415601444095748,0.456464702012452,0.2887185471825101,0.4161859446713545,0.786220998747926,0.2437676828341624,0.5053686471009305,0.954696927051053,0.2142857142857143,0.5784836989092135,0.3347160160750511,0.48247389441520644,0.10829328152162798,0.2923475242876913,0.1691549802068619,0.20457791293951139,0.5522766096977527,0.31955235198162213,0.1239607926234029,0.07172486058751096,0.1936277590632513,0.0,0.0,0.0
154,0.136721546170365,0.6774095093207346,29779,443,0.4285714285714286,0.5701488711065545,0.1767178732568995,0.0,0,0,0,1,0,1,0,1,0,0.12814828255011915,0.5172506446356476,0.3566749439387324,0.4511704372257236,0.16272909967883964,0.0957050823192555,0.47418665652451425,0.3934309978496551,0.136721546170365,0.6774095093207346,0.4285714285714286,0.5701488711065545,0.1767178732568995,0.09261647550483912,0.05859494835872786,0.07795163520497628,0.024161140867621896,0.29031836113745774,0.3862242670160619,0.11971036781116007,0.2443495161885234,0.07573623139581408,0.10075549594177244,0.0,0.0,0.0
155,0.2054402290622763,0.1775164647226686,49389,53,0.0,0.3179829535279204,0.7633730191978845,0.0,0,0,0,0,0,1,0,0,0,0.1868448355453102,0.163407529590014,0.0,0.27610250240632717,0.5672284631102096,0.2054402290622763,0.1775164647226686,-0.4453900656699641,0.2054402290622763,0.1775164647226686,0.0,0.3179829535279204,0.7633730191978845,0.03646902317495053,0.0,0.06532649081067513,0.15682752792397484,0.0,0.05644720975234905,0.13551127963267828,0.0,0.0,0.24273960728806918,0.0,0.0,0.0
156,0.0408017179670723,0.1944348086348457,55139,53,0.3571428571428571,0.2505388540677549,0.490929903193332,0.0,0,0,0,1,1,0,0,1,0,0.039991298836502855,0.17767311001548095,0.30538164955118186,0.22357454167872215,0.39940002139329206,0.030064423765211165,0.14326775373093892,-0.24039104912557713,0.0408017179670723,0.1944348086348457,0.3571428571428571,0.2505388540677549,0.490929903193332,0.007933274224900647,0.014572042131097248,0.010222415663466019,0.02003078345169644,0.06944100308387345,0.04871347414625745,0.09545386178051883,0.0894781621670553,0.17533210828333284,0.12299701537365125,0.0,0.0,0.0
157,0.6721546170365068,0.9465856740183554,34515,80,0.9285714285714284,0.1517797405019525,0.2829325071782835,0.0,0,1,0,1,0,1,0,0,1,0.514112984691156,0.6660769014939915,0.6567795363890704,0.14130834651218696,0.249148478776894,0.3485246162411517,0.490822201342851,-0.131152766676331,0.6721546170365068,0.9465856740183554,0.9285714285714284,0.1517797405019525,0.2829325071782835,0.6362519312120514,0.6241435729624705,0.10201945335099026,0.19017439100959785,0.8789724115884726,0.14367252796537178,0.26781985800905866,0.14093833046609872,0.2627230423798346,0.042943422519086685,1.0,0.0,0.0
158,0.2319255547602004,0.2576728950566863,33857,443,0.2142857142857143,0.521596706515826,0.8677299440332633,0.0,0,0,0,1,0,1,0,1,0,0.2085784369545776,0.22926310463947888,0.19415601444095748,0.41976024831915026,0.6247237597801217,0.19099751568487092,0.21220120769374162,-0.3461332375174373,0.2319255547602004,0.2576728950566863,0.2142857142857143,0.521596706515826,0.8677299440332633,0.059760929132688864,0.049698333162900094,0.12097160551977638,0.20124874865195225,0.05521562036928992,0.13440133341996563,0.22359048680642732,0.11177072282481987,0.18594213086427072,0.4526050809529122,0.0,0.0,0.0
159,0.0694345025053686,0.8715613271941931,59873,80,0.2142857142857143,0.7622686029220969,0.3038656131535886,0.0,0,1,0,0,0,1,0,0,0,0.06713000643580075,0.6267730168311682,0.19415601444095748,0.5666019579629009,0.265333400796128,0.057181355004421196,0.7177563871011001,0.45840298976850824,0.0694345025053686,0.8715613271941931,0.2142857142857143,0.7622686029220969,0.3038656131535886,0.06051642715664759,0.01487882196543613,0.05292774121935816,0.021098757677808215,0.18676314154161283,0.6643638352412461,0.264837517088819,0.16334327205473506,0.06511405996148328,0.23162721641465234,0.0,0.0,0.0
160,0.3078024337866857,0.6096712797864892,61650,53,0.6428571428571429,0.9071834012227332,0.6691412806960746,0.0,0,0,1,0,0,0,0,0,1,0.26834819712104485,0.4760299841043547,0.4964368863138911,0.6456274946330743,0.5123092910048707,0.18735800317450435,0.3711042572613412,0.23804212052665863,0.3078024337866857,0.6096712797864892,0.6428571428571429,0.9071834012227332,0.6691412806960746,0.18765830372812475,0.19787299314858367,0.27923325878724065,0.20596331474539156,0.3919315370056002,0.5530836652245238,0.40795622095994616,0.5831893293574714,0.430162251876048,0.6070338629204006,1.0,0.0,0.0
161,0.3106657122405154,0.658519957177158,48198,443,0.2142857142857143,0.1486570601805654,0.2266701888682503,0.0,1,0,0,0,0,1,0,0,1,0.2705351854175489,0.5059256126018853,0.19415601444095748,0.13859348624006132,0.20430333486859417,0.25584235125689503,0.5423105529694242,-0.0780131286876849,0.3106657122405154,0.658519957177158,0.2142857142857143,0.1486570601805654,0.2266701888682503,0.20457957152103554,0.06657122405153902,0.046182651480576514,0.07041865566844713,0.1411114193951053,0.09789364090418813,0.14926684306685853,0.031855084324406875,0.048572183328910785,0.03369612390772761,1.0,0.0,1.0
162,0.4266284896206156,0.3426712162919819,25579,443,0.9285714285714284,0.6508410464426015,0.9102172499850066,0.0,1,0,0,0,0,1,0,0,1,0.3553139609558329,0.29466107468195524,0.6567795363890704,0.5012848831634988,0.6472169790378904,0.22121477239587478,0.1776813714106573,-0.2593762035424051,0.4266284896206156,0.3426712162919819,0.9285714285714284,0.6508410464426015,0.9102172499850066,0.14619330344310752,0.39615502607628583,0.277667332626908,0.3883246105877337,0.3181947008425545,0.22302449299723254,0.31190525214230513,0.6043524002681299,0.8452017321289346,0.5924067474703487,1.0,0.0,1.0
163,0.2326413743736578,0.8774885856971025,40038,53,1.0,0.8461628707201614,0.8072314469810599,0.0,0,1,0,1,0,1,0,0,1,0.20915932573071425,0.62993502511549,0.6931471805599453,0.6131093611812153,0.59179608696153,0.1163206871868289,0.43874429284855126,0.03893142373910152,0.2326413743736578,0.8774885856971025,1.0,0.8461628707201614,0.8072314469810599,0.20414015057377113,0.2326413743736578,0.1968524931882981,0.18779543326331025,0.8774885856971025,0.7424982606976346,0.7083363807416359,0.8461628707201614,0.8072314469810599,0.6830492785130834,1.0,0.0,0.0
164,0.9749463135289906,0.7612474767534244,28863,53,0.5714285714285714,0.5186897501998322,0.1063399909105009,0.0,0,0,0,0,1,0,0,1,0,0.6805412149603243,0.5660223515844035,0.4519851237430572,0.41784795666950425,0.10105726174716326,0.6204203813366305,0.4844302124794519,0.4123497592893313,0.9749463135289906,0.7612474767534244,0.5714285714285714,0.5186897501998322,0.1063399909105009,0.7421754211439971,0.5571121791594232,0.5056946598225994,0.10367578211889923,0.4349985581448139,0.3948512635574863,0.0809510497586009,0.29639414297133265,0.060765709091714804,0.055157463321620144,0.0,0.0,0.0
165,0.054402290622763,0.1754565781545443,36194,53,0.9285714285714284,0.803486842830984,0.3370551449159112,0.0,0,1,0,0,0,1,1,0,0,0.05297405720566839,0.16165664927237577,0.6567795363890704,0.5897219259819116,0.2904695425317053,0.028208595137728967,0.09097748496902297,0.46643169791507283,0.054402290622763,0.1754565781545443,0.9285714285714284,0.803486842830984,0.3370551449159112,0.009545239756439049,0.05051641272113706,0.04371152473525749,0.0183365719496129,0.16292396542921966,0.1409770520353226,0.05913854237632983,0.7460949254859136,0.31297977742191746,0.2708193742484253,0.0,1.0,0.0
166,0.7537580529706513,0.4307562704211176,55007,53,0.2142857142857143,0.5188376609214291,0.3636000510706459,0.0,0,1,1,0,0,1,0,0,0,0.5617609442818108,0.358203164908771,0.19415601444095748,0.41794534556625773,0.31012829873441605,0.6207419259758304,0.3547404579938615,0.15523760985078322,0.7537580529706513,0.4307562704211176,0.2142857142857143,0.5188376609214291,0.3636000510706459,0.324686007697521,0.1615195827794253,0.3910780651039834,0.27406646655503947,0.09230491509023948,0.22349257577253123,0.15662300192411932,0.11117949876887769,0.07791429665799555,0.1886494000084061,0.0,0.0,0.0
167,0.9549033643521831,0.7367601357563665,52421,443,0.7857142857142857,0.0131813000030742,0.6663228628457974,0.0,1,0,1,0,0,1,0,0,1,0.6703407622167431,0.552021386621825,0.5798184952529422,0.013095182602257385,0.5106193201943506,0.5347458840372226,0.4125856760235652,-0.6531415628427233,0.9549033643521831,0.7367601357563665,0.7857142857142857,0.0131813000030742,0.6663228628457974,0.7035347323543255,0.7502812148481439,0.012586867719470997,0.6362739434762302,0.5788829638085736,0.009711456379710342,0.4909201228878405,0.010356735716701157,0.5235393922359837,0.00878300155407772,1.0,0.0,1.0
168,0.5211166785969935,0.67189979743791,57942,443,0.4285714285714286,0.8174267294485231,0.9799714864156154,0.0,1,0,0,1,0,0,0,0,0,0.4194447221015553,0.5139605831046343,0.3566749439387324,0.5974216156918768,0.6830824438025571,0.36478167501789543,0.47032985820653694,-0.16254475696709225,0.5211166785969935,0.67189979743791,0.4285714285714286,0.8174267294485231,0.9799714864156154,0.35013819079083636,0.22333571939871152,0.4259747022466176,0.5106794861206643,0.2879570560448186,0.5492288539367959,0.6584426432175795,0.3503257411922242,0.4199877798924066,0.8010548870935242,0.0,0.0,1.0
169,0.2319255547602004,0.7348411696329165,1785,53,0.5,0.7751878063419779,0.4355327722298845,0.0,0,0,0,0,1,0,0,1,0,0.2085784369545776,0.5509158643281707,0.4054651081081644,0.5739062237201246,0.3615360501545984,0.15461703650680028,0.48989411308861097,0.3396550341120934,0.2319255547602004,0.7348411696329165,0.5,0.7751878063419779,0.4355327722298845,0.1704284459277487,0.1159627773801002,0.17978586202920602,0.10101117981566397,0.36742058481645823,0.5696399142975138,0.3200474117588749,0.38759390317098896,0.21776638611494226,0.3376196942949245,0.0,0.0,0.0
170,0.6091624910522548,0.0447456046658175,3374,53,0.0714285714285714,0.7412493546466115,0.3473271057914588,0.0,0,0,0,1,0,0,1,0,0,0.4757138517566199,0.04377341526914375,0.06899287148695142,0.5546028754853124,0.2981227081785347,0.5685516583154379,0.041762564354763,0.39392224885515265,0.6091624910522548,0.0447456046658175,0.0714285714285714,0.7412493546466115,0.3473271057914588,0.027257344001868786,0.04351160650373247,0.4515413033674061,0.21157864497389509,0.0031961146189869627,0.03316765058180963,0.015541361365467188,0.052946382474757935,0.02480907898510419,0.2574559930191942,0.0,1.0,0.0
171,0.982820329277022,0.5925203206342542,1912,443,0.5,0.9064915200895048,0.6281742651667912,1.0,1,0,0,0,0,0,0,0,1,0.6845202399244223,0.46531786859266333,0.4054651081081644,0.6452646524112832,0.48745930433745444,0.655213552851348,0.3950135470895028,0.27831725492271364,0.982820329277022,0.5925203206342542,0.5,0.9064915200895048,0.6281742651667912,0.5823410166290843,0.491410164638511,0.8909182942611954,0.617382438134577,0.2962601603171271,0.5371146461356658,0.3722060170108141,0.4532457600447524,0.3140871325833956,0.5694346445121522,1.0,0.0,1.0
172,0.3099498926270579,0.815595898304477,26100,443,0.7142857142857143,0.0362853985902589,0.4732732734644551,0.0,0,1,0,0,0,0,1,0,0,0.2699888865785048,0.5964137324571044,0.538996500732687,0.03564258716402369,0.3874866419737118,0.18080410403245042,0.4757642740109449,-0.43698787487419616,0.3099498926270579,0.815595898304477,0.7142857142857143,0.0362853985902589,0.4732732734644551,0.2527938611065415,0.2213927804478985,0.011246655396980745,0.14669100029356408,0.5825684987889121,0.02959422225855821,0.3859997406147426,0.025918141850184928,0.3380523381888965,0.017172909369774354,0.0,1.0,0.0
173,0.9141016463851108,0.8330020699847996,60335,80,0.3571428571428571,0.7186333891857419,0.2202601064315375,0.0,0,1,1,0,1,0,1,0,0,0.6492483984049267,0.6059550981448734,0.30538164955118186,0.5415294338391486,0.19906403801391367,0.6735485815469238,0.6137909989361682,0.49837328275420445,0.9141016463851108,0.8330020699847996,0.3571428571428571,0.7186333891857419,0.2202601064315375,0.7614485636153107,0.3264648737089681,0.6569039642019988,0.20134012592202818,0.29750073928028553,0.5986231007519152,0.18347712459254303,0.25665478185205065,0.0786643237255491,0.15828626678730803,0.0,1.0,0.0
174,0.4559770937723694,0.6014900599679784,34131,443,0.2857142857142857,0.2679355716090068,0.3288417604748739,0.0,1,0,0,1,0,1,1,0,0,0.37567721735154347,0.47093448334658305,0.2513144282809061,0.23739004369020353,0.28430770603178857,0.3546488507118429,0.4678256021973166,-0.06090618886586713,0.4559770937723694,0.6014900599679784,0.2857142857142857,0.2679355716090068,0.3288417604748739,0.274265689477167,0.13027916964924838,0.12217248326051347,0.1499443102523226,0.17185430284799383,0.16116058303465605,0.1977950502280075,0.07655302045971622,0.09395478870710683,0.08810840506174743,0.0,1.0,1.0
175,0.4638511095204009,0.2051854538820572,55809,443,0.7857142857142857,0.8379029037494385,0.550228827622997,0.0,0,1,0,0,1,0,1,0,0,0.3810707092199403,0.1866334587372306,0.5798184952529422,0.6086251954159166,0.43840255075932644,0.2597566213314245,0.11490385417395203,0.2876740761264416,0.4638511095204009,0.2051854538820572,0.7857142857142857,0.8379029037494385,0.550228827622997,0.09517550044063927,0.3644544431946007,0.38866219157454274,0.2552242521830365,0.1612171423359021,0.17192548761492224,0.11289895173481684,0.658352281517416,0.4323226502752119,0.46103833239195846,0.0,1.0,0.0
176,0.3564781675017895,0.5254163358394819,57433,53,0.7142857142857143,0.3164207712640259,0.553065555489219,0.0,0,0,0,1,1,0,0,0,1,0.3048917582595648,0.42226737990757274,0.538996500732687,0.2749165168018415,0.4402307554386932,0.2079455977093772,0.3064928625730311,-0.23664478422519308,0.3564781675017895,0.5254163358394819,0.7142857142857143,0.3164207712640259,0.553065555489219,0.18729945257556332,0.2546272625012782,0.11279709669970285,0.19715579572915606,0.3752973827424871,0.16625264222104733,0.2905896776441731,0.22601483661716137,0.39504682534944213,0.1750014296274656,1.0,0.0,0.0
177,0.6313528990694345,0.809687992309266,15871,443,0.1428571428571429,0.58079928597527,0.3178108621814043,0.0,1,0,1,0,0,0,1,0,0,0.48940966998872243,0.5931544504789729,0.13353139262452268,0.45793059632567984,0.27597192212669003,0.5524337866857552,0.7084769932706078,0.26298842379386567,0.6313528990694345,0.809687992309266,0.1428571428571429,0.58079928597527,0.3178108621814043,0.5111988612861651,0.09019327129563352,0.3666893129779442,0.20065080919398612,0.11566971318703805,0.4702662077959716,0.2573276389337381,0.08297132656789574,0.04540155174020063,0.18458432183014456,0.0,1.0,1.0
178,0.7244094488188977,0.5545716389908056,36652,443,0.4285714285714286,0.2457850809628476,0.1756228387933944,0.0,0,0,1,0,1,0,1,0,0,0.5448846433579095,0.4412000343636436,0.3566749439387324,0.2197659182989096,0.1617980827245414,0.5070866141732283,0.38820014729356395,0.07016224216945319,0.7244094488188977,0.5545716389908056,0.4285714285714286,0.2457850809628476,0.1756228387933944,0.40173693533192223,0.31046119235095615,0.17804903502820457,0.12722284385033297,0.23767355956748815,0.13630543518905425,0.09739544555387078,0.10533646326979183,0.07526693091145475,0.04316547365175958,0.0,1.0,0.0
179,0.886184681460272,0.6948521845916252,40754,80,0.2857142857142857,0.0090714838037344,0.7992763319677217,0.0,1,0,0,0,1,0,0,1,0,0.634556101718501,0.527595530299081,0.2513144282809061,0.009030585050041269,0.5873845462675468,0.6892547522468783,0.5404405880157086,-0.7902048481639874,0.886184681460272,0.6948521845916252,0.2857142857142857,0.0090714838037344,0.7992763319677217,0.6157673618643035,0.2531956232743634,0.008039009984984385,0.70830644164355,0.1985291955976072,0.006303340338512394,0.5553789053601526,0.002591852515352686,0.2283646662764919,0.007250622300153427,0.0,0.0,1.0
180,0.3901216893342877,0.0312600484060128,1038,80,0.6428571428571429,0.9887017839650368,0.6191243831819029,0.0,0,0,0,0,0,1,0,0,0,0.32939128959430836,0.03078140252814301,0.4964368863138911,0.687482055983772,0.48188549891053445,0.23746537611652296,0.01902785555148605,0.36957740078313395,0.3901216893342877,0.0312600484060128,0.6428571428571429,0.9887017839650368,0.6191243831819029,0.012195222892825321,0.2507925145720421,0.3857140102082641,0.24153385027497282,0.020095745403865373,0.03090686562585826,0.0193538581876091,0.6355940039775237,0.398008532045509,0.6121293821482005,0.0,0.0,0.0
181,0.8439513242662848,0.2762997362767507,6851,80,0.5714285714285714,0.9561247958610526,0.5916007461909192,0.0,0,1,1,0,0,1,0,0,1,0.6119107279672824,0.24396506037540516,0.4519851237430572,0.6709653711423477,0.4647402684012122,0.5370599336239994,0.17582710490338682,0.3645240496701334,0.8439513242662848,0.2762997362767507,0.5714285714285714,0.9561247958610526,0.5916007461909192,0.23318352832518902,0.4822578995807342,0.8069227876307666,0.4992822331847485,0.15788556358671468,0.2641770289440709,0.16345913015367988,0.5463570262063158,0.3380575692519538,0.565644142683039,1.0,0.0,0.0
182,0.4294917680744452,0.5776237824076231,42778,443,0.0714285714285714,0.8485571438499262,0.5423061400119489,0.0,1,0,0,1,0,1,1,0,0,0.3573189741588534,0.45591977980814846,0.06899287148695142,0.6144054125493683,0.43327878981449186,0.4008589835361489,0.5391155302471149,0.3062510038379773,0.4294917680744452,0.5776237824076231,0.0714285714285714,0.8485571438499262,0.5423061400119489,0.2480846595880987,0.03067798343388893,0.36444830802430617,0.23291602291135957,0.041258841600544494,0.49014678701960396,0.31324892381658,0.060611224560708984,0.03873615285799633,0.4601777492608175,0.0,1.0,1.0
183,0.5561918396564066,0.3351206697615548,47260,80,0.5714285714285714,0.540736517579111,0.202189134296889,1.0,1,0,1,0,1,0,0,0,0,0.44224170842419297,0.2890216771018411,0.4519851237430572,0.432260560264805,0.1841441733994889,0.3539402615995315,0.21325860803008034,0.338547383282222,0.5561918396564066,0.3351206697615548,0.5714285714285714,0.540736517579111,0.202189134296889,0.18639138182156628,0.3178239083750895,0.3007532384817246,0.11245594656312295,0.1914975255780313,0.18121198393564245,0.0677577581040824,0.308992295759492,0.11553664816965085,0.10933104837203496,0.0,0.0,1.0
184,0.2161775232641374,0.5739402971903488,10484,443,0.8571428571428571,0.8293719912372195,0.76287311278762,0.0,0,0,0,0,0,0,1,0,0,0.19571276241497015,0.4535822186470778,0.6190392084062234,0.6039727337682812,0.5669449284986696,0.11640328175761244,0.3090447754101878,0.06649887844959945,0.2161775232641374,0.5739402971903488,0.8571428571428571,0.8293719912372195,0.76287311278762,0.12407299194809256,0.18529501994068917,0.17929158293030797,0.16491602008723064,0.49194882616315605,0.4760100071320411,0.4378436210718531,0.710890278203331,0.6538912395322457,0.6327055926140044,0.0,1.0,0.0
185,0.0758768790264853,0.1782757769182524,32096,53,0.2857142857142857,0.8017203835583269,0.6456887930708778,1.0,0,1,0,1,1,0,0,0,1,0.07313603049601265,0.16405216387351046,0.2513144282809061,0.5887419770896051,0.49815901577094035,0.059015350353933016,0.1386589376030852,0.15603159048744908,0.0758768790264853,0.1782757769182524,0.2857142857142857,0.8017203835583269,0.6456887930708778,0.013527009558578915,0.021679108293281513,0.060832040556322554,0.04899285044059629,0.050935936262357824,0.14292732425006002,0.11511067123211943,0.22906296673095053,0.18448251230596507,0.5176618668400973,1.0,0.0,0.0
186,0.7065139584824625,0.4689517113483979,57972,443,0.6428571428571429,0.48950565829964,0.2079145853375121,0.0,0,1,0,1,1,0,1,0,0,0.5344526689282786,0.3845490248668345,0.4964368863138911,0.39844429195528364,0.18889538951067042,0.4300519747284554,0.2854488677772857,0.28159107296212793,0.7065139584824625,0.4689517113483979,0.6428571428571429,0.48950565829964,0.2079145853375121,0.3313209299218817,0.4541875447387259,0.3458425803448423,0.1468945567130454,0.3014689572953987,0.22955451617434028,0.09750190060831881,0.31468220890691145,0.13365937628840063,0.10177536596573553,0.0,1.0,0.0
187,0.1431639226914817,0.2252522277613359,20375,80,0.8571428571428571,0.7857451157422606,0.5194213202724534,0.0,0,1,1,0,0,0,1,0,0,0.1337997889580506,0.20314672301548606,0.6190392084062234,0.5798357599195728,0.41832955202253197,0.07708826606464399,0.12128966110225779,0.2663237954698072,0.1431639226914817,0.2252522277613359,0.8571428571428571,0.7857451157422606,0.5194213202724534,0.032247992521307924,0.12271193373555574,0.11249035300533433,0.07436239373979286,0.19307333808114505,0.17699083777353292,0.11700080953810447,0.6734958134933662,0.4452182745192457,0.40813276541647664,0.0,1.0,0.0
188,0.8167501789549033,0.3913129944572676,36365,443,0.8571428571428571,0.1207994717382341,0.2180940957705238,0.0,0,1,0,1,0,0,0,0,1,0.5970492890173712,0.33024790161742634,0.6190392084062234,0.1140422447149193,0.19728742063093868,0.43978855789879406,0.21070699701545176,-0.0972946240322897,0.8167501789549033,0.3913129944572676,0.8571428571428571,0.1207994717382341,0.2180940957705238,0.3196049582503524,0.7000715819613457,0.09866299015986049,0.17812839174958314,0.33541113810622936,0.04727040301474445,0.08534305368941376,0.1035424043470578,0.18693779637473468,0.026345651558307114,1.0,0.0,0.0
189,0.301360057265569,0.1358930565373035,44572,443,0.6428571428571429,0.2637080607130428,0.6145005288711323,0.0,0,1,1,0,1,0,0,0,1,0.2634099154804623,0.12741917549538465,0.4964368863138911,0.2340503044224716,0.47902563879194116,0.18343655659643332,0.0827175126748804,-0.35079246815808945,0.301360057265569,0.1358930565373035,0.6428571428571429,0.2637080607130428,0.6145005288711323,0.04095273930007499,0.19373146538500868,0.07947107627787474,0.18518591457032688,0.08735982205969511,0.03583609440382019,0.08350635511208768,0.16952661045838469,0.39503605427429933,0.16204874277574546,1.0,0.0,0.0
190,0.5612025769506085,0.1301648458206022,36476,443,0.1428571428571429,0.4356508678522273,0.0225095538399553,0.0,1,0,0,1,0,1,0,0,0,0.44545640694466726,0.12236350334178343,0.13353139262452268,0.3616183128289608,0.02225995249992676,0.49105225483178244,0.11389424009302693,0.413141314012272,0.5612025769506085,0.1301648458206022,0.1428571428571429,0.4356508678522273,0.0225095538399553,0.07304884690290059,0.0801717967072298,0.24448838968943895,0.01263241962099138,0.01859497797437175,0.05670642804559671,0.002929952605068326,0.06223583826460392,0.003215650548565044,0.009806306665342962,0.0,0.0,1.0
191,0.8496778811739442,0.5622395789579316,17905,443,0.7142857142857143,0.7163727974277236,0.1518375922988295,0.0,1,0,0,1,0,0,0,0,0,0.6150115056455306,0.4461204192705967,0.538996500732687,0.5402132253891127,0.1413585734279732,0.4956454306848007,0.3279730877254601,0.5645352051288941,0.8496778811739442,0.5622395789579316,0.7142857142857143,0.7163727974277236,0.1518375922988295,0.4777225341611058,0.6069127722671029,0.6086861206490394,0.12901304370702263,0.40159969925566547,0.402773140002679,0.08536910396407998,0.511694855305517,0.10845542307059251,0.10877232074980268,0.0,0.0,1.0
192,0.2884753042233356,0.6645684177684869,22712,80,0.4285714285714286,0.9896213711258124,0.5454555940009547,0.0,1,0,1,0,0,0,0,0,1,0.2534595846272942,0.5095658812846098,0.3566749439387324,0.6879443548676505,0.43531874972882134,0.20193271295633491,0.4651978924379408,0.4441657771248577,0.2884753042233356,0.6645684177684869,0.4285714285714286,0.9896213711258124,0.5454555940009547,0.19171157649298504,0.12363227323857241,0.28548132610143323,0.15735046841974565,0.2848150361864944,0.6576711087989616,0.3624925610681846,0.42412344476820535,0.2337666831432663,0.5397945128234692,1.0,0.0,1.0
193,0.2891911238367931,0.960886464121292,19771,443,0.2857142857142857,0.1959741614678032,0.0320083207706557,0.0,0,1,0,0,1,0,0,1,0,0.25401498591899424,0.6733966486086385,0.2513144282809061,0.17896105117115718,0.031506729789130376,0.2249264296508391,0.7473561387610049,0.16396584069714748,0.2891911238367931,0.960886464121292,0.2857142857142857,0.1959741614678032,0.0320083207706557,0.27787983643879877,0.08262603538194087,0.056673987997847154,0.009256522255794488,0.27453898974894053,0.18830891907193256,0.030756362167775463,0.05599261756222948,0.009145234505901628,0.006272803823021719,0.0,0.0,0.0
194,0.2891911238367931,0.6357306145294007,62780,443,0.2142857142857143,0.9661345315503328,0.8682215142749925,0.0,0,0,0,0,0,1,0,1,0,0.25401498591899424,0.4920895635768384,0.19415601444095748,0.6760694484531581,0.6249869164351541,0.2381573961008884,0.5235428590242123,0.0979130172753403,0.2891911238367931,0.6357306145294007,0.2142857142857143,0.9661345315503328,0.8682215142749925,0.18384765087321248,0.06196952653645566,0.2793975309565744,0.25108195545246736,0.13622798882772874,0.6142012994605678,0.5519549968176879,0.20702882818935706,0.18604746734464125,0.8388187859759905,0.0,0.0,0.0
195,0.9012168933428776,0.1377123443007674,17491,80,0.3571428571428571,0.8152160531684869,0.4392981956479285,0.0,0,1,1,0,0,0,0,0,0,0.6424941513393626,0.12901953072948144,0.30538164955118186,0.5962044981908011,0.36415563065402606,0.6640545529894887,0.10147225369530229,0.3759178575205584,0.9012168933428776,0.1377123443007674,0.3571428571428571,0.8152160531684869,0.4392981956479285,0.12410869110570233,0.3218631761938848,0.7346864788397459,0.39590295513295776,0.049182980107416924,0.11226531379345137,0.060496784369773404,0.2911485904173167,0.15689221273140302,0.35812294122014204,0.0,0.0,0.0
196,0.1760916249105225,0.1086436304930141,15126,443,0.2857142857142857,0.6537912908612924,0.9878214789872528,0.0,0,0,1,0,0,0,1,0,0,0.16219675878030623,0.10313731361827708,0.2513144282809061,0.5030704041542546,0.6870393048999969,0.13696015270818418,0.08450060149456654,-0.3340301881259604,0.1760916249105225,0.1086436304930141,0.2857142857142857,0.6537912908612924,0.9878214789872528,0.019131233429693244,0.05031189283157785,0.11512717076011302,0.1739470893563809,0.031041037283718313,0.07103025942388497,0.1073205117561538,0.18679751167465497,0.2822347082820722,0.6458290798875871,0.0,1.0,0.0
197,0.4516821760916248,0.6109008875318079,39892,53,0.0714285714285714,0.4883625181891613,0.8979745516986989,0.0,0,0,0,1,0,0,1,0,0,0.3727230054541119,0.47679357997563687,0.06899287148695142,0.3976765345537598,0.6407872921414203,0.4215700310188498,0.570174161696354,-0.40961203350953757,0.4516821760916248,0.6109008875318079,0.0714285714285714,0.4883625181891613,0.8979745516986989,0.275933042256672,0.032263012577973184,0.2205846449372661,0.4055990995861696,0.0436357776808434,0.29834109579902734,0.5485734506137125,0.03488303701351151,0.06414103940704989,0.43853711333735984,0.0,1.0,0.0
198,0.3815318539727989,0.129279818581026,1492,53,0.4285714285714286,0.8538271407793045,0.478068930407217,0.0,0,1,1,0,0,1,0,0,1,0.32319292264196947,0.12158010085462954,0.3566749439387324,0.6172522269713158,0.3907364590617961,0.2670722977809592,0.0904958730067182,0.37575821037208756,0.3815318539727989,0.129279818581026,0.4285714285714286,0.8538271407793045,0.478068930407217,0.04932436886448594,0.1635136517026281,0.325762251993822,0.18239852534505846,0.05540563653472543,0.11038261785950464,0.06180466459227015,0.36592591747684483,0.20488668446023586,0.4081882279450144,1.0,0.0,0.0
199,0.4910522548317824,0.027268060251515,37413,53,0.9285714285714284,0.0415204548938987,0.4472485548484616,0.0,0,1,0,0,0,1,0,0,1,0.3994820820040102,0.026902909791610103,0.6567795363890704,0.040681621366547724,0.3696642054264432,0.2546196876905539,0.01413899420448926,-0.4057280999545629,0.4910522548317824,0.027268060251515,0.9285714285714284,0.0415204548938987,0.4472485548484616,0.01339004247139534,0.4559770937723693,0.02038871299729027,0.21962241132859317,0.025320341662121066,0.0011321822657171406,0.012195600541010862,0.03855470811576307,0.41530222950214285,0.01856996344794693,1.0,0.0,0.0
200,0.9813886900501074,0.6917211216386677,5825,443,0.9285714285714284,0.9350728191580489,0.5025779477175166,0.0,1,0,0,0,1,0,0,1,0,0.6837979574805984,0.5257464258728823,0.6567795363890704,0.6601449584134736,0.4071822647621169,0.5088682096556113,0.35867021122004994,0.4324948714405322,0.9813886900501074,0.6917211216386677,0.9285714285714284,0.9350728191580489,0.5025779477175166,0.6788472854449631,0.911289497903671,0.9176698890949786,0.493224313758565,0.6423124700930485,0.6468096192818367,0.3476437817060203,0.8682819035039023,0.46667952288055103,0.4699469784188848,0.0,0.0,1.0
201,0.3335719398711524,0.3616441829438799,65413,53,0.7142857142857143,0.4973541372529908,0.822526442376952,0.0,0,0,0,1,0,0,0,0,1,0.2878610113446266,0.30869292759361405,0.538996500732687,0.40369964209174747,0.6002236936442316,0.19458363159150555,0.21095910671726326,-0.3251723051239612,0.3335719398711524,0.3616441829438799,0.7142857142857143,0.4973541372529908,0.822526442376952,0.12063435164770794,0.23826567133653745,0.16590338436642355,0.2743717409789976,0.2583172735313428,0.17986523060061615,0.29746190320314914,0.35525295518070776,0.5875188874121087,0.40908692911616085,1.0,0.0,0.0
202,0.8561202576950608,0.9428387445501348,4588,53,0.5714285714285714,0.3337141762152011,0.7866970419004377,0.0,1,0,1,0,0,1,0,0,1,0.6184884262817025,0.6641501739250125,0.4519851237430572,0.2879676638280821,0.5803686873337623,0.5448038003514024,0.5999882919864494,-0.45298286568523655,0.8561202576950608,0.9428387445501348,0.5714285714285714,0.3337141762152011,0.7866970419004377,0.8071833489491491,0.48921157582574903,0.28569946653785294,0.6735072742397448,0.5387649968857913,0.3146386549413227,0.7417284513267135,0.1906938149801149,0.4495411668002501,0.2625319552687401,1.0,0.0,1.0
203,0.0279169649248389,0.7831343541566888,8430,53,0.5714285714285714,0.181161753530783,0.4327353744503215,0.0,0,1,1,0,0,0,0,0,1,0.027534390351207635,0.578372688906218,0.4519851237430572,0.1664984910294965,0.3595854663713095,0.017765341315806572,0.4983582253724383,-0.2515736209195385,0.0279169649248389,0.7831343541566888,0.5714285714285714,0.181161753530783,0.4327353744503215,0.021862734296428644,0.015952551385622227,0.005057486319041179,0.012080658270266652,0.44750534523239355,0.14187399284922297,0.3388899379909054,0.10352100201759029,0.24727735682875512,0.07839509925022024,1.0,0.0,0.0
204,0.3657838224767358,0.3215831048957259,21645,80,0.3571428571428571,0.3798253596147116,0.1800677519402619,0.0,0,0,0,1,0,0,0,0,1,0.31172849275126996,0.2788303398769895,0.30538164955118186,0.3219569401570272,0.1655718537278134,0.2695249218249632,0.23695597202842958,0.1997576076744497,0.3657838224767358,0.3215831048957259,0.3571428571428571,0.3798253596147116,0.1800677519402619,0.1176298973526957,0.13063707945597705,0.13893397191347,0.06586587060950165,0.11485110889133066,0.1221454184630346,0.05790674676054279,0.13565191414811126,0.06430991140723638,0.06839429863572266,1.0,0.0,0.0
205,0.117394416607015,0.156770760242591,24950,443,0.0714285714285714,0.2131692284904414,0.4739782082878622,0.0,0,1,1,0,0,1,0,1,0,0.11099956125847021,0.145632295687445,0.06899287148695142,0.1932361325891236,0.38796500959263713,0.10956812216654734,0.14631937622641827,-0.2608089797974208,0.117394416607015,0.156770760242591,0.0714285714285714,0.2131692284904414,0.4739782082878622,0.01840401193971719,0.008385315471929639,0.025024877217202847,0.05564239524639182,0.011197911445899354,0.03341870201077309,0.07430592405170931,0.01522637346360295,0.03385558630627586,0.10103756898200532,0.0,0.0,0.0
206,0.8647100930565498,0.4491272200744626,27831,53,1.0,0.9396877299388864,0.1259548728609186,0.0,1,0,0,1,0,1,1,0,0,0.6231055949305055,0.3709614580175802,0.6931471805599453,0.6625269961701223,0.11863145152620691,0.4323550465282749,0.2245636100372313,0.8137328570779678,0.8647100930565498,0.4491272200744626,1.0,0.9396877299388864,0.1259548728609186,0.38836484026481805,0.8647100930565498,0.8125574643995525,0.10891444983249082,0.4491272200744626,0.4220393378855344,0.05656976190285675,0.9396877299388864,0.1259548728609186,0.11835824855341766,0.0,1.0,1.0
207,0.0393700787401574,0.2816655618100379,38135,80,0.9285714285714284,0.1032367484302598,0.3314805977323764,0.0,0,0,0,0,1,0,0,1,0,0.03861483612777951,0.24816045224234157,0.6567795363890704,0.09824835770200786,0.2862915544288252,0.02041411490230384,0.14604880982742707,-0.2282438493021166,0.0393700787401574,0.2816655618100379,0.9285714285714284,0.1032367484302598,0.3314805977323764,0.011089195346851863,0.036557930258717584,0.004064438914577149,0.013050417233558102,0.2615465931093208,0.029078236746050673,0.09336666878941698,0.09586269497095551,0.30780341218006374,0.034220979077609494,0.0,0.0,0.0
208,0.6657122405153901,0.9312260299691112,3547,443,0.3571428571428571,0.6287804466105209,0.3813401934271092,0.0,0,0,0,0,1,0,1,0,0,0.5102528040453299,0.6581550499204135,0.30538164955118186,0.4878315425196663,0.3230541825608444,0.4905248088008138,0.6861665483982924,0.24744025318341173,0.6657122405153901,0.9312260299691112,0.3571428571428571,0.6287804466105209,0.3813401934271092,0.6199285668369888,0.2377543716126393,0.4185868399053575,0.2538628345649331,0.33258072498896823,0.58553671901932,0.35511391439277984,0.22456444521804314,0.13619292622396753,0.23977925713364012,0.0,1.0,0.0
209,0.5969935576234788,0.6311810794704229,13262,80,0.0714285714285714,0.1798489864541199,8.062966055175091e-05,0.0,0,1,0,1,0,1,0,0,0,0.4681228351755707,0.4893043410632304,0.06899287148695142,0.16538645270648966,8.06264101553883e-05,0.5571939871152469,0.5891023408390614,0.17976835679356815,0.5969935576234788,0.6311810794704229,0.0714285714285714,0.1798489864541199,8.062966055175091e-05,0.37681103813767547,0.04264239697310561,0.1073686862582219,4.813538790276325e-05,0.0450843628193159,0.11351727741177287,5.0891916184387916e-05,0.012846356175294272,5.759261467982206e-06,1.4501162728372136e-05,0.0,0.0,0.0
210,0.8088761632068718,0.96964291960988,61625,443,0.9285714285714284,0.0478290222306005,0.7870119286098157,0.0,0,0,0,0,0,1,1,0,0,0.5927057481312324,0.6778522672392053,0.6567795363890704,0.04672042586244934,0.5805449113703536,0.4194172698109706,0.502777810168086,-0.7391829063792152,0.8088761632068718,0.96964291960988,0.9285714285714284,0.0478290222306005,0.7870119286098157,0.784321044494749,0.7510992944063808,0.038687755991824314,0.6365951892119482,0.900382711066317,0.04637707275776533,0.7631205442250242,0.04441266349984332,0.7307967908519716,0.03764201102922665,0.0,1.0,0.0
211,0.4108804581245525,0.2558110492865358,34448,53,0.6428571428571429,0.7552596710515083,0.3773155217173332,0.0,0,0,1,0,0,0,0,0,1,0.3442139478957583,0.22778161826287197,0.4964368863138911,0.5626168066858326,0.32013633054825824,0.2501011484236407,0.15571107347876093,0.3779441493341751,0.4108804581245525,0.2558110492865358,0.6428571428571429,0.7552596710515083,0.3773155217173332,0.1051077611241743,0.26413743736578377,0.31032143964464254,0.15503157442072238,0.16444996025563016,0.1932037689354902,0.09652147952260769,0.4855240742473982,0.24255997824685707,0.28497119681486127,1.0,0.0,0.0
212,0.0171796707229778,0.4725797715565568,27983,80,0.7857142857142857,0.8158397082723576,0.9296165795720236,0.0,1,0,0,0,1,0,1,0,0,0.01703376884013881,0.38701580930819107,0.5798184952529422,0.5965480099135492,0.6573213197464156,0.009620615604867568,0.2646446720716718,-0.11377687129966596,0.0171796707229778,0.4725797715565568,0.7857142857142857,0.8158397082723576,0.9296165795720236,0.008118764865681716,0.013498312710911129,0.014015857550849373,0.015970506735668258,0.3713126776515803,0.3855493429621187,0.4393179908093346,0.6410169136425667,0.7304130268065899,0.7584181190831867,0.0,1.0,1.0
213,0.4638511095204009,0.7008647902980304,14140,80,0.5,0.7613181659148003,0.8297262204800103,0.0,0,1,0,0,1,0,1,0,0,0.3810707092199403,0.5311368218934113,0.4054651081081644,0.5660624866271854,0.6041663493661152,0.30923407301360056,0.46724319353202026,-0.06840805456521004,0.4638511095204009,0.7008647902980304,0.5,0.7613181659148003,0.8297262204800103,0.32509691060352447,0.23192555476020044,0.35313827595761677,0.38486942796782153,0.3504323951490152,0.5335810967039576,0.5815258935214997,0.38065908295740014,0.41486311024000516,0.6316856443872607,0.0,1.0,0.0
214,0.5225483178239084,0.1142011431855537,50921,443,0.2142857142857143,0.1441493754632921,0.5296747507731462,1.0,0,0,1,0,0,1,0,0,0,0.4203854559432754,0.10813768461872923,0.19415601444095748,0.1346614573911227,0.42505513161173725,0.43033390879615985,0.09404800027045598,-0.3855253753098541,0.5225483178239084,0.1142011431855537,0.2142857142857143,0.1441493754632921,0.5296747507731462,0.05967561526517839,0.11197463953369467,0.07532501366371026,0.2767806500103055,0.02447167353976151,0.016462023467391562,0.06048946205481654,0.030889151884991167,0.11350173230853133,0.07635228452262391,0.0,0.0,0.0
215,0.9906943450250536,0.0875286892236955,11623,80,0.6428571428571429,0.7917189150334298,0.1139269692947665,0.0,0,0,1,0,0,1,0,1,0,0.688483494977003,0.08390786452808459,0.4964368863138911,0.5831754467995411,0.10789158217009956,0.6030313404500327,0.05327833257094509,0.6777919457386633,0.9906943450250536,0.0875286892236955,0.6428571428571429,0.7917189150334298,0.1139269692947665,0.08671417744137049,0.6368749360875345,0.7843514519729898,0.1128668042261681,0.05626844307237568,0.06929811886648246,0.009971878289599117,0.5089621596643478,0.07323876597520705,0.09019813652309941,0.0,0.0,0.0
216,0.740873299928418,0.4218288550059277,32005,443,0.1428571428571429,0.5111648637255337,0.4799752080283673,0.0,0,1,0,1,1,0,1,0,0,0.5543868838290957,0.3519439690083433,0.13353139262452268,0.41288078635620695,0.3920253363035343,0.6482641374373658,0.36910024813018677,0.03118965569716642,0.740873299928418,0.4218288550059277,0.1428571428571429,0.5111648637255337,0.4799752080283673,0.3125217358132678,0.10583904284691689,0.37870839939579626,0.35560081625580536,0.06026126500084684,0.21562408918460296,0.20246739243383813,0.07302355196079055,0.06856788686119535,0.24534646180345507,0.0,1.0,0.0
217,0.3815318539727989,0.7831730201809388,56193,443,0.2857142857142857,0.2363427908479929,0.6294674615467758,0.0,0,0,1,0,1,0,1,0,0,0.32319292264196947,0.5783943729733457,0.2513144282809061,0.21215765945796342,0.4882532507296011,0.29674699753439915,0.6091345712518413,-0.3931246706987829,0.3815318539727989,0.7831730201809388,0.2857142857142857,0.2363427908479929,0.6294674615467758,0.29880545437110984,0.10900910113508538,0.09017230316534017,0.24016188761949286,0.22376372005169679,0.18509729730641455,0.49298193296521736,0.0675265116708551,0.17984784615622165,0.14877009660996665,0.0,1.0,0.0
218,0.1295633500357909,0.1053394566081884,63508,443,0.4285714285714286,0.6771118140298844,0.8233456688335743,0.0,0,1,0,0,0,1,0,0,1,0.12183114214885765,0.1001524883436853,0.3566749439387324,0.5170731556511183,0.6006730930995173,0.09069434502505362,0.07373761962573187,-0.1462338548036899,0.1295633500357909,0.1053394566081884,0.4285714285714286,0.6771118140298844,0.8233456688335743,0.013648132889106719,0.05552715001533896,0.08772887497452327,0.10667542309153676,0.04514548140350932,0.07132659055289274,0.08673078535563415,0.29019077744137906,0.35286242950010327,0.55749707939755,1.0,0.0,0.0
219,0.3321403006442376,0.4146898460495388,15508,53,0.0,0.2148492001784614,0.7156837291341647,1.0,1,0,0,1,1,0,0,0,1,0.2867868973852889,0.3469103169985492,0.0,0.1946199540101423,0.5398116770477699,0.3321403006442376,0.4146898460495388,-0.5008345289557032,0.3321403006442376,0.4146898460495388,0.0,0.2148492001784614,0.7156837291341647,0.13773521014100643,0.0,0.07136007794044816,0.23770740896081058,0.0,0.0890957817458727,0.2967867754548066,0.0,0.0,0.1537640767852139,1.0,0.0,1.0
220,0.9212598425196852,0.2605009525364862,3965,53,0.0714285714285714,0.2867991948628603,0.8782778010187983,1.0,0,1,0,1,0,1,0,0,0,0.6529811388346106,0.2315092233270166,0.06899287148695142,0.2521578906931231,0.6303552937115898,0.8598425196850396,0.24313422236738713,-0.591478606155938,0.9212598425196852,0.2605009525364862,0.0714285714285714,0.2867991948628603,0.8782778010187983,0.23998906650999124,0.06580427446569177,0.2642165810941312,0.8091220686551135,0.018607210895463293,0.07471146344847243,0.22879220375704742,0.020485656775918584,0.06273412864419985,0.2518893661981148,0.0,0.0,0.0
221,0.3707945597709376,0.5763989298682425,51868,53,1.0,0.6322242493591572,0.2991284780889734,1.0,0,0,0,0,1,0,0,0,1,0.31539054235778446,0.4551430874931643,0.6931471805599453,0.4899436547979046,0.2616936381779199,0.1853972798854688,0.28819946493412124,0.3330957712701838,0.3707945597709376,0.5763989298682425,1.0,0.6322242493591572,0.2991284780889734,0.21372558745293452,0.3707945597709376,0.23442531221764018,0.11091521234795146,0.5763989298682425,0.3644133807673711,0.1724173346636003,0.6322242493591572,0.2991284780889734,0.18911627752174834,1.0,0.0,0.0
222,0.7322834645669292,0.0749452839573581,26209,53,0.5,0.3390587288553162,0.1631087724723061,1.0,0,0,0,0,1,0,0,0,1,0.5494404598937703,0.07226976163992811,0.4054651081081644,0.29196692598268975,0.15109639665433908,0.4881889763779528,0.04996352263823873,0.1759499563830101,0.7322834645669292,0.0749452839573581,0.5,0.3390587288553162,0.1631087724723061,0.05488119218924648,0.3661417322834646,0.24828710065782997,0.11944185700727927,0.03747264197867905,0.025410852712282557,0.012224233268873093,0.1695293644276581,0.08155438623615305,0.055303453059611096,1.0,0.0,0.0
223,0.0150322118826055,0.9662820838830978,14279,443,0.2142857142857143,0.2995395918263615,0.8545672299002228,0.0,1,0,1,0,0,0,0,1,0,0.014920347835110908,0.6761444925531424,0.19415601444095748,0.26201004160441155,0.6176513695957333,0.012379468609204528,0.7957617161390216,-0.5550276380738614,0.0150322118826055,0.9662820838830978,0.2142857142857143,0.2995395918263615,0.8545672299002228,0.014525357023296307,0.0032211882605583217,0.004502742611563032,0.012846035667791396,0.20706044654637812,0.2894397409954691,0.8257530037261936,0.06418705539136317,0.18312154926433347,0.25597671923249715,0.0,0.0,1.0
224,0.8582677165354331,0.531304677605893,22922,80,0.9285714285714284,0.4101719552392673,0.2301680315516444,0.0,0,0,0,0,0,1,0,0,1,0.6196447185670189,0.4261201024976475,0.6567795363890704,0.34371165102468615,0.20715077107148788,0.44502770487022464,0.27549131431416674,0.1800039236876229,0.8582677165354331,0.531304677605893,0.9285714285714284,0.4101719552392673,0.2301680315516444,0.4560016524334042,0.7969628796400449,0.3520373474100798,0.19754579085928536,0.49335434349118623,0.21792627844137766,0.12228935179872942,0.38087395843646243,0.21372745786938405,0.09440847153511135,1.0,0.0,0.0
225,0.9005010737294201,0.3935497337821707,64616,80,0.7142857142857143,0.7215762096740326,0.2420449003145271,0.0,0,1,1,0,1,0,0,0,1,0.6421175744190774,0.3318542571359165,0.538996500732687,0.5432402721596167,0.21675913447983539,0.5252922930088284,0.22957067803959955,0.4795313093595055,0.9005010737294201,0.3935497337821707,0.7142857142857143,0.7215762096740326,0.2420449003145271,0.35439195783677213,0.6432150526638716,0.6497801515890715,0.21796169262396212,0.2811069527015505,0.28397612522076326,0.09525670608211419,0.5154115783385947,0.1728892145103765,0.17465384173988552,1.0,0.0,0.0
226,0.7494631352899069,0.0602604722702464,16763,443,0.5,0.616301563293713,0.0702606859787092,0.0,0,1,0,0,0,1,1,0,0,0.5593089610345242,0.058514606494495164,0.4054651081081644,0.48014055363832614,0.06790225055622107,0.49964209019327127,0.040173648180164265,0.5460408773150038,0.7494631352899069,0.0602604722702464,0.5,0.616301563293713,0.0702606859787092,0.04516300248170936,0.37473156764495347,0.46189530191017714,0.052657794001223,0.0301302361351232,0.0371386232649703,0.004233942119108496,0.3081507816468565,0.0351303429893546,0.04330177060676714,0.0,1.0,0.0
227,0.6463851109520401,0.6750140686786653,52018,443,0.0,0.6922886898559906,0.085986474028709,0.0,1,0,0,0,1,0,0,0,0,0.4985820426602792,0.5158215644529001,0.0,0.5260818671122764,0.08248876658032224,0.6463851109520401,0.6750140686786653,0.6063022158272816,0.6463851109520401,0.6750140686786653,0.0,0.6922886898559906,0.085986474028709,0.4363190436770471,0.0,0.44748510160340693,0.05558037655542178,0.0,0.46730460523991485,0.05804207968545125,0.0,0.0,0.059527463450671114,0.0,0.0,1.0
228,0.0200429491768074,0.14680795772934,22544,53,0.3571428571428571,0.0546745993460806,0.203425928718088,0.0,0,1,0,0,0,0,0,0,0,0.01984473344578904,0.13698239407637183,0.30538164955118186,0.05323228271288047,0.18517242978945514,0.014768488867121241,0.10817428464267156,-0.1487513293720074,0.0200429491768074,0.14680795772934,0.3571428571428571,0.0546745993460806,0.203425928718088,0.0029424644355200507,0.00715819613457407,0.0010958402159558006,0.004077255550541483,0.05243141347476428,0.008026666269668001,0.029864545144296796,0.01952664262360021,0.07265211739931714,0.011122231149265813,0.0,0.0,0.0
229,0.725125268432355,0.711536998711255,20658,443,0.2142857142857143,0.0531287292208055,0.424497057164543,0.0,0,1,1,0,0,1,0,1,0,0.5452996672277388,0.5373917964647883,0.19415601444095748,0.05176547565219448,0.35381880908113533,0.5971619857678218,0.5859716459975041,-0.37136832794373753,0.725125268432355,0.711536998711255,0.2142857142857143,0.0531287292208055,0.424497057164543,0.515953457190051,0.15538398609264753,0.03852498403770649,0.307813542525184,0.15247221400955466,0.0378030565351149,0.30204536201661897,0.011384727690172607,0.09096365510668779,0.0225529892051238,0.0,0.0,0.0
230,0.3242662848962061,0.4856620900397954,62626,443,0.5,0.8162072149392259,0.1503109002350633,0.0,1,0,0,0,1,0,1,0,0,0.28085855881540867,0.395860524770897,0.4054651081081644,0.5967503788123505,0.14003225386820478,0.21617752326413742,0.3237747266931969,0.6658963147041626,0.3242662848962061,0.4856620900397954,0.5,0.8162072149392259,0.1503109002350633,0.1574838416521312,0.16213314244810306,0.264668481293822,0.048740757198628255,0.2428310450198977,0.3964009019129449,0.07300030596392401,0.40810360746961294,0.07515545011753165,0.12268484125586884,0.0,1.0,1.0
231,0.266284896206156,0.9707764179173226,4537,80,0.0,0.7388350853351309,0.9762238130195234,0.0,0,1,0,1,0,0,0,1,0,0.2360873349028234,0.6784275858749212,0.0,0.5532153978304304,0.6811878586097406,0.266284896206156,0.9707764179173226,-0.23738872768439256,0.266284896206156,0.9707764179173226,0.0,0.7388350853351309,0.9762238130195234,0.25850309768449814,0.0,0.1967406240119317,0.2599536567238816,0.0,0.7172436775732777,0.9476950562886831,0.0,0.0,0.7212684041984664,0.0,0.0,0.0
232,0.6349319971367215,0.881176168366056,6438,443,0.5,0.0532581585672486,0.426128216436748,0.0,0,1,0,0,0,1,0,0,0,0.49160121151893904,0.6318972026936365,0.4054651081081644,0.051888367935047516,0.3549632312998944,0.4232879980911477,0.587450778910704,-0.3728700578694994,0.6349319971367215,0.881176168366056,0.5,0.0532581585672486,0.426128216436748,0.559486944409944,0.3174659985683608,0.03381530898292735,0.2705624394984935,0.440588084183028,0.04692982010051996,0.375494028992395,0.0266290792836243,0.213064108218374,0.022694804120967155,0.0,0.0,0.0
233,0.0415175375805297,0.7536625234860557,41420,443,0.0714285714285714,0.2778096293950503,0.8076280705655932,0.0,0,1,0,1,1,0,0,1,0,0.040678820348631066,0.5617064714961628,0.06899287148695142,0.24514738507495173,0.5920155276253786,0.03874970174182772,0.7034183552536519,-0.5298184411705429,0.0415175375805297,0.7536625234860557,0.0714285714285714,0.2778096293950503,0.8076280705655932,0.03129021214186917,0.002965538398609263,0.01153397172864203,0.033530728770797706,0.05383303739186109,0.2093747063385995,0.6086790097006392,0.019843544956789295,0.05768771932611377,0.22436685497286696,0.0,0.0,0.0
234,0.2956335003579098,0.0598097768721176,42258,443,0.7857142857142857,0.2964874614538431,0.9580435397740562,1.0,0,0,0,1,1,0,0,0,1,0.2589997650029096,0.05808943623883929,0.5798184952529422,0.25965865487680734,0.6719457807221948,0.1655547602004295,0.03349347504838586,-0.6615560783202131,0.2956335003579098,0.0598097768721176,0.7857142857142857,0.2964874614538431,0.9580435397740562,0.017681773692329684,0.23228346456692914,0.0876516260418305,0.28322976515868664,0.046993396113806686,0.017732848914934922,0.05730037034766003,0.23295443399944812,0.7527484955367585,0.2840478970698639,1.0,0.0,0.0
235,0.8639942734430923,0.6708966260321958,45331,443,0.6428571428571429,0.4238441826562438,0.0728616433518443,0.0,0,1,0,0,0,0,0,0,0,0.622721644071498,0.513360384164139,0.4964368863138911,0.35336038471076464,0.07032951158049489,0.5259095577479692,0.40837185932394526,0.3509825393043995,0.8639942734430923,0.6708966260321958,0.6428571428571429,0.4238441826562438,0.0728616433518443,0.5796508429641091,0.5554248900705594,0.3661989466471627,0.06295204260964643,0.4312906881635545,0.2843556321074477,0.04888263069191351,0.2724712602790139,0.04683962786904276,0.030881983673453184,0.0,0.0,0.0
236,0.1002147458840372,0.3112921500894789,12812,53,1.0,0.3542989245932562,0.149301167311103,0.0,0,0,0,0,0,0,1,0,0,0.09550538428163402,0.2710130251798755,0.6931471805599453,0.30328392161054,0.13915407706342794,0.0501073729420186,0.15564607504473946,0.2049977572821532,0.1002147458840372,0.3112921500894789,1.0,0.3542989245932562,0.149301167311103,0.031196063716912695,0.1002147458840372,0.035505976695100826,0.014962178542272308,0.3112921500894789,0.11029047401102487,0.046476281383142276,0.3542989245932562,0.149301167311103,0.052897243018841605,0.0,1.0,0.0
237,0.1023622047244094,0.8752672639670144,50698,53,0.5,0.1567232182434317,0.5966395086674682,0.0,0,1,1,0,1,0,0,1,0,0.09745533615071299,0.6287511900468097,0.4054651081081644,0.1455911959486014,0.4679011134247546,0.06824146981627294,0.5835115093113429,-0.43991629042403646,0.1023622047244094,0.8752672639670144,0.5,0.1567232182434317,0.5966395086674682,0.08959428686276522,0.0511811023622047,0.01604253415090245,0.06107333553289042,0.4376336319835072,0.13717470243203372,0.5222190303259986,0.07836160912171584,0.2983197543337341,0.09350726392954546,0.0,0.0,0.0
238,0.05798138869005,0.9426333356435236,40952,53,0.2142857142857143,0.237102360488504,0.6832612544621108,0.0,0,1,0,0,0,1,0,0,0,0.05636274225118516,0.6640444421618894,0.19415601444095748,0.2127718389670401,0.5207331345709743,0.04774937892121764,0.7762862764123135,-0.44615889397360686,0.05798138869005,0.9426333356435236,0.2142857142857143,0.237102360488504,0.6832612544621108,0.0546551898261455,0.012424583290725,0.013747524122812303,0.03961643637181881,0.20199285763789793,0.2235005889562317,0.6440648354095979,0.05080764867610801,0.14641312595616662,0.16200285626330285,0.0,0.0,0.0
239,0.6692913385826772,0.5069843459081335,52039,80,0.5,0.4940376544758811,0.5741394919129796,0.0,0,1,1,0,1,0,0,0,1,0.5123991882134211,0.41011053200456327,0.4054651081081644,0.4014822901921324,0.453708768630713,0.4461942257217848,0.3379895639387556,-0.08010183743709853,0.6692913385826772,0.5069843459081335,0.5,0.4940376544758811,0.5741394919129796,0.3393202315133177,0.3346456692913386,0.33065512307440864,0.38426658907561634,0.25349217295406673,0.25046935710844304,0.2910797347675301,0.24701882723794055,0.2870697459564898,0.28364652792666256,1.0,0.0,0.0
240,0.6492483894058697,0.7387284863480668,33310,80,0.8571428571428571,0.801325267021328,0.3158135663062504,0.0,0,0,0,1,0,1,1,0,0,0.50031966255882,0.553154091122501,0.6190392084062234,0.5885226534523821,0.2744551559268774,0.3495952866031606,0.39777687726434363,0.4855117007150776,0.6492483894058697,0.7387284863480668,0.8571428571428571,0.801325267021328,0.3158135663062504,0.47961827996971834,0.5564986194907454,0.5202591390038257,0.2050414492768569,0.6331958454412,0.591961801579126,0.23330047780560118,0.686850228875424,0.2706973425482146,0.25306939034931397,0.0,1.0,0.0
241,0.9341445955619184,0.4778206681123015,51496,53,0.0,0.5993657058872497,0.9536565295985164,0.0,0,1,0,1,0,0,0,0,1,0.6596651592631824,0.39056848100495417,0.0,0.4696071168246056,0.6697027600728386,0.9341445955619184,0.4778206681123015,-0.35429082371126674,0.9341445955619184,0.4778206681123015,0.0,0.5993657058872497,0.9536565295985164,0.44635359476489156,0.0,0.5598942349197286,0.8908530931467888,0.0,0.2863893220306469,0.45567680012242195,0.0,0.0,0.5715890190367996,1.0,0.0,0.0
242,0.9269863994273444,0.9673982228455116,17109,80,0.2142857142857143,0.6924566653463815,0.2720100308516421,0.0,0,0,0,1,0,0,0,1,0,0.6559573315076567,0.6767119707950612,0.19415601444095748,0.5261811215452699,0.24059835077649266,0.7634005642342836,0.796680889402186,0.4204466344947394,0.9269863994273444,0.9673982228455116,0.2142857142857143,0.6924566653463815,0.2720100308516421,0.8967649954079725,0.19863994273443095,0.6418979109689078,0.25214959910728457,0.20729961918118106,0.6698813474536186,0.26314202044203133,0.1483835711456532,0.058287863753923315,0.18835515890429444,0.0,0.0,0.0
243,0.7208303507516106,0.5820473455589676,7006,80,0.2142857142857143,0.146971814825684,0.2609783081395269,0.0,0,1,1,0,1,0,0,0,1,0.5428069363981364,0.45871979655817446,0.19415601444095748,0.1371252648947331,0.23188785472501236,0.5936249947366204,0.47933310810738505,-0.11400649331384288,0.7208303507516106,0.5820473455589676,0.2142857142857143,0.146971814825684,0.2609783081395269,0.41955739225331456,0.15446364658963085,0.10594174483139857,0.18812108539477707,0.12472443119120737,0.0855445546912735,0.15190173150108194,0.03149396031978943,0.05592392317275576,0.038356455577402845,1.0,0.0,0.0
244,0.8883321403006442,0.5157119789513988,13036,443,0.9285714285714284,0.7263841958447612,0.1161947108494262,0.0,1,0,1,0,1,0,0,0,0,0.6356939740202981,0.41588528167119143,0.6567795363890704,0.546029161080365,0.10992532082793414,0.4606166653410748,0.2674062113081327,0.610189484995335,0.8883321403006442,0.5157119789513988,0.9285714285714284,0.7263841958447612,0.1161947108494262,0.4581235260405768,0.8248798445648837,0.645270427375339,0.10321949618048526,0.47887540902629877,0.3746050311181222,0.05992300427584315,0.6744996104272781,0.10789508864589574,0.08440200160177501,0.0,0.0,1.0
245,0.2519685039370078,0.9595018818167632,26964,80,1.0,0.1705908132332405,0.2772428816890744,0.0,1,0,1,0,1,0,0,0,1,0.2247171157616402,0.6726902990126702,0.6931471805599453,0.15750858993135783,0.2447037560592566,0.1259842519685039,0.4797509409083816,-0.10665206845583391,0.2519685039370078,0.9595018818167632,1.0,0.1705908132332405,0.2772428816890744,0.2417642536861135,0.2519685039370078,0.04298351199577712,0.06985647412638094,0.9595018818167632,0.16368220631794625,0.26601506670096914,0.1705908132332405,0.2772428816890744,0.047295088650466284,1.0,0.0,1.0
246,0.8110236220472441,0.6527009791867556,8729,53,0.2857142857142857,0.2288646732144519,0.0403951389852454,0.0,1,0,1,0,0,1,1,0,0,0.5938922224646042,0.5024109066414787,0.2513144282809061,0.20609071322295464,0.03960058232581715,0.6307961504811899,0.5076563171452544,0.18846953422920648,0.8110236220472441,0.6527009791867556,0.2857142857142857,0.2288646732144519,0.0403951389852454,0.5293559122538254,0.23172103487064116,0.18561465622904366,0.03276141193291556,0.18648599405335875,0.1493801963083296,0.02636594677005476,0.06538990663270054,0.011541468281498686,0.009245020283310555,0.0,1.0,1.0
247,0.9892627057981388,0.1821779787180397,27105,80,0.2857142857142857,0.3999239281865989,0.0953132415763378,0.0,1,0,0,1,0,1,1,0,0,0.6877640704855419,0.1673584818602872,0.2513144282809061,0.3364178981353319,0.09104038772608729,0.769426548954108,0.14169398344736422,0.3046106866102611,0.9892627057981388,0.1821779787180397,0.2857142857142857,0.3999239281865989,0.0953132415763378,0.1802218801634437,0.28264648737089676,0.39562982731129537,0.0942898352601996,0.05205085106229705,0.07285733287801305,0.017363973695441445,0.1142639794818854,0.027232354736096514,0.038118045979407274,0.0,1.0,1.0
248,0.5483178239083751,0.5482432127194945,62154,443,0.8571428571428571,0.0782645495137623,0.6189252575190417,0.0,0,0,1,0,1,0,0,1,0,0.437169066696097,0.43712087698627855,0.6190392084062234,0.07535285009146837,0.48176250779847163,0.2952480590275866,0.2952078837720355,-0.5406607080052794,0.5483178239083751,0.5482432127194945,0.8571428571428571,0.0782645495137623,0.6189252575190417,0.30061152537088964,0.46998670620717864,0.04291384747855542,0.3393677503647716,0.4699227537595667,0.04290800806746899,0.3393215716154799,0.06708389958322482,0.53050736358775,0.04843990646241712,0.0,0.0,0.0
249,0.493915533285612,0.0030034340473844,48732,80,1.0,0.3759562637695692,0.9002565286003067,0.0,0,1,1,0,0,0,0,1,0,0.40140054782023893,0.0029989327499936025,0.6931471805599453,0.3191489539548113,0.6419888921114758,0.246957766642806,0.0015017170236922,-0.5243002648307376,0.493915533285612,0.0030034340473844,1.0,0.3759562637695692,0.9002565286003067,0.0014834427292020299,0.493915533285612,0.18569063851181297,0.44465068341747427,0.0030034340473844,0.0011291598429329544,0.0027038611093782488,0.3759562637695692,0.9002565286003067,0.3384570809267336,0.0,0.0,0.0
250,0.2455261274158911,0.9107035393137072,47515,80,0.5714285714285714,0.7424006372649412,0.5960990025156143,0.0,0,0,0,1,1,0,1,0,0,0.21955803295161283,0.6474715194265256,0.4519851237430572,0.5552638389362425,0.4675625287551211,0.15624389926465798,0.5795386159269046,0.1463016347493269,0.2455261274158911,0.9107035393137072,0.5714285714285714,0.7424006372649412,0.5960990025156143,0.22360151323164026,0.14030064423765207,0.18227875345875072,0.14635787964413433,0.5204020224649755,0.6761068879459337,0.5428694713723404,0.4242289355799664,0.3406280014374939,0.4425442793405879,0.0,1.0,0.0
251,0.8575518969219756,0.7530706614975772,28289,443,0.7857142857142857,0.7405945358489747,0.6419796148122938,0.0,0,0,0,1,0,1,0,0,0,0.6192594363430272,0.5613689140243637,0.5798184952529422,0.5542267421341622,0.49590259610073173,0.4802290622763064,0.4217195704386432,0.0986149210366809,0.8575518969219756,0.7530706614975772,0.7857142857142857,0.7405945358489747,0.6419796148122938,0.6457971742835343,0.6737907761529809,0.6350982490673384,0.5505308364675218,0.5916983768909535,0.5577200170132786,0.4834560131946539,0.5818957067384801,0.5044125544953737,0.47544659485641433,0.0,0.0,0.0
252,0.0093056549749463,0.6071625907389189,11784,53,0.2142857142857143,0.9662852585483588,0.357977614108036,0.0,0,1,0,1,1,0,0,0,1,0.009262624115252133,0.4744702582017274,0.19415601444095748,0.676146107104139,0.305996544544107,0.007663480567602835,0.5000162511967566,0.6083076444403228,0.0093056549749463,0.6071625907389189,0.2142857142857143,0.9662852585483588,0.357977614108036,0.005650045583110905,0.001994068923202779,0.008991917223427808,0.0033312161656438525,0.13010626944405404,0.5866922609730476,0.2173506156083721,0.20706112683179118,0.0767094887374363,0.3459084914029082,1.0,0.0,0.0
253,0.2297780959198282,0.2997254786310372,23296,443,0.2142857142857143,0.9429055263634698,0.3481497168661269,0.0,1,0,0,0,0,0,0,0,0,0.20683374328723886,0.2621530718840897,0.19415601444095748,0.6641845466519269,0.2987330722471786,0.18922902016927026,0.24683274710791298,0.5947558094973429,0.2297780959198282,0.2997254786310372,0.2142857142857143,0.9429055263634698,0.3481497168661269,0.06887034977849889,0.04923816341139176,0.21665903648008147,0.07999717903652594,0.0642268882780794,0.28261281019314105,0.10434934052295997,0.20205118422074356,0.0746035107570272,0.32827229203494834,0.0,0.0,1.0
254,0.8833214030064424,0.510132768650519,37711,443,0.5714285714285714,0.576027078495251,0.1454499491915939,0.0,0,0,1,0,0,0,0,0,1,0.6330369217833308,0.4121975732201679,0.4519851237430572,0.454907173074409,0.13579752854049795,0.5621136200950088,0.32462994368669396,0.4305771293036571,0.8833214030064424,0.510132768650519,0.5714285714285714,0.576027078495251,0.1454499491915939,0.45061119292393736,0.5047550874322527,0.5088170471461272,0.12847905318713448,0.291504439228868,0.29385028837045224,0.07419878528118512,0.32915833056871485,0.0831142566809108,0.08378310930011654,1.0,0.0,0.0
255,0.8668575518969219,0.5931174973803254,34777,53,0.2142857142857143,0.310069866308722,0.4805772591126869,0.0,1,0,0,0,0,1,0,0,0,0.6242565637895817,0.46569278676427045,0.19415601444095748,0.27008046885099624,0.39243205167122386,0.713882689797465,0.48844970372497376,-0.17050739280396487,0.8668575518969219,0.5931174973803254,0.2142857142857143,0.310069866308722,0.4805772591126869,0.5141483817663378,0.18575518969219756,0.26878640522538466,0.41659202633175646,0.1270966065814983,0.18390786311808127,0.285038781222813,0.06644354278044044,0.10298084123843292,0.1490125264840829,0.0,0.0,1.0
256,0.6292054402290623,0.7669144084276598,6986,443,0.3571428571428571,0.7305737853183789,0.6427797219023158,0.0,0,0,0,1,1,0,0,0,0,0.4880924359892598,0.5692347532439607,0.30538164955118186,0.5484530213341685,0.49638975940484537,0.46362506122141434,0.5650948272624862,0.0877940634160631,0.6292054402290623,0.7669144084276598,0.3571428571428571,0.7305737853183789,0.6427797219023158,0.48254671797273657,0.2247162286532365,0.45968100021106306,0.40444049788986086,0.27389800300987843,0.5602875623802007,0.4929570301720102,0.26091920904227817,0.22956418639368417,0.46959801455606975,0.0,0.0,0.0
257,0.2161775232641374,0.6642687285723206,2667,80,0.2857142857142857,0.6719317795007331,0.2982461184088337,0.0,1,0,0,0,1,0,0,1,0,0.19571276241497015,0.5093858248962668,0.2513144282809061,0.5139797120960852,0.26101421387364576,0.16813807364988465,0.5166534555562494,0.37368566109189943,0.2161775232641374,0.6642687285723206,0.2857142857142857,0.6719317795007331,0.2982461184088337,0.1435999685245818,0.061765006646896395,0.14525654789493297,0.06447410720076432,0.1897910653063773,0.44634326885628883,0.19811556987706572,0.1919805084287809,0.08521317668823819,0.20040104507163398,0.0,0.0,1.0
258,0.957766642806013,0.650769552066215,37398,80,0.7142857142857143,0.8058684354028767,0.0475215496132359,1.0,1,0,0,1,0,0,0,0,0,0.6718043555991198,0.5012415743757029,0.538996500732687,0.591041603727072,0.046426945025683244,0.5586972083035076,0.3796155720386254,0.7583468857896407,0.957766642806013,0.650769552066215,0.7142857142857143,0.8058684354028767,0.0475215496132359,0.6232853691228316,0.6841190305757235,0.7718339059191476,0.045514555034008336,0.46483539433301074,0.5244346407314315,0.030925577555297942,0.5756203110020548,0.033943964009454215,0.038296116834738596,0.0,0.0,1.0
259,0.2970651395848246,0.7907617691871124,17180,443,0.5714285714285714,0.8584476154337617,0.0990679188331568,0.0,1,0,0,0,0,1,1,0,0,0.26010412734596283,0.5826410987019741,0.4519851237430572,0.6197415238816049,0.09446247408802821,0.18904145246307022,0.5032120349372533,0.7593796966006049,0.2970651395848246,0.7907617691871124,0.5714285714285714,0.8584476154337617,0.0990679188331568,0.2349077553419124,0.16975150833418548,0.2550148607050903,0.0294296251365498,0.45186386810692136,0.6788275551348593,0.07833912276619232,0.4905414945335781,0.056610239333232455,0.0850446186883089,0.0,1.0,1.0
260,0.3514674302075876,0.4871255917689814,39294,53,0.9285714285714284,0.3341409504087025,0.0293529737031599,0.0,0,0,1,0,0,1,0,0,0,0.3011909874484841,0.39684512374267855,0.6567795363890704,0.28828760188834845,0.02893042398255467,0.18224237121874914,0.2525836401765089,0.3047879767055426,0.3514674302075876,0.4871255917689814,0.9285714285714284,0.3341409504087025,0.0293529737031599,0.17120877992739428,0.3263626137641884,0.11743966116726763,0.010316614236400505,0.4523309066426255,0.16276860820208908,0.014298584685331116,0.3102737396652237,0.02725633272436276,0.0098080305304955,0.0,0.0,0.0
261,0.5476020042949177,0.019314816738564,9798,53,0.5714285714285714,0.5611886444002021,0.900026244871344,1.0,1,0,0,0,0,1,0,0,1,0.43670663894219175,0.01913065327667583,0.4519851237430572,0.4454474826623344,0.6418676991671759,0.34847400273312945,0.012291247015449818,-0.33883760047114186,0.5476020042949177,0.019314816738564,0.5714285714285714,0.5611886444002021,0.900026244871344,0.010576832358626671,0.3129154310256672,0.3073080264610985,0.49285617560957634,0.011037038136322286,0.010839255822353065,0.017383841979587936,0.32067922537154403,0.5143007113550536,0.5050845082839539,1.0,0.0,1.0
262,0.5683607730851825,0.3955762638278789,20235,443,0.0,0.0736551046448434,0.3987686544191615,0.0,0,1,0,0,0,0,0,1,0,0.4500309803385047,0.33330742232390836,0.0,0.071068812897272,0.3355923170477658,0.5683607730851825,0.3955762638278789,-0.32511354977431806,0.5683607730851825,0.3955762638278789,0.0,0.0736551046448434,0.3987686544191615,0.2248300311233614,0.0,0.04186267221761321,0.2266444607078126,0.0,0.029136211107258603,0.1577434144468025,0.0,0.0,0.029371346970326735,0.0,0.0,0.0
263,0.9849677881173944,0.3488837229516903,9167,80,1.0,0.2800255019240421,0.6585768448608194,0.0,1,0,1,0,0,0,0,1,0,0.6856026863588162,0.2992773785155762,0.6931471805599453,0.2468800011112158,0.5059599122844463,0.4924838940586972,0.17444186147584514,-0.3785513429367773,0.9849677881173944,0.3488837229516903,1.0,0.2800255019240421,0.6585768448608194,0.3436392289058882,0.9849677881173944,0.2758160992465869,0.6486769781878936,0.3488837229516903,0.09769633963267552,0.22976674148482043,0.2800255019240421,0.6585768448608194,0.18441831153770294,0.0,0.0,1.0
264,0.8539727988546886,0.292719088250671,62002,80,0.2857142857142857,0.3962210628325202,0.0010438515133796,0.0,1,0,0,1,0,0,1,0,0,0.6173307954366216,0.25674782038631533,0.2513144282809061,0.333769346267992,0.0010433070792279441,0.6642010657758689,0.22767040197274413,0.3951772113191406,0.8539727988546886,0.292719088250671,0.2857142857142857,0.3962210628325202,0.0010438515133796,0.2499741390716181,0.24399222824419672,0.3383620099922667,0.0008914207984694794,0.08363402521447742,0.11598146825804713,0.00030555526326555963,0.11320601795214862,0.0002982432895370286,0.0004135959560705998,0.0,1.0,1.0
265,0.5612025769506085,0.5009569029078388,57760,80,0.2142857142857143,0.2948994590240614,0.4858707517064283,0.0,0,1,0,0,0,1,0,1,0,0.44545640694466726,0.4061028399858483,0.19415601444095748,0.25843305431827196,0.3960009651954782,0.4621668280769716,0.4125527435711613,-0.1909712926823669,0.5612025769506085,0.5009569029078388,0.2142857142857143,0.2948994590240614,0.4858707517064283,0.2811383048530749,0.12025769506084469,0.16549833634564362,0.27267191792257683,0.10734790776596546,0.14773191966189092,0.24340030698835585,0.06319274121944173,0.10411516107994893,0.14328302183383976,0.0,0.0,0.0
266,0.7974230493915533,0.0222979824891925,37773,443,0.8571428571428571,0.2884036061916548,0.4412579326968849,0.0,0,1,0,1,0,0,0,1,0,0.5863539999006232,0.022053017277164806,0.6190392084062234,0.25340393743998585,0.3655162966254537,0.4293816419800671,0.012006605955719039,-0.15285432650523012,0.7974230493915533,0.0222979824891925,0.8571428571428571,0.2884036061916548,0.4412579326968849,0.01778092519181134,0.6835054709070456,0.22997968310487002,0.3518692462593627,0.019112556419307855,0.006430818560681488,0.009839161656492422,0.24720309102141838,0.37822108516875846,0.1272603790504561,0.0,0.0,0.0
267,0.3214030064423765,0.6442905785495443,10401,80,0.6428571428571429,0.3540566065926311,0.5345761115256303,1.0,0,0,0,0,1,0,0,1,0,0.27869405580583567,0.4973090319579259,0.4964368863138911,0.3031049805531482,0.42825419405981013,0.19563661261709875,0.3921768738997226,-0.18051950493299923,0.3214030064423765,0.6442905785495443,0.6428571428571429,0.3540566065926311,0.5345761115256303,0.20707692896832167,0.20661621842724207,0.11379485780965738,0.17181436941661277,0.41418680049613565,0.2281153359008547,0.3444223521736141,0.2276078185238343,0.3436560716950481,0.1892702040122486,0.0,0.0,0.0
268,0.4330708661417323,0.7347408489182595,57441,443,1.0,0.100049979801275,0.3671698037298916,0.0,0,1,0,0,0,1,0,0,1,0.3598196006182041,0.5508580356248004,0.6931471805599453,0.09535561495511004,0.3127427663625633,0.21653543307086615,0.36737042445912976,-0.2671198239286166,0.4330708661417323,0.7347408489182595,1.0,0.100049979801275,0.3671698037298916,0.3181948558307423,0.4330708661417323,0.04332873141000099,0.159010544922394,0.7347408489182595,0.07351080709344351,0.2697746532896513,0.100049979801275,0.3671698037298916,0.03673533144681376,1.0,0.0,0.0
269,0.3528990694345024,0.6099564206046869,20915,80,0.0714285714285714,0.39793046296613,0.3495549472216612,1.0,0,0,0,1,0,0,1,0,0,0.30224974879672617,0.4762071106826287,0.06899287148695142,0.33499290220695027,0.2997748693729627,0.32937246480553556,0.5692926592310411,0.0483755157444688,0.3528990694345024,0.6099564206046869,0.0714285714285714,0.39793046296613,0.3495549472216612,0.21525305322699395,0.02520707638817873,0.140429290080388,0.12335761559075083,0.04356831575747762,0.24272024084038657,0.2132132844119847,0.0284236044975807,0.024968210515832933,0.13909856198001677,0.0,1.0,0.0
270,0.0594130279169649,0.4669747551664205,47097,53,0.3571428571428571,0.3635540750353021,0.507851860961,0.0,1,0,1,0,1,0,0,0,0,0.05771500750119891,0.38320229053726285,0.30538164955118186,0.31009458150889657,0.4106860293233451,0.04377802057039519,0.344086661701573,-0.14429778592569786,0.0594130279169649,0.4669747551664205,0.3571428571428571,0.3635540750353021,0.507851860961,0.02774438416522039,0.021218938541773175,0.021599848409398756,0.03017301679295847,0.16677669827372157,0.16977057517936467,0.237153998433074,0.12984074108403645,0.18137566462892854,0.1846316135666332,0.0,0.0,1.0
271,0.6335003579098067,0.2800027791157203,28843,443,0.2857142857142857,0.0503302125574443,0.4377870234673631,0.0,0,0,0,0,0,0,1,0,0,0.49072517116505915,0.24686224911332527,0.2513144282809061,0.0491046028783462,0.36310514225730195,0.4927225005965164,0.21777993931222692,-0.3874568109099188,0.6335003579098067,0.2800027791157203,0.2857142857142857,0.0503302125574443,0.4377870234673631,0.17738186078554938,0.18100010225994478,0.03188420766881761,0.2773382360548435,0.08000079403306294,0.014092599389569327,0.12258158323166073,0.01438006073069837,0.12508200670496086,0.02203391394600324,0.0,1.0,0.0
272,0.1560486757337151,0.4493203747606105,48270,80,0.8571428571428571,0.8644744310917902,0.7982805928552186,1.0,0,1,0,0,0,1,1,0,0,0.14500787639979507,0.37109473949334537,0.6190392084062234,0.622979206995799,0.5868309821912927,0.08402621001046197,0.24194174025571333,0.06619383823657166,0.1560486757337151,0.4493203747606105,0.8571428571428571,0.8644744310917902,0.7982805928552186,0.07011584946156985,0.13375600777175578,0.1349000901775306,0.12457062937898183,0.38513174979480896,0.3884259753491287,0.35868373514582913,0.740978083792963,0.6842405081616159,0.6900931613601321,0.0,1.0,0.0
273,0.0816034359341446,0.955536476310554,9839,443,0.7857142857142857,0.1643539117233734,0.489926705593722,0.0,0,1,0,1,1,0,0,0,0,0.07844460301577776,0.6706645682281894,0.5798184952529422,0.15216635096837278,0.39872692787076025,0.04569792412312098,0.5351004267339103,-0.32557279387034854,0.0816034359341446,0.955536476310554,0.7857142857142857,0.1643539117233734,0.489926705593722,0.07797505962734658,0.06411698537682789,0.01341184390584436,0.039979702532343814,0.7507786599582924,0.15704615767600807,0.4681428379134633,0.1291352163540791,0.3849424115379244,0.08052137052207374,0.0,0.0,0.0
274,0.0379384395132426,0.1048893758754903,43887,80,0.2857142857142857,0.7598288015246464,0.6316105721231993,0.0,1,0,0,1,0,0,1,0,0,0.0372364761576582,0.09974521762826932,0.2513144282809061,0.5652165324578498,0.48956760804507843,0.02950767517696647,0.08158062568093691,0.12821822940144711,0.0379384395132426,0.1048893758754903,0.2857142857142857,0.7598288015246464,0.6316105721231993,0.003979339242234056,0.010839554146640742,0.028826719027062412,0.023962319486420545,0.029968393107282942,0.07969796876414195,0.06624923870636372,0.2170939432927561,0.1804601634637712,0.47991590404666673,0.0,1.0,1.0
275,0.8274874731567645,0.8450279520548154,38278,443,0.3571428571428571,0.752088057787649,0.3051249813540295,0.0,1,0,1,0,1,0,0,1,0,0.602942057984522,0.6124944275429395,0.30538164955118186,0.5608082525454634,0.2662988073414057,0.6097276117997212,0.622652175198285,0.4469630764336195,0.8274874731567645,0.8450279520548154,0.3571428571428571,0.752088057787649,0.3051249813540295,0.6992500447926747,0.29553124041313017,0.6223434465300803,0.2524870998176508,0.30179569716243404,0.6355354312371807,0.25783913811435927,0.26860287778130315,0.10897320762643908,0.22948085460904466,0.0,0.0,1.0
276,0.9692197566213314,0.0421731711980044,55383,53,0.1428571428571429,0.0855162657976338,0.1034390739603171,0.0,1,0,0,0,1,0,0,0,1,0.6776374016676128,0.04130812069186288,0.13353139262452268,0.08205569483714607,0.09843173355501837,0.8480672870436651,0.03690152479825385,-0.017922808162683296,0.9692197566213314,0.0421731711980044,0.1428571428571429,0.0855162657976338,0.1034390739603171,0.040875070724479566,0.13845996523161883,0.08288405432354772,0.10025519408895443,0.006024738742572059,0.0036064921176976587,0.004362353774691492,0.012216609399661975,0.01477701056575959,0.008845723342651579,1.0,0.0,1.0
277,0.4387974230493915,0.8753570510975672,52855,80,0.6428571428571429,0.6025565294362538,0.0754803343187292,0.0,0,1,0,0,0,1,0,0,1,0.3638076417961596,0.6287990685454423,0.4964368863138911,0.4716001849697659,0.07276738440619816,0.2670940835952818,0.5328260311028671,0.5270761951175246,0.4387974230493915,0.8753570510975672,0.6428571428571429,0.6025565294362538,0.0754803343187292,0.384104418269727,0.28208405767460887,0.264400252358213,0.033120576189964925,0.5627295328484361,0.5274521067269036,0.0660722428651013,0.38735776892330603,0.04852307206204021,0.045481168287781634,1.0,0.0,0.0
278,0.9749463135289906,0.5934598256250364,7745,80,0.8571428571428571,0.8046835020040914,0.439976051135056,0.0,0,0,1,0,1,0,0,1,0,0.6805412149603243,0.46590764315175337,0.6190392084062234,0.5903852312599983,0.3646264822933989,0.5249710919002257,0.31955529072117345,0.36470745086903544,0.9749463135289906,0.5934598256250364,0.8571428571428571,0.8046835020040914,0.439976051135056,0.5785914692206868,0.8356682687391348,0.7845232138364872,0.42895302909516553,0.5086798505357455,0.47754733078269174,0.2611081105858024,0.6897287160035069,0.37712232954433367,0.3540414696252881,0.0,0.0,0.0
279,0.1474588403722262,0.3984849219125059,27707,53,0.2142857142857143,0.2402394518908437,0.902398396394726,1.0,0,1,0,1,0,1,0,0,0,0.13754979335259115,0.33538945198753,0.19415601444095748,0.21530446733789527,0.6431154040160131,0.12143669207124509,0.3281640533397107,-0.6621589445038822,0.1474588403722262,0.3984849219125059,0.2142857142857143,0.2402394518908437,0.902398396394726,0.05876012449103523,0.031598322936905614,0.035425430987483034,0.1330666210861228,0.08538962612410841,0.09573179922702607,0.3595921545213229,0.05147988254803794,0.193371084941727,0.21679169613704527,0.0,0.0,0.0
280,0.8625626342161775,0.1109194910405032,3653,443,0.2857142857142857,0.7098415888107468,0.1233767761525635,0.0,0,0,0,1,0,1,1,0,0,0.6219532998154889,0.10518804272167738,0.2513144282809061,0.5364007281010222,0.11633912808122018,0.6708820488348048,0.08627071525372472,0.5864648126581833,0.8625626342161775,0.1109194910405032,0.2857142857142857,0.7098415888107468,0.1233767761525635,0.09567500837781413,0.24644646691890784,0.6122828307207945,0.10642019703925484,0.031691283154429484,0.07873526775027018,0.013684889217060434,0.2028118825173562,0.035250507472161,0.08757796680648353,0.0,1.0,0.0
281,0.5826771653543307,0.9439358365096135,62898,53,0.9285714285714284,0.8980355063659315,0.6199594261656065,0.0,1,0,0,1,0,1,0,0,1,0.4591178216004844,0.6647146995828477,0.6567795363890704,0.6408194072656194,0.4824011033538609,0.3021289005540974,0.4894482115235034,0.27807608020032504,0.5826771653543307,0.9439358365096135,0.9285714285714284,0.8980355063659315,0.6199594261656065,0.5500098574937905,0.5410573678290213,0.523264783236842,0.3612362010728731,0.8765118481874982,0.84768789691686,0.5852019195396517,0.8338901130540791,0.5756766100109202,0.5567455772029628,1.0,0.0,1.0
282,0.6170365068002863,0.5845667555353768,20981,53,0.3571428571428571,0.3618646285937794,0.643834164788732,0.0,1,0,1,0,0,1,0,0,0,0.48059515721104146,0.4603110296087307,0.30538164955118186,0.3088548111531216,0.49703141854641025,0.4546584786949478,0.4307333988155408,-0.28196953619495263,0.6170365068002863,0.5845667555353768,0.3571428571428571,0.3618646285937794,0.643834164788732,0.36069902882712584,0.22037018100010222,0.22328368636208865,0.3972691839999191,0.20877384126263457,0.21153403188007977,0.37636404881337826,0.1292373673549212,0.22994077313883282,0.23298081091726067,0.0,0.0,1.0
283,0.7644953471725126,0.8845826309040056,61244,443,0.3571428571428571,0.2117938181444767,0.0002542520629468,0.0,0,0,0,1,0,1,0,0,0,0.5678647272198286,0.6337063804177955,0.30538164955118186,0.1921017561330664,0.0002542197463686321,0.5633123610744829,0.6517977280345304,0.2115395660815299,0.7644953471725126,0.8845826309040056,0.3571428571428571,0.2117938181444767,0.0002542520629468,0.6762593055157323,0.27303405256161156,0.1619153885313537,0.0001943745191318414,0.31592236818000197,0.1873491328634457,0.00022490695875425118,0.0756406493373131,9.08043081952857e-05,5.3849015182612606e-05,0.0,0.0,0.0
284,0.0307802433786685,0.8929329700586475,2361,53,0.2857142857142857,0.7299081934784653,0.736598431713593,0.0,1,0,0,1,0,0,0,0,0,0.030316033313084415,0.6381274622281765,0.2513144282809061,0.5480683397480774,0.5519282755653364,0.023940189294519947,0.6945034211567259,-0.00669023823512771,0.0307802433786685,0.8929329700586475,0.2857142857142857,0.7299081934784653,0.736598431713593,0.027484694139242483,0.008794355251048143,0.02246675183935142,0.022672679000489922,0.2551237057310421,0.6517590910728679,0.6577330253705603,0.20854519813670436,0.21045669477531226,0.5376492306111393,0.0,0.0,1.0
285,0.0272011453113815,0.5543467639241778,34504,80,0.7857142857142857,0.424464957106661,0.3297118231046741,0.0,1,0,1,0,0,1,0,1,0,0.026837768936759633,0.4410553698611535,0.5798184952529422,0.3537962745175135,0.2849622443989946,0.015232641374373641,0.3104341877975396,0.09475313400198687,0.0272011453113815,0.5543467639241778,0.7857142857142857,0.424464957106661,0.3297118231046741,0.015078866878395656,0.021372328458942606,0.011545932977847602,0.008968539211150752,0.4355581716547111,0.23530077537129246,0.18277468216561707,0.33350818058380505,0.25905928958224395,0.1399511148516845,0.0,0.0,1.0
286,0.7394416607015032,0.7364898082377961,25043,53,0.5,0.217577787821142,0.280664564046679,0.0,0,1,0,1,1,0,0,0,1,0.5535641770776324,0.5518657240444262,0.4054651081081644,0.19686346536783994,0.24737913386015498,0.49296110713433544,0.49099320549186404,-0.06308677622553699,0.7394416607015032,0.7364898082377961,0.5,0.217577787821142,0.280664564046679,0.5445912468930876,0.3697208303507516,0.16088608075822455,0.20753507133873972,0.36824490411889804,0.16024382322919675,0.20670659095388325,0.108788893910571,0.1403322820233395,0.06106637496506165,1.0,0.0,0.0
287,0.7480314960629921,0.47591819057218,58986,53,0.2142857142857143,0.699886419412528,0.4076000649681643,0.0,0,1,0,0,0,1,0,0,1,0.5584902954136882,0.3892802982005663,0.19415601444095748,0.5305614367198643,0.3418861726205664,0.6160259379342288,0.39193262753003055,0.29228635444436374,0.7480314960629921,0.47591819057218,0.2142857142857143,0.699886419412528,0.4076000649681643,0.3560017960973,0.16029246344206977,0.5235370853873241,0.3048976863935087,0.1019824694083243,0.3330886783328522,0.19398428539675178,0.14997566130268458,0.08734287106460664,0.28527375002288236,1.0,0.0,0.0
288,0.8575518969219756,0.1475551938232636,29852,80,0.9285714285714284,0.643172722431852,0.151494557598851,0.0,0,0,0,0,0,0,0,1,0,0.6192594363430272,0.1376337609882207,0.6567795363890704,0.49662895978164184,0.14106071390951,0.44465653914472814,0.0765101005009515,0.491678164833001,0.8575518969219756,0.1475551938232636,0.9285714285714284,0.643172722431852,0.151494557598851,0.1265362363638295,0.7962981899989772,0.551553988169906,0.12991444524225018,0.1370155371216019,0.09490347572026804,0.02235380880966803,0.5972318136867195,0.1406735177703616,0.09743716704446201,0.0,0.0,0.0
289,0.6184681460272011,0.6249031690215016,21810,53,0.9285714285714284,0.0861502582438369,0.0090786304260369,0.0,1,0,0,1,0,0,0,1,0,0.481480113021008,0.48544822571178725,0.6567795363890704,0.08263957128152256,0.009037667399616893,0.3206871868289191,0.3240238654185564,0.0770716278178,0.6184681460272011,0.6249031690215016,0.9285714285714284,0.0861502582438369,0.0090786304260369,0.38648270439125076,0.5742918498824009,0.05328119049583041,0.00561484372805718,0.5802672283771084,0.05383556938859442,0.005673264923605483,0.0799966683692771,0.008430156824177118,0.0007821263557034339,0.0,0.0,1.0
290,0.1181102362204724,0.7665335729055233,50044,443,0.4285714285714286,0.2351372544512582,0.5400785736889359,0.0,1,0,0,1,1,0,0,1,0,0.11163997114266941,0.5690191929608474,0.3566749439387324,0.2111821011121551,0.4318334369998985,0.08267716535433067,0.5365735010338663,-0.30494131923767764,0.1181102362204724,0.7665335729055233,0.4285714285714286,0.2351372544512582,0.5400785736889359,0.09053546136679405,0.05061867266591675,0.02777211666747143,0.06378880791601603,0.32851438838808145,0.18024059977771809,0.4139883587394989,0.10077310905053923,0.23146224586668682,0.1269925930051679,0.0,0.0,1.0
291,0.3629205440229062,0.0816178836944059,62074,80,0.9285714285714284,0.2325924558529388,0.2392139129783213,0.0,1,0,1,0,1,0,0,1,0,0.3096298560943488,0.07845796065064425,0.6567795363890704,0.20911963901205444,0.21447723744477837,0.1881810228266921,0.042320384137840096,-0.006621457125382507,0.3629205440229062,0.0816178836944059,0.9285714285714284,0.2325924558529388,0.2392139129783213,0.029620806752372074,0.33699764802126997,0.08441258061377234,0.0868156434359405,0.07578803485909118,0.018983704010001396,0.019524133327548363,0.21597870900630028,0.22212720490844118,0.05563935149381895,0.0,0.0,1.0
292,0.6492483894058697,0.6848953067720119,22374,53,0.5714285714285714,0.920628212162879,0.5595820290030559,0.0,0,0,0,0,1,0,0,0,1,0.50031966255882,0.5217034293945045,0.4519851237430572,0.6526523263582934,0.4444178552355106,0.41315806598555344,0.43584246794582576,0.3610461831598232,0.6492483894058697,0.6848953067720119,0.5714285714285714,0.920628212162879,0.5595820290030559,0.4446671748333678,0.37099907966049694,0.5977163839883546,0.3633077310707027,0.39136874672686395,0.630533941792264,0.38325510541815283,0.5260732640930738,0.31976115943031763,0.5151670029195596,1.0,0.0,0.0
293,0.6957766642806013,0.8889642726917701,2901,53,0.4285714285714286,0.314134392284541,0.9570313647753864,0.0,0,0,1,0,1,0,1,0,0,0.5281408449018237,0.6360286749957644,0.3566749439387324,0.27317819206574756,0.671428715253003,0.4870436649964209,0.6222749908842391,-0.6428969724908454,0.6957766642806013,0.8889642726917701,0.4285714285714286,0.314134392284541,0.9570313647753864,0.6185205963181106,0.29818999897740056,0.21856737959955178,0.6658800905953297,0.380984688296473,0.2792542515646982,0.8507666911307635,0.1346290252648033,0.41015629918945135,0.3006364661709609,0.0,1.0,0.0
294,0.9341445955619184,0.5143503027033359,41860,80,0.0,0.3254669235860206,0.1463889068123922,1.0,0,0,0,1,0,1,0,1,0,0.6596651592631824,0.4149865038817245,0.0,0.28176479252085546,0.13661692094313,0.9341445955619184,0.5143503027033359,0.1790780167736284,0.9341445955619184,0.5143503027033359,0.0,0.3254669235860206,0.1463889068123922,0.48047755549595805,0.0,0.304033167702045,0.13674840614901346,0.0,0.16740401066639318,0.07529517853136436,0.0,0.0,0.04764474714734994,0.0,0.0,0.0
295,0.8217609162491052,0.3016609746827389,38483,80,0.3571428571428571,0.2604824361317233,0.180335578533117,1.0,0,1,0,0,0,1,1,0,0,0.5998035697276612,0.2636411217710124,0.30538164955118186,0.23149453350014468,0.16579878663419154,0.6055080435519722,0.2222765076609655,0.08014685759860629,0.8217609162491052,0.3016609746827389,0.3571428571428571,0.2604824361317233,0.180335578533117,0.24789319895188563,0.29348604151753754,0.21405428538240395,0.14819273024768667,0.10773606238669245,0.07857738557122992,0.05440020639027567,0.09302944147561544,0.06440556376182749,0.04697425081753002,0.0,1.0,0.0
296,0.8031496062992126,0.8624412506948392,3323,80,0.7142857142857143,0.5327290083777214,0.756206917144749,0.0,0,0,0,0,0,1,1,0,0,0.5895349170956484,0.6218881275229857,0.538996500732687,0.42704981216822885,0.5631563226358927,0.468503937007874,0.5030907295719895,-0.22347790876702756,0.8031496062992126,0.8624412506948392,0.7142857142857143,0.5327290083777214,0.756206917144749,0.6926693509517606,0.5736782902137233,0.42786109334273686,0.6073472877855465,0.616029464782028,0.45944747226670357,0.652184039406406,0.380520720269801,0.540147797960535,0.40285336109889586,0.0,1.0,0.0
297,0.5712240515390121,0.5473781455276122,63352,80,1.0,0.7234858675200595,0.0936263378227626,0.0,1,0,0,0,0,0,1,0,0,0.45185496625230986,0.4365619796830953,0.6931471805599453,0.5443489070688456,0.08949908973558823,0.28561202576950606,0.2736890727638061,0.6298595296972969,0.5712240515390121,0.5473781455276122,1.0,0.7234858675200595,0.0936263378227626,0.31267556201219365,0.5712240515390121,0.41327252847602536,0.0534816160218787,0.5473781455276122,0.3960203524785659,0.05124901116996553,0.7234858675200595,0.0936263378227626,0.06773733224242756,0.0,1.0,1.0
298,0.2519685039370078,0.6528319172550042,12712,53,0.5,0.5059025752392303,0.3227259874837237,0.0,0,0,0,1,0,0,0,0,0,0.2247171157616402,0.5024901302174763,0.4054651081081644,0.4093924362089356,0.27969474915686926,0.16797900262467189,0.43522127817000283,0.1831765877555066,0.2519685039370078,0.6528319172550042,0.5,0.5059025752392303,0.3227259874837237,0.1644930815130719,0.1259842519685039,0.1274715150209084,0.08131678424786737,0.3264159586275021,0.3302693481376708,0.21068582515701384,0.25295128761961516,0.16136299374186186,0.16326790816463943,0.0,0.0,0.0
299,0.4087329992841804,0.5266897256807582,40552,443,0.0714285714285714,0.6329788371517271,0.3663582274515845,1.0,1,0,0,0,0,0,0,0,0,0.3426907183552369,0.4231018135016192,0.06899287148695142,0.49040585441367773,0.31214897234040906,0.38148413266523507,0.49157707730204103,0.2666206097001426,0.4087329992841804,0.5266897256807582,0.0714285714285714,0.6329788371517271,0.3663582274515845,0.2152754712696585,0.0291952142345843,0.25871933859243823,0.14974269711872207,0.037620694691482715,0.3333834501011685,0.19295711431736384,0.0452127740822662,0.02616844481797031,0.23189700479327188,0.0,0.0,1.0
300,0.2963493199713671,0.7170085615436556,50266,443,0.7142857142857143,0.1513312831423405,0.5489646421729459,0.0,0,1,1,0,0,0,1,0,0,0.25955209862645146,0.5405835682416695,0.538996500732687,0.14091891034460685,0.4375867349462854,0.17287043664996413,0.418254994233799,-0.3976333590306054,0.2963493199713671,0.7170085615436556,0.7142857142857143,0.1513312831423405,0.5489646421729459,0.21248499962711043,0.21167808569383365,0.04484692284962702,0.1626852983962774,0.5121489725311825,0.10850582564244522,0.39361234842275156,0.10809377367310037,0.39211760155210423,0.08307552369980772,0.0,1.0,0.0
301,0.231209735146743,0.8273397830396508,37512,53,0.7857142857142857,0.0407233501937875,0.2051746174566387,0.0,0,1,0,1,0,0,0,1,0,0.20799721055053688,0.6028612387792129,0.5798184952529422,0.03991600041754981,0.18662446719646672,0.1294774516821761,0.4633102785022045,-0.1644512672628512,0.231209735146743,0.8273397830396508,0.7857142857142857,0.0407233501937875,0.2051746174566387,0.19128901211296148,0.18166479190101237,0.009415635012593673,0.047438368960983746,0.6500526866740114,0.033692047713975874,0.1697491234918188,0.03199691800940446,0.1612086280016447,0.008355397797563084,0.0,0.0,0.0
302,0.658554044380816,0.4311693624790944,9627,80,0.9285714285714284,0.7058809380047117,0.1990077537043267,0.0,0,0,0,1,1,0,0,0,1,0.5059461651754144,0.35849184610725976,0.6567795363890704,0.5340816564844002,0.18149434283374746,0.34147246745671944,0.22356929906323414,0.5068731843003851,0.658554044380816,0.4311693624790944,0.9285714285714284,0.7058809380047117,0.1990077537043267,0.28394832747370563,0.6115144697821862,0.46486074657432697,0.13105736106512567,0.40037155087344467,0.3043542340256367,0.08580604629309117,0.6554608710043751,0.1847929141540176,0.14047577985502077,1.0,0.0,0.0
303,0.9005010737294201,0.411944689265961,29156,53,0.9285714285714284,0.3031889969281307,0.3062968608461131,0.0,0,1,1,0,0,1,0,0,1,0.6421175744190774,0.3449679663958515,0.6567795363890704,0.26481433515167774,0.2671963104194682,0.4669264826745142,0.2136009499897576,-0.0031078639179823453,0.9005010737294201,0.411944689265961,0.9285714285714284,0.3031889969281307,0.3062968608461131,0.3709566350011302,0.8361795684630328,0.2730220172767276,0.2758206520718756,0.3825200686041066,0.12489709712841722,0.12617736516439135,0.28153264000469275,0.2844185136428192,0.09286583800216826,1.0,0.0,0.0
304,0.6184681460272011,0.3776189342009753,22030,80,0.6428571428571429,0.8851806600615255,0.003542917576083,0.0,1,0,0,1,1,0,1,0,0,0.481480113021008,0.32035659893556384,0.4964368863138911,0.6340236571889761,0.0035366562282090554,0.3764588714948181,0.22985500342668064,0.8816377424854425,0.6184681460272011,0.3776189342009753,0.6428571428571429,0.8851806600615255,0.003542917576083,0.23354528214004486,0.39758666530320075,0.5474560417273858,0.0021911816648072383,0.24275502912919844,0.3342609774277491,0.0013378727590423654,0.5690447100395521,0.0022775898703390716,0.00313612211854073,0.0,1.0,1.0
305,0.4423765211166786,0.461405461484175,32688,53,0.3571428571428571,0.917978525381236,0.9274305077220478,1.0,0,1,0,0,0,0,0,1,0,0.36629211512382154,0.3793986175270057,0.30538164955118186,0.6512717800384187,0.6561877727429288,0.32596164713860526,0.3399829716199184,-0.009451982340811793,0.4423765211166786,0.461405461484175,0.3571428571428571,0.917978525381236,0.9274305077220478,0.20411494287560497,0.15799161468452805,0.4060921465179698,0.4102734815835544,0.16478766481577675,0.42356030513609166,0.4279215014099942,0.3278494733504414,0.33122518132930273,0.8513612898722565,0.0,0.0,0.0
306,0.9026485325697924,0.4950415901741863,37318,443,0.0,0.7299506186517659,0.1496605622519491,0.0,1,0,0,0,0,1,0,1,0,0.6432468800162288,0.40215402597020017,0.0,0.5480928639703688,0.13946673554673564,0.9026485325697924,0.4950415901741863,0.5802900563998168,0.9026485325697924,0.4950415901741863,0.0,0.7299506186517659,0.1496605622519491,0.4468485649317458,0.0,0.6588888547744286,0.13509088690029192,0.0,0.3613559150060013,0.07408820272356768,0.0,0.0,0.10924482000358136,0.0,0.0,1.0
307,0.8239083750894775,0.1654914048612948,19176,443,0.6428571428571429,0.4101319040219495,0.2468160803568394,0.0,0,1,1,0,1,0,0,1,0,0.6009816574350921,0.15314280483009832,0.4964368863138911,0.3436832489663838,0.22059316613044155,0.5015094457066385,0.10073389861122292,0.16331582366511008,0.8239083750894775,0.1654914048612948,0.6428571428571429,0.4101319040219495,0.2468160803568394,0.13634975447054423,0.5296553839860927,0.33791111061507795,0.20335383571275745,0.10638733169654666,0.06787330497503014,0.04084593988061158,0.26365622401411043,0.15866748022939678,0.10122714897998504,0.0,0.0,0.0
308,0.957766642806013,0.2380311846390425,44971,80,0.8571428571428571,0.6154439861148617,0.9954327105210062,0.0,1,0,0,0,1,0,0,0,1,0.6718043555991198,0.21352236347588247,0.6190392084062234,0.4796098328957001,0.6908609243272277,0.5157204999724685,0.12817063788256133,-0.3799887244061445,0.957766642806013,0.2380311846390425,0.8571428571428571,0.6154439861148617,0.9954327105210062,0.22797832859487394,0.8209428366908682,0.5894517204163816,0.9533922452949939,0.20402672969060784,0.14649486109389495,0.23694402731376818,0.5275234166698815,0.8532280375894339,0.6126330752721694,1.0,0.0,1.0
309,0.572655690765927,0.1093434425999276,17720,80,0.8571428571428571,0.3399233620906692,0.7551449218078033,0.0,0,0,0,0,0,0,1,0,0,0.4527657131276484,0.10376834716993788,0.6190392084062234,0.2926124198576185,0.5625514300372381,0.3083530642585761,0.05887723832303794,-0.41522155971713415,0.572655690765927,0.1093434425999276,0.8571428571428571,0.3399233620906692,0.7551449218078033,0.06261614465278603,0.49084773494222317,0.19465904772550852,0.4324380368262296,0.09372295079993795,0.037168390631135494,0.08257014541231837,0.29136288179200215,0.64726707583526,0.256691400686604,0.0,1.0,0.0
310,0.5705082319255548,0.5009891649114601,47665,443,0.2142857142857143,0.0288592933210543,0.3507199287240898,0.0,1,0,0,0,0,0,0,0,0,0.45139928157821374,0.4061243340452975,0.19415601444095748,0.028450706317391897,0.3006377308431683,0.4698303086445745,0.41257931228002587,-0.3218606354030355,0.5705082319255548,0.5009891649114601,0.2142857142857143,0.0288592933210543,0.3507199287240898,0.2858184426874973,0.12225176398404747,0.01646446440721566,0.20008860643743706,0.10735482105245574,0.01445819326084987,0.17570688420928854,0.006184134283083065,0.07515427044087639,0.010121529296587765,0.0,0.0,1.0
311,0.1066571224051539,0.4479549205276663,14258,443,0.1428571428571429,0.9851192616892764,0.9587159518596952,0.0,0,1,0,0,0,0,1,0,0,0.10134386989040545,0.37015216124663197,0.13353139262452268,0.6856789937898902,0.6722891319510261,0.09332498210450967,0.391960555461708,0.02640330982958128,0.1066571224051539,0.4479549205276663,0.1428571428571429,0.9851192616892764,0.9587159518596952,0.04777758279071029,0.015236731772164848,0.105069985677668,0.10225388462927314,0.06399356007538091,0.4412890205802931,0.4294615280239157,0.14073132309846811,0.13695942169424222,0.9444495506657548,0.0,1.0,0.0
312,0.8117394416607014,0.3773971780962697,53563,80,0.7857142857142857,0.3508361760891683,0.5742977514582344,0.0,1,0,0,0,0,0,0,1,0,0.5942874012881622,0.32019561540868374,0.5798184952529422,0.30072379040339225,0.4538093007570695,0.4545740873299928,0.21134241973391105,-0.22346157536906608,0.8117394416607014,0.3773971780962697,0.7857142857142857,0.3508361760891683,0.5742977514582344,0.3063481746321903,0.6377952755905512,0.284787561692997,0.46618013611570347,0.2965263542184976,0.1324045828301381,0.21673835078737053,0.2756569954986322,0.451233947574327,0.2014844270582145,0.0,0.0,1.0
313,0.9942734430923408,0.5254856551769163,8510,80,0.5714285714285714,0.9058699727994028,0.9414433290559444,0.0,1,0,0,1,0,0,0,0,1,0.6902797950827892,0.42231282177207735,0.4519851237430572,0.6449385829675703,0.6634316805057513,0.632719463786035,0.33439996238531033,-0.035573356256541566,0.9942734430923408,0.5254856551769163,0.5714285714285714,0.9058699727994028,0.9414433290559444,0.5224764316683871,0.5681562531956232,0.9006824568492273,0.9360521002567694,0.30027751724395213,0.4760216761615895,0.4947149645809001,0.5176399844568016,0.5379676166033968,0.8528252428840877,1.0,0.0,1.0
314,0.0171796707229778,0.0512311492412373,42651,53,0.0,0.1548412626826749,0.1259334955413745,0.0,0,0,0,1,1,0,0,1,0,0.01703376884013881,0.049962000387990244,0.0,0.14396289962193967,0.11861246539896837,0.0171796707229778,0.0512311492412373,0.02890776714130039,0.0171796707229778,0.0512311492412373,0.0,0.1548412626826749,0.1259334955413745,0.0008801342747241907,0.0,0.002660121907218465,0.0021634959863944068,0.0,0.007932695837197745,0.006451717704550849,0.0,0.0,0.019499701463669437,0.0,0.0,0.0
315,0.4187544738725841,0.7241804424190195,38537,80,0.0714285714285714,0.654296512508231,0.7676765641448973,0.0,0,0,0,1,1,0,0,0,0,0.34977935563297147,0.5447518317407343,0.06899287148695142,0.5033758504911698,0.5696660086480309,0.39083750894774516,0.6759017462577516,-0.11338005163666631,0.4187544738725841,0.7241804424190195,0.0714285714285714,0.654296512508231,0.7676765641448973,0.30325380015399167,0.029911033848041706,0.2739895918520509,0.3214679957228095,0.05172717445850137,0.4738287379014322,0.5559363538571644,0.04673546517915933,0.05483404029606406,0.5022880986543076,0.0,0.0,0.0
316,0.8246241947029348,0.8330608050551982,19427,80,0.1428571428571429,0.3556760827285448,0.0339844498874558,0.0,0,1,0,1,1,0,1,0,0,0.6013740451191536,0.6059871407324697,0.13353139262452268,0.30430028393869235,0.03341973717959055,0.721546170365068,0.7289282044232984,0.321691632841089,0.8246241947029348,0.8330608050551982,0.1428571428571429,0.3556760827285448,0.0339844498874558,0.6869620955072213,0.11780345638613358,0.29329910329512066,0.028024399620865486,0.11900868643645693,0.2962998038167208,0.02831111318260197,0.0508108689612207,0.0048549214124936875,0.012087456009654815,0.0,1.0,0.0
317,0.9112383679312812,0.4121446021255699,40225,443,0.3571428571428571,0.6615831222001347,0.5186883420157851,0.0,1,0,1,0,1,0,0,0,1,0.6477513921373333,0.34510954326493437,0.30538164955118186,0.507770835969279,0.4178470294329177,0.6714387974230492,0.3036854963030515,0.14289478018434965,0.9112383679312812,0.4121446021255699,0.3571428571428571,0.6615831222001347,0.5186883420157851,0.3755619745925916,0.32544227426117184,0.6028599245245322,0.4726487182434462,0.1471945007591321,0.27266791267216683,0.21377460034726725,0.23627968650004808,0.18524583643420892,0.3431554527596144,1.0,0.0,1.0
318,0.3063707945597709,0.258639526616952,49287,80,0.5,0.2631742381649209,0.8802010860544384,0.0,0,0,0,0,1,0,0,0,0,0.26725290675963004,0.23003139684317178,0.4054651081081644,0.23362778964503195,0.631378731789228,0.2042471963731806,0.172426351077968,-0.6170268478895174,0.3063707945597709,0.258639526616952,0.5,0.2631742381649209,0.8802010860544384,0.0792395972741986,0.15318539727988545,0.0806289004542492,0.2696679061068716,0.129319763308476,0.06806726037675213,0.22765479222484697,0.13158711908246046,0.4401005430272192,0.23164625025431282,0.0,0.0,0.0
319,0.6535433070866141,0.0441784511294846,14712,53,0.9285714285714284,0.0259896895058133,0.1551149420463027,0.0,0,1,0,1,0,1,1,0,0,0.5029204442588774,0.043230405054200456,0.6567795363890704,0.02565769748347718,0.14419985594548215,0.33887430737824437,0.022907345030103127,-0.1291252525404894,0.6535433070866141,0.0441784511294846,0.9285714285714284,0.0259896895058133,0.1551149420463027,0.028872531053127728,0.606861642294713,0.016985387629783494,0.10137433220348915,0.04102284747737855,0.0011481842277030515,0.006852737886645419,0.024133283112540916,0.14403530332870962,0.004031389181495632,0.0,1.0,0.0
320,0.4960629921259842,0.2830352393583233,41998,443,0.0714285714285714,0.1003555357437502,0.4128833125661027,1.0,0,1,0,1,1,0,0,1,0,0.4028369857018948,0.24922855163068056,0.06899287148695142,0.09563334189433154,0.345632518952026,0.46299212598425193,0.26416622340110174,-0.31252777682235255,0.4960629921259842,0.2830352393583233,0.0714285714285714,0.1003555357437502,0.4128833125661027,0.140403307713184,0.03543307086614171,0.04978266733745088,0.2048161314304289,0.0202168028113088,0.02840415308016511,0.1168605271992043,0.007168252553125011,0.029491665183293037,0.04143512603222551,0.0,0.0,0.0
321,0.901932712956335,0.8958680884471245,36596,80,0.2142857142857143,0.862328444117316,0.8742667031358923,0.0,0,1,0,0,0,1,0,1,0,0.6428705865028517,0.6396768278086374,0.19415601444095748,0.6218275564881027,0.6282174912652277,0.7427681165522758,0.7377737198976319,-0.011938259018576258,0.901932712956335,0.8958680884471245,0.2142857142857143,0.862328444117316,0.8742667031358923,0.8080127354641209,0.19327129563350037,0.7777622330621462,0.7885297394067461,0.19197173323866956,0.772532534844963,0.7832276401313215,0.18478466659656773,0.1873428649576912,0.7539050458587494,0.0,0.0,0.0
322,0.5998568360773086,0.20510762273842,23720,53,1.0,0.2110536979936146,0.2821830409398801,1.0,0,1,0,1,0,0,0,0,0,0.46991414779070745,0.18656887643027453,0.6931471805599453,0.19149080544883737,0.2485641259509328,0.2999284180386543,0.10255381136921,-0.07112934294626552,0.5998568360773086,0.20510762273842,1.0,0.2110536979936146,0.2821830409398801,0.12303520963120686,0.5998568360773086,0.12660200352086545,0.1692694261328701,0.20510762273842,0.043288722265622734,0.05787789270427706,0.2110536979936146,0.2821830409398801,0.05955577430144524,0.0,0.0,0.0
323,0.3851109520400858,0.0483785227649651,41680,80,0.8571428571428571,0.5628247511269384,0.0232395100324315,0.0,1,0,0,1,0,0,0,0,0,0.3257802462069203,0.04724470653137759,0.6190392084062234,0.4464949217537697,0.022973584720364645,0.20736743571389232,0.026049973796519667,0.5395852410945069,0.3851109520400858,0.0483785227649651,0.8571428571428571,0.5628247511269384,0.0232395100324315,0.01863109896030867,0.3300951017486449,0.21674997573821958,0.008949789833534819,0.04146730522711294,0.027228630035080408,0.001124293165150622,0.4824212152516615,0.019919580027798426,0.013079771450315247,0.0,0.0,1.0
324,0.4860415175375805,0.2951994283594668,24107,80,0.4285714285714286,0.2433690594443707,0.9473595419135782,0.0,0,0,0,1,1,0,1,0,0,0.39611588502881745,0.2586646820280924,0.3566749439387324,0.21782467871236064,0.6664743739094969,0.34022906227630634,0.20663959985162675,-0.7039904824692075,0.4860415175375805,0.2951994283594668,0.4285714285714286,0.2433690594443707,0.9473595419135782,0.1434791781360615,0.20830350751610596,0.11828746697403558,0.46045606940538264,0.12651404072548578,0.07184240722835931,0.2796599952237746,0.10430102547615888,0.4060112322486764,0.23055800067115742,0.0,1.0,0.0
325,0.7544738725841088,0.5066309569737765,63099,443,0.5,0.6858254163941346,0.9746307338758676,0.0,0,1,0,0,0,0,0,0,0,0.5621690242711507,0.40987600377155436,0.4054651081081644,0.5222553052229212,0.6803814106825463,0.5029825817227392,0.337753971315851,-0.288805317481733,0.7544738725841088,0.5066309569737765,0.5,0.6858254163941346,0.9746307338758676,0.38223982007899815,0.3772369362920544,0.5174373578234917,0.7353334241268178,0.25331547848688823,0.34746038702469917,0.4937781013995849,0.3429127081970673,0.4873153669379338,0.6684265288909379,0.0,0.0,0.0
326,0.8303507516105941,0.0,34637,53,0.8571428571428571,0.1756612082617969,0.7546242940765712,0.0,1,0,0,1,1,0,0,0,0,0.6045076160342248,0.0,0.6190392084062234,0.1618307197582966,0.5622547565507339,0.4471119431749353,0.0,-0.5789630858147743,0.8303507516105941,0.0,0.8571428571428571,0.1756612082617969,0.7546242940765712,0.0,0.7117292156662235,0.14586041630900817,0.6266028497700948,0.0,0.0,0.0,0.15056674993868305,0.6468208234942038,0.13255821528119605,0.0,0.0,1.0
327,0.2870436649964208,0.5262269070265382,8224,53,0.3571428571428571,0.8203496882385828,0.6704024563595691,0.0,0,1,0,0,1,0,0,0,1,0.2523478557746037,0.42279861579696704,0.30538164955118186,0.5990286190276966,0.513064589226874,0.21150585841841532,0.38774614201955443,0.1499472318790137,0.2870436649964208,0.5262269070265382,0.3571428571428571,0.8203496882385828,0.6704024563595691,0.1510501000126283,0.10251559464157885,0.235476181090674,0.19243477809605378,0.18793818108090646,0.43169007912197427,0.35278381107308976,0.29298203151377955,0.23942944869984606,0.5499644460689526,1.0,0.0,0.0
328,0.3099498926270579,0.5601088598531199,42732,80,0.6428571428571429,0.3672640816829036,0.054120722032237,1.0,0,0,1,0,0,0,0,0,1,0.2699888865785048,0.4447556007839263,0.4964368863138911,0.3128117224660934,0.052706980592788416,0.18866515203386133,0.3409358277366817,0.3131433596506666,0.3099498926270579,0.5601088598531199,0.6428571428571429,0.3672640816829036,0.054120722032237,0.17360568097093834,0.19925350240310868,0.11383346268339099,0.016774711982790704,0.3600699813341485,0.20570786605641422,0.030313495911903892,0.23609833822472376,0.0347918927350095,0.019876597277185208,1.0,0.0,0.0
329,0.3070866141732283,0.1796799461488169,21324,443,0.5714285714285714,0.7699231541039913,0.0966516183390263,0.0,0,1,0,1,0,1,1,0,0,0.26780070189795196,0.16524316961022711,0.4519851237430572,0.5709361298827894,0.09226155413571767,0.19541875447387255,0.1143417839128835,0.673271535764965,0.3070866141732283,0.1796799461488169,0.5714285714285714,0.7699231541039913,0.0966516183390263,0.05517730629766818,0.17547806524184473,0.23643309456736736,0.029680418230094686,0.10267425494218109,0.1383397508681324,0.01736635757835225,0.43995608805942354,0.05522949619372931,0.0744143188408383,0.0,1.0,0.0
330,0.9255547602004296,0.2762969526863078,57577,443,0.5,0.630014191133764,0.0498576126931978,0.0,0,0,0,1,1,0,0,1,0,0.655214113338923,0.2439628793881345,0.4054651081081644,0.4885887209978052,0.0486545480151178,0.6170365068002864,0.18419796845753852,0.5801565784405662,0.9255547602004296,0.2762969526863078,0.5,0.630014191133764,0.0498576126931978,0.25572795978768503,0.4627773801002148,0.5831126335976785,0.04614595076041859,0.1381484763431539,0.17407100115938806,0.01377550645534473,0.315007095566882,0.0249288063465989,0.0314110035327655,0.0,0.0,0.0
331,0.6721546170365068,0.3414385503928371,46529,443,0.8571428571428571,0.1524337241647959,0.5745108241577573,0.0,1,0,0,0,0,0,0,1,0,0.514112984691156,0.29374258319468166,0.6190392084062234,0.1418759880874421,0.4539446361988605,0.36192940917350364,0.1838515271346046,-0.42207709999296145,0.6721546170365068,0.3414385503928371,0.8571428571428571,0.1524337241647959,0.5745108241577573,0.22949949808079745,0.5761325288884344,0.1024590314894369,0.3861601029950853,0.2926616146224318,0.052046749809809494,0.1961601429854188,0.13065747785553933,0.4924378492780777,0.08757482449935314,0.0,0.0,1.0
332,0.5368647100930566,0.8903939199327504,27998,53,0.9285714285714284,0.7771136804805794,0.3930755188521984,0.0,0,1,1,0,1,0,1,0,0,0.4297444386218192,0.6367852305992855,0.6567795363890704,0.5749905203849391,0.33151390643099005,0.27837429412232567,0.46168573626142617,0.384038161628381,0.5368647100930566,0.8903939199327504,0.9285714285714284,0.7771136804805794,0.3930755188521984,0.4780210736933163,0.4985172308006953,0.41720491078055444,0.21102837447326328,0.8267943542232681,0.6919372961964699,0.3499920520604087,0.7216055604462521,0.3649986960770413,0.3054643631620452,0.0,1.0,0.0
333,0.6836077308518254,0.0651470394584502,45194,53,0.9285714285714284,0.6830507665020837,0.8366369078914243,0.0,0,1,0,0,0,1,0,1,0,0.5209389497615557,0.0631128548504653,0.6567795363890704,0.5206080790449323,0.6079361317654994,0.35446326784909465,0.03377994638586307,-0.15358614138934057,0.6836077308518254,0.0651470394584502,0.9285714285714284,0.6830507665020837,0.8366369078914243,0.04453501981590547,0.634778607219552,0.46693878454508947,0.5719314581505441,0.060493679497132316,0.0444987352374359,0.05450441765079839,0.634261426037649,0.7768771287563224,0.5714654812191706,0.0,0.0,0.0
334,0.6170365068002863,0.1987216947923393,50700,443,0.0714285714285714,0.998289502510187,0.8647971318605733,1.0,0,0,0,0,0,0,0,0,0,0.48059515721104146,0.1812557346675726,0.06899287148695142,0.6922915658811731,0.6231522706969219,0.5759007396802672,0.18547358180618337,0.13349237064961372,0.6170365068002863,0.1987216947923393,0.0714285714285714,0.998289502510187,0.8647971318605733,0.1226185403800977,0.044074036200020435,0.6159810674042815,0.5336114013341547,0.014194406770881372,0.19838178183222563,0.17185395169488726,0.0713063930364419,0.06177122370432663,0.8633178985373283,0.0,0.0,0.0
335,0.4373657838224767,0.7950679690103577,25785,80,0.0714285714285714,0.1006010808392323,0.5830801024931158,0.0,0,1,0,0,0,1,0,0,1,0.362812121554658,0.5850428869672849,0.06899287148695142,0.09585646768849827,0.45937238131992564,0.4082080649009783,0.7420634377430005,-0.4824790216538835,0.4373657838224767,0.7950679690103577,0.0714285714285714,0.1006010808392323,0.5830801024931158,0.34773552545835973,0.031240413130176895,0.04399947057463918,0.25501928605819163,0.056790569215025524,0.07998469702309524,0.4635883128595528,0.0071857914885165896,0.04164857874950825,0.0586584885266578,1.0,0.0,0.0
336,0.9112383679312812,0.7920469087968044,47403,443,0.7857142857142857,0.5375176284899243,0.0755945476797959,0.0,1,0,1,0,0,1,0,1,0,0.6477513921373333,0.5833584909940637,0.5798184952529422,0.43016918631730905,0.07287357630321654,0.5102934860415175,0.4435462689262105,0.46192308081012845,0.9112383679312812,0.7920469087968044,0.7857142857142857,0.5375176284899243,0.0755945476797959,0.7217435324970164,0.715973003374578,0.4898066865194514,0.06888465225224064,0.6223225711974891,0.42573917606923367,0.059874427811674985,0.4223352795277977,0.05939571603412535,0.040633401995612405,0.0,0.0,1.0
337,0.2534001431639227,0.3874899685800468,7640,443,0.4285714285714286,0.5789553721916274,0.3317381955415391,0.0,0,1,1,0,0,1,1,0,0,0.22585997302889002,0.3274963367600985,0.3566749439387324,0.45676347153756464,0.2864850029059962,0.17738010021474587,0.27124297800603275,0.2472171766500883,0.2534001431639227,0.3874899685800468,0.4285714285714286,0.5789553721916274,0.3317381955415391,0.09819001351276777,0.10860006135596686,0.14670737419888052,0.08406250624316738,0.16606712939144863,0.224339398979783,0.12854522296719242,0.2481237309392689,0.14217351237494535,0.19206161046993064,0.0,1.0,0.0
338,0.4065855404438081,0.7460129293800322,28359,443,0.8571428571428571,0.4387191003950228,0.5344138583111827,0.0,1,0,1,0,1,0,0,0,1,0.34116516504639977,0.5573348625331954,0.6190392084062234,0.36375320412134526,0.42814845685232916,0.21893067562358898,0.40169926966617114,-0.09569475791615989,0.4065855404438081,0.7460129293800322,0.8571428571428571,0.4387191003950228,0.5344138583111827,0.30331807007004885,0.3485018918089784,0.17837684253713168,0.21728494740211293,0.6394396537543132,0.3272901212606634,0.3986796479400109,0.37604494319573384,0.45806902140958516,0.23445756715691526,1.0,0.0,1.0
339,0.9047959914101646,0.869358998989268,14935,443,0.2857142857142857,0.0341825892234144,0.5825701903557791,0.0,1,0,0,1,0,0,1,0,0,0.6443749117207274,0.6255955908143987,0.2513144282809061,0.0336113458193356,0.45905022814785945,0.7037302155412393,0.6761681103249864,-0.5483876011323646,0.9047959914101646,0.869358998989268,0.2857142857142857,0.0341825892234144,0.5825701903557791,0.7865925373818431,0.2585131404029042,0.03092826970536564,0.5271071729489655,0.24838828542550515,0.029716941550128884,0.5064626375286875,0.009766454063832685,0.16644862581593686,0.01991375751073793,0.0,1.0,1.0
340,0.5497494631352899,0.4766798711894279,12110,53,0.1428571428571429,0.4408959670064112,0.8960433631561092,0.0,1,0,0,1,0,1,1,0,0,0.4380932811796284,0.38979623746369085,0.13353139262452268,0.36526511941218,0.6397692744342226,0.4810307802433787,0.41709488729074945,-0.455147396149698,0.5497494631352899,0.4766798711894279,0.1428571428571429,0.4408959670064112,0.8960433631561092,0.26205450327378715,0.07853563759075573,0.24238232116028907,0.49259935784101067,0.06809712445563258,0.21016623276055435,0.4271258349293959,0.06298513814377305,0.1280061947365871,0.3950619050783897,0.0,1.0,1.0
341,0.5032211882605584,0.577667559271095,27101,80,0.2142857142857143,0.6379280202492952,0.7568977533770042,0.0,0,1,0,1,0,0,0,1,0,0.40761026445455256,0.4559475280308856,0.19415601444095748,0.49343204078357683,0.5635496136453845,0.4144174491557539,0.4757262252820782,-0.11896973312770898,0.5032211882605584,0.577667559271095,0.2142857142857143,0.6379280202492952,0.7568977533770042,0.290694555595977,0.10783311177011966,0.3210188963745559,0.3808869868461231,0.1237859055580918,0.36851032244805204,0.43723527781106925,0.13669886148199184,0.16219237572364376,0.48284628534293156,0.0,0.0,0.0
342,0.1238367931281317,0.1565612728560539,60139,53,0.7142857142857143,0.3205242746204382,0.6319029843566468,0.0,1,0,0,0,1,0,1,0,0,0.11674853908539191,0.14545118257085607,0.538996500732687,0.27802883548683477,0.48974680891504235,0.07223812932474348,0.09132740916603144,-0.3113787097362086,0.1238367931281317,0.1565612728560539,0.7142857142857143,0.3205242746204382,0.6319029843566468,0.019388045958552126,0.0884548522343798,0.03969269828871568,0.07825283915082311,0.11182948061146707,0.05018168841583918,0.09893153555241574,0.22894591044317014,0.45135927454046204,0.20254024569140433,0.0,1.0,1.0
343,0.4853256979241231,0.3574163584428826,36161,53,0.8571428571428571,0.0867273685861382,0.3874559608467512,0.0,0,1,0,0,0,1,1,0,0,0.39563407340783685,0.3055831565209916,0.6190392084062234,0.08317076581244827,0.3274718262044609,0.2613292219591432,0.19245496223847525,-0.300728592260613,0.4853256979241231,0.3574163584428826,0.8571428571428571,0.0867273685861382,0.3874559608467512,0.17346334361079055,0.41599345536353405,0.04209102068819019,0.18804233461281125,0.30635687866532796,0.03099778025739117,0.13848309858283392,0.07433774450240417,0.3321051092972153,0.03360303592725253,0.0,1.0,0.0
344,0.5962777380100215,0.22962990970663,33153,80,0.1428571428571429,0.5731275728636387,0.7897167238197886,0.0,1,0,1,0,0,1,1,0,0,0.4676745051972026,0.206713237691552,0.13353139262452268,0.45306572241735804,0.5820573524797635,0.5217430207587689,0.20092617099330126,-0.21658915095614995,0.5962777380100215,0.22962990970663,0.1428571428571429,0.5731275728636387,0.7897167238197886,0.1369232031393148,0.08518253400143166,0.34174321273830427,0.47089050174794844,0.03280427281523287,0.13160723280705736,0.18134257998455372,0.08187536755194841,0.11281667483139841,0.4526084291726599,0.0,1.0,1.0
345,0.9191123836793128,0.1356027708718604,45947,443,0.3571428571428571,0.2740061440659165,0.7439483143711649,1.0,0,0,0,0,0,1,1,0,0,0.6518627789789975,0.12716358562062408,0.30538164955118186,0.24216637979604788,0.5561516887925594,0.6772407037637042,0.09991783116873924,-0.46994217030524843,0.9191123836793128,0.1356027708718604,0.3571428571428571,0.2740061440659165,0.7439483143711649,0.1246341859695553,0.3282544227426117,0.2518424402152017,0.6837721085558882,0.048429561025664425,0.037155992371252444,0.10088145281417985,0.09785933716639873,0.2656958265611303,0.20384640900518117,0.0,1.0,0.0
346,0.5755189692197566,0.9935210381847202,46696,80,0.6428571428571429,0.7409643068198646,0.4259599221783899,1.0,0,0,0,1,0,0,0,1,0,0.45458472226949986,0.6899024411744664,0.4964368863138911,0.5544391590364696,0.3548452165329068,0.35031589430767796,0.6047519362863514,0.3150043846414747,0.5755189692197566,0.9935210381847202,0.6428571428571429,0.7409643068198646,0.4259599221783899,0.5717902037942126,0.36997648021270074,0.42643901408959994,0.24514801534103473,0.6386920959758916,0.7361636273694934,0.4232001441077565,0.4763341972413416,0.2738313785432507,0.3156210984699541,0.0,0.0,0.0
347,1.0,0.4756666768122309,52901,80,0.0,0.7830308448365688,0.8986411632371619,0.0,0,1,1,0,0,1,0,0,1,0.6931471805599453,0.3891098719571355,0.0,0.5783146381349423,0.6411384530675528,1.0,0.4756666768122309,-0.1156103184005931,1.0,0.4756666768122309,0.0,0.7830308448365688,0.8986411632371619,0.4756666768122309,0.0,0.7830308448365688,0.8986411632371619,0.0,0.3724616798048843,0.4274536557636983,0.0,0.0,0.7036637492545118,1.0,0.0,0.0
348,0.3872584108804581,0.5953904734136269,50202,80,0.6428571428571429,0.4109464226030521,0.800004237630153,0.0,0,1,0,1,0,1,0,1,0,0.32732943319374974,0.46711851719313946,0.4964368863138911,0.34426070092583405,0.5877890191383217,0.23572251097071364,0.3624115925126425,-0.38905781502710096,0.3872584108804581,0.5953904734136269,0.6428571428571429,0.4109464226030521,0.800004237630153,0.2305699685875248,0.2489518355660088,0.15914245857426712,0.30980836976228543,0.38275101862304595,0.24467358510126758,0.47631490177552455,0.2641798431019621,0.5142884384765269,0.3287588795213934,0.0,0.0,0.0
349,0.3543307086614173,0.2652031553893866,1497,443,0.5,0.5887317800455261,0.6020945283459657,0.0,0,1,1,0,0,0,1,0,0,0.30330739035486176,0.23523270643090263,0.4054651081081644,0.46293607534909625,0.4713118533635108,0.23622047244094488,0.1768021035929244,-0.013362748300439597,0.3543307086614173,0.2652031553893866,0.5,0.5887317800455261,0.6020945283459657,0.09396962198836532,0.17716535433070865,0.20860574883502891,0.2133405809099878,0.1326015776946933,0.15613352574608383,0.15967736876003458,0.29436589002276303,0.30104726417298283,0.35447218342879183,0.0,1.0,0.0
350,0.4681460272011453,0.5381787092359076,8941,80,0.6428571428571429,0.9497541460629648,0.7211067233336704,0.0,0,1,0,1,0,1,0,0,1,0.38400039881541875,0.4305990601953345,0.4964368863138911,0.6677032856849682,0.5429675277028029,0.28495845133982756,0.3275870404044655,0.2286474227292944,0.4681460272011453,0.5381787092359076,0.6428571428571429,0.9497541460629648,0.7211067233336704,0.25194622465303046,0.3009510174864506,0.44462363029719326,0.33758324771669324,0.3459720273659406,0.511137460419618,0.3880842855850495,0.6105562367547631,0.4635686078573596,0.6848741002400328,1.0,0.0,0.0
351,0.4989262705798138,0.3733268424339565,18089,80,0.0,0.0685654081755418,0.5715026603703323,0.0,0,1,0,1,1,0,1,0,0,0.40474903217352026,0.31723614829911456,0.0,0.06631700885487934,0.45203227014004166,0.4989262705798138,0.3733268424339565,-0.5029372521947905,0.4989262705798138,0.3733268424339565,0.0,0.0685654081755418,0.5715026603703323,0.18626256920291168,0.0,0.03420908339180574,0.28513769096501185,0.0,0.025597307334370403,0.21335728363866197,0.0,0.0,0.03918531318169987,0.0,1.0,0.0
352,0.6836077308518254,0.847369517557218,34261,443,0.9285714285714284,0.3477240717662662,0.1191714389125084,0.0,0,0,1,0,1,0,0,0,1,0.5209389497615557,0.6137627448546947,0.6567795363890704,0.2984172970019187,0.11258862484454017,0.35446326784909465,0.4393767868815205,0.22855263285375776,0.6836077308518254,0.847369517557218,0.9285714285714284,0.3477240717662662,0.1191714389125084,0.5792683530902958,0.634778607219552,0.2377068636626945,0.08146651693732679,0.786843123445988,0.2946507789356124,0.10098224469789173,0.3228866380686757,0.11065919327590064,0.04143877797690228,1.0,0.0,0.0
353,0.6463851109520401,0.578219276063425,53374,80,0.2142857142857143,0.7190429653668513,0.2713031691980218,0.0,0,0,0,0,0,0,0,0,0,0.4985820426602792,0.4562971709849823,0.19415601444095748,0.5417677204844316,0.24004249185057905,0.5323171501957976,0.47618058028752647,0.44773979616882953,0.6463851109520401,0.578219276063425,0.2142857142857143,0.7190429653668513,0.2713031691980218,0.3737523309128653,0.13851109520400862,0.4647786669479361,0.17536632912370342,0.12390413058501966,0.41576450289291916,0.15687272208739306,0.15408063543575387,0.058136393399576096,0.19507863529357017,0.0,0.0,0.0
354,0.882605583392985,0.9454543953992064,43908,443,0.7857142857142857,0.1762488309711463,0.1694161088367566,0.0,0,1,0,0,0,0,0,0,0,0.6326567659148485,0.6654955720981832,0.5798184952529422,0.1623304180560839,0.15650457196535542,0.49425912670007166,0.5294544614235556,0.006832722134389707,0.882605583392985,0.9454543953992064,0.7857142857142857,0.1762488309711463,0.1694161088367566,0.8344633282227785,0.6934758155230596,0.15555820228162018,0.149527603576035,0.7428570249565193,0.16663523192564206,0.16017520475114186,0.13848122433447208,0.1331126569431659,0.029859391130158838,0.0,0.0,0.0
355,0.8790264853256979,0.7745033186677435,35986,53,0.2857142857142857,0.050943149388094,0.6507862446213596,0.0,0,1,0,1,0,1,1,0,0,0.6307538157687623,0.57352056330145,0.2513144282809061,0.04968799850800063,0.501251686308484,0.6836872663644318,0.6023914700749117,-0.5998430952332656,0.8790264853256979,0.7745033186677435,0.2857142857142857,0.050943149388094,0.6507862446213596,0.6808089300815956,0.25115042437877083,0.04478037755803825,0.5720583453078236,0.2212866624764981,0.03945563826446543,0.5040361062025609,0.014555185539455428,0.18593892703467416,0.033153100879462605,0.0,1.0,0.0
356,0.4917680744452398,0.2282690339980354,31936,53,0.8571428571428571,0.875856062348559,0.8768907186070102,0.0,0,1,0,0,1,0,0,1,0,0.3999620436162957,0.20560588879005104,0.6190392084062234,0.629065121813462,0.6296165346025784,0.2647981939320522,0.12291409522971136,-0.0010346562584512276,0.4917680744452398,0.2282690339980354,0.8571428571428571,0.875856062348559,0.8768907186070102,0.11225542330468884,0.4215154923816341,0.4307180492723407,0.431226860188272,0.19565917199831603,0.1999308172736286,0.20016699725826528,0.7507337677273362,0.7516206159488659,0.7680300519091342,0.0,0.0,0.0
357,0.266284896206156,0.915910523233158,56150,443,0.6428571428571429,0.4295183987551443,0.0316165030617924,0.0,1,0,0,1,1,0,1,0,0,0.2360873349028234,0.6501929786842746,0.4964368863138911,0.3573376034600072,0.031126992436636237,0.16208645856026885,0.5575107532723571,0.3979018956933519,0.266284896206156,0.915910523233158,0.6428571428571429,0.4295183987551443,0.0316165030617924,0.2438931386132675,0.17118314756110029,0.11437426223114791,0.008418997236211001,0.5887996220784588,0.3934004213420924,0.028957887862129023,0.2761189706283071,0.020324894825437975,0.01357986976933819,0.0,1.0,1.0
358,0.7093772369362921,0.7123706308063474,18854,80,0.5714285714285714,0.3669583160922949,0.8039222696032973,0.0,0,1,1,0,0,1,0,1,0,0.5361291152555309,0.5378787442459598,0.4519851237430572,0.31258806429393293,0.5899633329090755,0.4514218780503677,0.45332676505858477,-0.43696395351100237,0.7093772369362921,0.7123706308063474,0.5714285714285714,0.3669583160922949,0.8039222696032973,0.5053395097559702,0.4053584211064526,0.26031187634034664,0.5702841583227398,0.40706893188934135,0.2614103271143032,0.5726906143165714,0.20969046633845423,0.459384154059027,0.29500596232272186,0.0,0.0,0.0
359,0.7351467430207588,0.4824674332928912,1581,443,0.5714285714285714,0.8998728983079305,0.450393392468464,0.0,0,1,1,0,0,1,1,0,0,0.5510919879322432,0.3937078842237621,0.4519851237430572,0.6417869883073775,0.3718348247865607,0.4678206546495738,0.30702473027729443,0.4494795058394665,0.7351467430207588,0.4824674332928912,0.5714285714285714,0.8998728983079305,0.450393392468464,0.3546843621988542,0.4200838531547193,0.6615386303237256,0.33110523555126165,0.2756956761673664,0.4341593675364621,0.21730014403633763,0.5142130847473888,0.2573676528391223,0.40529680745933794,0.0,1.0,0.0
360,0.5017895490336435,0.9715990773570172,44804,443,0.5,0.7660504650589974,0.8726991375958808,0.0,1,0,1,0,0,0,0,0,0,0.40665742969928065,0.6788449278823588,0.4054651081081644,0.5687456776845817,0.6273807792704592,0.33452636602242897,0.6477327182380115,-0.10664867253688337,0.5017895490336435,0.9715990773570172,0.5,0.7660504650589974,0.8726991375958808,0.48753826286848173,0.25089477451682174,0.3843961173989672,0.4379113066962866,0.4857995386785086,0.7442939250602358,0.8479136768984225,0.3830252325294987,0.4363495687979404,0.6685315802119105,0.0,0.0,1.0
361,0.959914101646385,0.9207484449459542,56606,443,0.7142857142857143,0.9218613944331944,0.4371898476213405,0.0,1,0,0,1,1,0,0,0,0,0.6729006465914323,0.6527149251575504,0.538996500732687,0.6532941926683736,0.36268971223376584,0.5599498926270579,0.5371032595518066,0.48467154681185387,0.959914101646385,0.9207484449459542,0.7142857142857143,0.9218613944331944,0.4371898476213405,0.8838394163726017,0.6856529297474179,0.8849077522798235,0.419664699828359,0.6576774606756816,0.8488024453800727,0.40254187234350797,0.6584724245951389,0.3122784625866718,0.4030284425602447,0.0,0.0,1.0
362,0.0708661417322834,0.3737243616903138,9445,443,0.5,0.8005291764917937,0.1581160750361802,0.0,0,1,0,0,0,1,0,0,1,0.06846779927746068,0.31752556355175726,0.4054651081081644,0.5880806086363117,0.14679461163701474,0.04724409448818893,0.24914957446020922,0.6424131014556135,0.0708661417322834,0.3737243616903138,0.5,0.8005291764917937,0.1581160750361802,0.02648440358435292,0.0354330708661417,0.05673041408209556,0.011205076183666302,0.1868621808451569,0.29917725549886814,0.059091829215874206,0.40026458824589684,0.0790580375180901,0.12657653133882799,1.0,0.0,0.0
363,0.698639942734431,0.6532847528421782,4899,443,0.3571428571428571,0.6182299821259942,0.7133489369955293,0.0,1,0,1,0,0,1,1,0,0,0.5298278971788017,0.5027640682754413,0.30538164955118186,0.48133294829188783,0.538449897953328,0.5147873262253702,0.4813677126205524,-0.09511895486953503,0.698639942734431,0.6532847528421782,0.3571428571428571,0.6182299821259942,0.7133489369955293,0.4564108223149363,0.24951426526229675,0.4319201593092129,0.49837406049222377,0.23331598315792076,0.4038802210728044,0.46601998399535494,0.22079642218785506,0.2547674774984033,0.44101370056834305,0.0,1.0,1.0
364,0.98067287043665,0.1536169852430126,12845,53,0.5714285714285714,0.7509272521141801,0.0596975041022451,0.0,0,0,0,1,0,0,0,0,1,0.683436620529964,0.14290221112515222,0.4519851237430572,0.5601455059610129,0.05798349390876539,0.6240645539142318,0.09775626333646256,0.691229748011935,0.98067287043665,0.1536169852430126,0.5714285714285714,0.7509272521141801,0.0596975041022451,0.15064800986608967,0.5603844973923714,0.736413983819919,0.05854372270585239,0.08778113442457862,0.11535518060660001,0.00917055060671927,0.4291012869223886,0.034112859486997195,0.044828482713573904,1.0,0.0,0.0
365,0.8496778811739442,0.7663282261032057,26486,53,0.8571428571428571,0.5818245618723417,0.815665668592162,1.0,1,0,0,0,1,0,0,0,1,0.6150115056455306,0.5689029434078043,0.6190392084062234,0.45857896678155113,0.5964521600318787,0.45751885909366224,0.4126382755940338,-0.2338411067198204,0.8496778811739442,0.7663282261032057,0.8571428571428571,0.5818245618723417,0.815665668592162,0.651132143439159,0.7282953267205236,0.4943634609466496,0.6930530770357168,0.6568527652313192,0.44586858440290644,0.6250676249055168,0.49870676731915,0.6991420016504246,0.4745743202629453,1.0,0.0,1.0
366,0.1581961345740873,0.4354656698817327,10492,80,0.7142857142857143,0.829458810737739,0.3725066295198256,0.0,1,0,0,0,0,1,1,0,0,0.14686373836147515,0.36148930519843275,0.538996500732687,0.6040201912787454,0.3166387246411221,0.09228107850155091,0.254021640764344,0.45695218121791337,0.1581961345740873,0.4354656698817327,0.7142857142857143,0.829458810737739,0.3725066295198256,0.06888898571500565,0.11299723898149093,0.13121717764712976,0.05892910889325801,0.3110469070583805,0.3612008366572148,0.16221384895923727,0.592470579098385,0.2660761639427326,0.3089789059134381,0.0,1.0,1.0
367,0.8904795991410165,0.6655524163491124,19294,80,0.6428571428571429,0.5868359218189427,0.1073283991082433,0.0,0,0,0,1,0,1,1,0,0,0.6368305530401704,0.5101568499961247,0.4964368863138911,0.4617420473013148,0.10195026656024501,0.5420310603467057,0.4051188621255467,0.4795075227106994,0.8904795991410165,0.6655524163491124,0.6428571428571429,0.5868359218189427,0.1073283991082433,0.5926608489178925,0.5724511708763678,0.522565416422881,0.09557374981435551,0.427855124795858,0.39057006576705616,0.07143267536937326,0.3772516640264632,0.06899682799815642,0.06298416002803735,0.0,1.0,0.0
368,0.4731567644953471,0.3695828740839106,42325,80,0.9285714285714284,0.7371005284114016,0.0670376824796107,0.0,0,0,1,0,0,0,0,0,0,0.387407557137033,0.3145062220075863,0.6567795363890704,0.5522173603173941,0.06488628798430583,0.24534054455314297,0.19163556433980553,0.6700628459317909,0.4731567644953471,0.3695828740839106,0.9285714285714284,0.7371005284114016,0.0670376824796107,0.1748706369144344,0.43935985274567935,0.34876410113094947,0.03171933294131902,0.3431840973636312,0.27241973177905504,0.02477597936273914,0.6844504906677299,0.062249276588209924,0.0494135111791968,0.0,0.0,0.0
369,0.0909090909090909,0.9550195240178466,51838,80,0.2857142857142857,0.614578801859035,0.9543122970678928,0.0,0,1,1,0,0,1,0,1,0,0.08701137698962975,0.6704001800973582,0.2513144282809061,0.47907411885693874,0.670038365347403,0.0707070707070707,0.7427929631249919,-0.33973349520885776,0.0909090909090909,0.9550195240178466,0.2857142857142857,0.614578801859035,0.9543122970678928,0.08681995672889514,0.02597402597402597,0.05587080016900318,0.08675566336980842,0.2728627211479562,0.586934754822874,0.9113868757101569,0.1755939433882957,0.2726606563051122,0.586500108131329,0.0,0.0,0.0
370,0.6263421617752326,0.9351009996880504,16723,80,0.7142857142857143,1.0,0.201232618858927,0.0,0,0,0,1,1,0,1,0,0,0.48633342058408013,0.6601595213407845,0.538996500732687,0.6931471805599453,0.18334821198555362,0.3653662610355523,0.5454755831513627,0.798767381141073,0.6263421617752326,0.9351009996880504,0.7142857142857143,1.0,0.201232618858927,0.5856931816227946,0.44738725841088045,0.6263421617752326,0.12604047351579178,0.6679292854914646,0.9351009996880504,0.18817282306482705,0.7142857142857143,0.14373758489923358,0.201232618858927,0.0,1.0,0.0
371,0.6907659269863994,0.4793916900337421,24767,80,0.8571428571428571,0.528148045719881,0.5303743697811639,0.0,1,0,0,0,1,0,0,0,1,0.5251816375003457,0.3916309830365775,0.6190392084062234,0.42405657461106694,0.42551239160505466,0.3719508837619073,0.25813398694124573,-0.0022263240612828694,0.6907659269863994,0.4793916900337421,0.8571428571428571,0.528148045719881,0.5303743697811639,0.3311474451557345,0.5920850802740566,0.3648266743877489,0.3663645431917131,0.41090716288606466,0.25318978422567184,0.25425706547997307,0.4526983249027552,0.45460660266956904,0.28011618689983525,1.0,0.0,1.0
372,0.2548317823908375,0.3709849043669091,46175,53,0.7142857142857143,0.7076324388950885,0.298667075751339,0.0,0,0,1,0,1,0,1,0,0,0.22700152566427265,0.31552938984626194,0.538996500732687,0.5351078724974624,0.26133841211572717,0.14865187306132185,0.21640786088069697,0.40896536314374954,0.2548317823908375,0.3709849043669091,0.7142857142857143,0.7076324388950885,0.298667075751339,0.09453874441991383,0.18202270170774107,0.1803272356812108,0.076109863255173,0.2649892174049351,0.2625209526704171,0.1108009765351549,0.5054517420679204,0.2133336255366707,0.21134651123158418,0.0,1.0,0.0
373,0.0343593414459556,0.5990567296456379,13067,80,0.8571428571428571,0.5764315262372426,0.1185010239517687,1.0,0,1,0,1,0,1,1,0,0,0.033782241289570705,0.46941391142488087,0.6190392084062234,0.45516376502051953,0.11198941741635302,0.018501183855514552,0.3225690082707281,0.4579305022854739,0.0343593414459556,0.5990567296456379,0.8571428571428571,0.5764315262372426,0.1185010239517687,0.020583194719391986,0.029450864096533372,0.01980580763019873,0.004071617143654184,0.5134771968391182,0.3453151849723263,0.07098883586820597,0.4940841653462079,0.10157230624437316,0.06830772609719407,0.0,1.0,0.0
374,0.9477451682176092,0.2846771407287007,49893,53,0.1428571428571429,0.8795239918226576,0.0654917738076572,0.0,0,0,0,0,1,0,0,1,0,0.6666723795262846,0.25050743442681744,0.13353139262452268,0.6310185489433678,0.06343645202711373,0.8292770221904081,0.24909249813761314,0.8140322180150004,0.9477451682176092,0.2846771407287007,0.1428571428571429,0.8795239918226576,0.0654917738076572,0.2698013846276305,0.13539216688822994,0.8335646135813878,0.062069512184207684,0.040668162961242975,0.2503803751943673,0.01864401090881466,0.125646284546094,0.009355967686808174,0.05760158633085723,0.0,0.0,0.0
375,0.9992841803865428,0.5696914648001642,11536,53,0.7142857142857143,0.8628293577407451,0.452753374507889,0.0,0,0,0,0,0,0,0,0,1,0.692789206688215,0.4508790808122173,0.538996500732687,0.6220964920087394,0.3734606348118112,0.5829157718921499,0.33232002113342907,0.4100759832328561,0.9992841803865428,0.5696914648001642,0.7142857142857143,0.8628293577407451,0.452753374507889,0.5692836684760411,0.7137744145618162,0.8622117275634076,0.4524292847623573,0.40692247485726013,0.49154652068390997,0.2579297331166166,0.6163066841005322,0.323395267505635,0.3906489033415969,1.0,0.0,0.0
376,0.0465282748747315,0.3443606111936493,60125,443,0.0,0.4283913631857778,0.0866419702089248,0.0,1,0,1,0,1,0,0,0,1,0.04547828105276193,0.2959185180117941,0.0,0.35654889022434116,0.08309217965064598,0.0465282748747315,0.3443606111936493,0.34174939297685303,0.0465282748747315,0.3443606111936493,0.0,0.4283913631857778,0.0866419702089248,0.016022505173648654,0.0,0.0199323111002688,0.004031301405569151,0.0,0.14752111165673504,0.0298360818161673,0.0,0.0,0.03711667172690285,1.0,0.0,1.0
377,0.4609878310665712,0.7937257986500658,64866,53,0.6428571428571429,0.8396947592861466,0.7970847815806181,0.0,1,0,1,0,0,0,1,0,0,0.37911280355288296,0.5842949083930006,0.4964368863138911,0.6095996661670339,0.5861657861991428,0.28060128847530424,0.4831374426565618,0.042609977705528435,0.4609878310665712,0.7937257986500658,0.6428571428571429,0.8396947592861466,0.7970847815806181,0.3658979343812758,0.2963493199713672,0.3870890658412873,0.3674463846370208,0.5102522991321852,0.6664873934366714,0.6326667548518894,0.5398037738268086,0.5124116453018259,0.6693079137999879,0.0,1.0,1.0
378,0.1302791696492483,0.9738331126155868,26735,80,0.7142857142857143,0.1706839262992971,0.071959861845737,1.0,0,0,0,1,1,0,0,0,1,0.1224646549986802,0.6799773946894206,0.538996500732687,0.15758813041802816,0.06948861963954837,0.07599618229539483,0.5680693156924256,0.0987240644535601,0.1302791696492483,0.9738331126155868,0.7142857142857143,0.1706839262992971,0.071959861845737,0.12687016928850156,0.09305654974946306,0.022236560190745918,0.009374871049337239,0.6955950804397049,0.16621765922149392,0.07007689624462166,0.12191709021378365,0.05139990131838357,0.012282391755785375,1.0,0.0,0.0
379,0.0400858983536148,0.8128638012795798,7022,80,0.0714285714285714,0.5063242793671296,0.7340159323518729,1.0,1,0,1,0,1,0,0,0,0,0.039303304313321,0.5949078055528951,0.06899287148695142,0.40967243114358637,0.5504400665236779,0.03741350513004048,0.7586728811942745,-0.22769165298474325,0.0400858983536148,0.8128638012795798,0.0714285714285714,0.5063242793671296,0.7340159323518729,0.03258437571342618,0.002863278453829627,0.02029646359667802,0.029423688054190975,0.05806170009139853,0.4115726784065089,0.5966549809713183,0.03616601995479496,0.05242970945370518,0.37165008799205385,0.0,0.0,1.0
380,0.4345025053686471,0.8075242182957649,11068,53,0.9285714285714284,0.6203028145106408,0.0403399998302258,0.0,0,0,1,0,0,1,0,0,1,0.3608181029477936,0.591958073741526,0.6567795363890704,0.48261305431388457,0.03954758263930837,0.22529759537633556,0.41871626133854484,0.579962814680415,0.4345025053686471,0.8075242182957649,0.9285714285714284,0.6203028145106408,0.0403399998302258,0.35087129599536815,0.40346661212802937,0.26952312699209663,0.01752783099280391,0.7498439169889244,0.5009095453943682,0.03257552682895438,0.5759954706170235,0.037458571270923946,0.025023015432047838,1.0,0.0,0.0
381,0.9763779527559056,0.4079862051256306,24383,80,0.7142857142857143,0.492421748325035,0.1408543604158295,0.0,1,0,1,0,1,0,0,0,1,0.6812658526731926,0.34216046019185387,0.538996500732687,0.4004001349771482,0.13177742067851056,0.5695538057742782,0.23799195298995118,0.3515673879092055,0.9763779527559056,0.4079862051256306,0.7142857142857143,0.492421748325035,0.1408543604158295,0.39834873571321416,0.6974128233970754,0.48078973852208146,0.13752709205955005,0.291418717946879,0.20090128042045938,0.057466635981452116,0.35172982023216787,0.10061025743987821,0.06935975041516736,1.0,0.0,1.0
382,0.6320687186828919,0.652420779218024,8246,53,0.2857142857142857,0.6184996257665274,0.165137472585334,0.0,1,0,0,0,1,0,0,1,0,0.48984836269152465,0.502241351635712,0.2513144282809061,0.481499563161724,0.1528390822751205,0.4916090034200271,0.507438383836241,0.4533621531811934,0.6320687186828919,0.652420779218024,0.2857142857142857,0.6184996257665274,0.165137472585334,0.41237476596243033,0.18059106248082626,0.39093426596409714,0.10437823070354327,0.1864059369194354,0.40352200778865405,0.1077391185422187,0.17671417879043638,0.04718213502438114,0.10213746499405926,0.0,0.0,1.0
383,0.4724409448818898,0.8642580577956401,61175,443,0.7142857142857143,0.2588709988276756,0.424742119947555,0.0,1,0,0,0,1,0,0,0,1,0.38692153039599536,0.6228631497044606,0.538996500732687,0.2302152866096982,0.35399082888599054,0.2755905511811024,0.5041505337141233,-0.1658711211198794,0.4724409448818898,0.8642580577956401,0.7142857142857143,0.2588709988276756,0.424742119947555,0.40831089344675914,0.33745781777277845,0.12230125928866566,0.20066556847915987,0.617327184139743,0.22373134666642436,0.3670867996498767,0.1849078563054826,0.3033872285339679,0.10995341683500796,1.0,0.0,1.0
384,0.737294201861131,0.8451532827874133,38845,443,0.9285714285714284,0.7299967179185387,0.0209531106316083,0.0,0,0,0,1,0,0,0,1,0,0.5523288464696395,0.612562354143109,0.6567795363890704,0.5481195113509739,0.020736613183389926,0.38230069726132726,0.4382276281119921,0.7090436072869304,0.737294201861131,0.8451532827874133,0.9285714285714284,0.7299967179185387,0.0209531106316083,0.6231266150830607,0.6846303302996215,0.5382223474989942,0.015448606979639621,0.7847851911597408,0.6169591225728903,0.017708590234911607,0.6778540952100716,0.019456459872207704,0.0152957019912581,0.0,0.0,0.0
385,0.1567644953471725,0.0674181354823318,63074,53,0.2142857142857143,0.0490315597212003,0.10865898663861,0.0,0,0,1,0,1,0,1,0,0,0.14562687982407885,0.06524277510720489,0.19415601444095748,0.04786741449181918,0.1031511648133981,0.12910017263884793,0.05552081745603795,-0.059627426917409694,0.1567644953471725,0.0674181354823318,0.2142857142857143,0.0490315597212003,0.10865898663861,0.010568769986135049,0.03359239186010839,0.007686407715778715,0.017033871205336854,0.01444674331764253,0.003305616336193925,0.00732558628257469,0.010506762797400065,0.02328406856541643,0.005327719592616112,0.0,1.0,0.0
386,0.5390121689334287,0.0832792147184958,11085,80,0.7142857142857143,0.5490603918668118,0.5372348307811929,0.0,0,1,0,0,1,0,1,0,0,0.43114076186474665,0.07999275078124625,0.538996500732687,0.43764854832277156,0.4299852380396673,0.3144237652111667,0.048579541919122546,0.01182556108561883,0.5390121689334287,0.0832792147184958,0.7142857142857143,0.5490603918668118,0.5372348307811929,0.04488851015248914,0.38500869209530625,0.2959502326955685,0.28957611136595435,0.05948515337035414,0.04572531826769766,0.04474049482688172,0.39218599419057987,0.38373916484370924,0.2949743667132221,0.0,1.0,0.0
387,0.0515390121689334,0.4473669692510973,30635,443,0.6428571428571429,0.3143973431955018,0.9624151215033936,0.0,0,0,0,0,0,1,0,0,0,0.050254816916915454,0.3697460224427039,0.4964368863138911,0.2733782664329607,0.6741759195497564,0.031371572624568154,0.2723103291093636,-0.6480177783078918,0.0515390121689334,0.4473669692510973,0.6428571428571429,0.3143973431955018,0.9624151215033936,0.023056851672211158,0.03313222210860004,0.016203728496833297,0.04960192465872892,0.28759305166141974,0.14065098656596872,0.4305527360683998,0.20211257776853686,0.6186954352521816,0.30258075725184297,0.0,0.0,0.0
388,0.737294201861131,0.5972971093476362,29427,80,0.1428571428571429,0.195365967843669,0.7946531252929371,0.0,0,1,0,0,0,0,0,0,0,0.5523288464696395,0.4683128941005207,0.13353139262452268,0.17845238774031105,0.5848117583038765,0.6451324266284897,0.5226349706791817,-0.5992871574492681,0.737294201861131,0.5972971093476362,0.1428571428571429,0.195365967843669,0.7946531252929371,0.44038369551042617,0.10532774312301875,0.1440421953321253,0.5858931417693094,0.08532815847823377,0.11669152785792675,0.47464401467153633,0.02790942397766701,0.11352187504184819,0.155248176922851,0.0,0.0,0.0
389,0.8131710808876164,0.1971340616306018,19072,80,0.5,0.9092431159072838,0.4511268210850547,0.0,1,0,0,1,0,0,1,0,0,0.5950772907447135,0.1799304183250789,0.4054651081081644,0.6467068891269996,0.3723403726223369,0.5421140539250776,0.13142270775373452,0.4581162948222291,0.8131710808876164,0.1971340616306018,0.5,0.9092431159072838,0.4511268210850547,0.16030371797592244,0.4065855404438082,0.7393702073519502,0.36684328471912825,0.0985670308153009,0.1792427884484669,0.08893246255099864,0.4546215579536419,0.22556341054252735,0.4101839564727229,0.0,1.0,1.0
390,0.0357909806728704,0.6457840522412434,65126,53,0.6428571428571429,0.3516156251800924,0.1364360172309721,0.0,0,1,0,1,1,0,0,1,0,0.03516536737452201,0.4982168981688024,0.4964368863138911,0.3013006362973109,0.12789706464468958,0.021785814322616764,0.393085944842496,0.21517960794912028,0.0357909806728704,0.6457840522412434,0.6428571428571429,0.3516156251800924,0.1364360172309721,0.02311324453261427,0.023008487575416688,0.012584668045099928,0.004883178855797135,0.4151468907265136,0.22706776326013822,0.08810820407907326,0.22603861618720225,0.08770886821991064,0.04797303549575011,0.0,0.0,0.0
391,0.3564781675017895,0.797249597306556,62721,443,0.4285714285714286,0.6503921014249254,0.6845012717792246,0.0,1,0,0,1,0,0,0,0,0,0.3048917582595648,0.5862574948209235,0.3566749439387324,0.5010128969084633,0.5214695388533364,0.24953471725125265,0.5580747181145892,-0.03410917035429917,0.3564781675017895,0.797249597306556,0.4285714285714286,0.6503921014249254,0.6845012717792246,0.2842020754893807,0.15277635750076696,0.23185058447359544,0.24400975901650238,0.34167839884566686,0.5185248409523865,0.5457183632818122,0.27873947203925376,0.29335768790538197,0.4451942205805239,0.0,0.0,1.0
392,0.23478883321403,0.8038622221677283,14749,80,0.8571428571428571,0.2599792675456447,0.2568879138109974,0.0,0,1,1,0,1,0,0,1,0,0.21089997020849827,0.5899300452026112,0.6190392084062234,0.23109526649915926,0.22863875603083106,0.12642475634601613,0.432848888859546,0.0030913537346473063,0.23478883321403,0.8038622221677283,0.8571428571428571,0.2599792675456447,0.2568879138109974,0.18873787320759827,0.2012475713263114,0.06104022888688006,0.06031441355047038,0.6890247618580528,0.20898751172678032,0.20650248924414022,0.22283937218198116,0.22018964040942635,0.06678553167391181,0.0,0.0,0.0
393,0.6277738010021474,0.130203516366016,18830,53,0.8571428571428571,0.2212143044508758,0.9897423113958688,0.0,0,0,0,0,0,1,1,0,0,0.4872133150535195,0.12239771948643,0.6190392084062234,0.19984569524830345,0.6880051385907492,0.338032046693464,0.07010958573554707,-0.7685280069449929,0.6277738010021474,0.130203516366016,0.8571428571428571,0.2212143044508758,0.9897423113958688,0.08173835637293916,0.538091829430412,0.13887254474117255,0.6213342928376355,0.1116030140280137,0.02880288030996645,0.12886792923997048,0.18961226095789355,0.8483505526250303,0.21894515700103925,0.0,1.0,0.0
394,0.2641374373657837,0.0195514370124498,23267,80,0.8571428571428571,0.2138781927820758,0.525608595433369,0.0,0,0,0,1,0,0,0,0,0,0.23439002190694344,0.019362762935181185,0.6190392084062234,0.19382035216850663,0.42239340942124265,0.14222785088926815,0.010527696852857584,-0.31173040265129326,0.2641374373657837,0.0195514370124498,0.8571428571428571,0.2138781927820758,0.525608595433369,0.005164266469287024,0.22640351774210032,0.05649323774988256,0.13883290745519905,0.016758374582099826,0.00418162601451535,0.010276403346817724,0.18332416524177925,0.450521653228602,0.11241621650201418,0.0,0.0,0.0
395,0.4953471725125268,0.8537965095507339,37373,80,0.2857142857142857,0.9586329552559238,0.0504638742732376,0.0,0,0,0,0,0,0,0,1,0,0.4023584022996039,0.6172357035959896,0.2513144282809061,0.6722467580876039,0.04923185163329229,0.3852700230652987,0.6640639518727931,0.9081690809826862,0.4953471725125268,0.8537965095507339,0.2857142857142857,0.9586329552559238,0.0504638742732376,0.42292568690702065,0.14152776357500765,0.4748561238633495,0.024997137435275887,0.24394185987163824,0.8184774711378127,0.04308587971289734,0.2738951300731211,0.014418249792353599,0.04837633292821714,0.0,0.0,0.0
396,0.5705082319255548,0.8075026569116039,5378,443,1.0,0.0483302105116099,0.3290073574508285,0.0,0,0,0,0,0,1,0,0,0,0.45139928157821374,0.591946144986966,0.6931471805599453,0.0471986226356061,0.28443231579616685,0.2852541159627774,0.40375132845580197,-0.2806771469392186,0.5705082319255548,0.8075026569116039,1.0,0.0483302105116099,0.3290073574508285,0.460686913069827,0.5705082319255548,0.027572782947568427,0.18770140578977115,0.8075026569116039,0.039026773397222124,0.2656743152850098,0.0483302105116099,0.3290073574508285,0.015900994845467028,0.0,0.0,0.0
397,0.332856120257695,0.6307140968044446,54663,443,0.0714285714285714,0.6470965108267359,0.9387944013488928,0.0,0,0,0,1,0,0,1,0,0,0.28732409858005054,0.48901801508159537,0.06899287148695142,0.49901404743058403,0.6620663372960826,0.31066571224051537,0.588666490350815,-0.2916978905221569,0.332856120257695,0.6307140968044446,0.0714285714285714,0.6470965108267359,0.9387944013488928,0.2099370472541637,0.02377543716126392,0.21539003402607884,0.31248346215263784,0.04505100691460316,0.40813289137139225,0.5921108629318361,0.04622117934476683,0.06705674295349232,0.6074905814965429,0.0,1.0,0.0
398,0.2276306370794559,0.8658791770778222,43000,53,0.2857142857142857,0.535075674235503,0.4210694450114837,0.0,0,1,0,1,0,1,0,0,1,0.20508600034307842,0.6237323506384587,0.2513144282809061,0.4285796790002194,0.3514097184426427,0.17704605106179905,0.6734615821716395,0.11400622922401926,0.2276306370794559,0.8658791770778222,0.2857142857142857,0.535075674235503,0.4210694450114837,0.1971006287120597,0.06503732487984454,0.12179961661194695,0.09584830602265697,0.24739405059366348,0.4633108844813982,0.3645952645391588,0.15287876406728654,0.12030555571756676,0.22530401718948867,1.0,0.0,0.0
399,0.6857551896921975,0.9448435222219528,43725,53,0.5714285714285714,0.2298354036677894,0.6401099653203717,0.0,0,1,0,0,0,1,0,0,0,0.5222136471935563,0.665181522534263,0.4519851237430572,0.20688034227360902,0.4947632916128374,0.43638966616776204,0.6012640595957881,-0.41027456165258225,0.6857551896921975,0.9448435222219528,0.5714285714285714,0.2298354036677894,0.6401099653203717,0.6479313488107593,0.3918601083955414,0.1576108208401877,0.4389587306921374,0.5399105841268301,0.21715849233277845,0.604803754242672,0.13133451638159394,0.36577712304021237,0.1471199322711823,0.0,0.0,0.0
400,0.45025053686471,0.4538719037266897,42870,80,0.9285714285714284,0.0050950420768405,0.196357016740585,1.0,0,1,1,0,0,1,0,0,0,0.3717363255516668,0.3742302760052527,0.6567795363890704,0.005082106270338344,0.17928111996392102,0.23346324133725707,0.2353409871175428,-0.1912619746637445,0.45025053686471,0.4538719037266897,0.9285714285714284,0.0050950420768405,0.196357016740585,0.20435606832075,0.4180897842315163,0.0022940454304457222,0.08840985220460125,0.42145248203192603,0.0023124964469831847,0.08912093299814279,0.004731110499923321,0.1823315155448289,0.001000447262376155,0.0,0.0,0.0
401,1.0,0.1103633418260362,28595,53,0.5714285714285714,0.3603192709117238,0.2643751404828476,0.0,0,1,0,0,1,0,0,1,0,0.6931471805599453,0.10468729674024797,0.4519851237430572,0.30771943021993403,0.23457804004839666,0.6363636363636364,0.0702312175256594,0.09594413042887617,1.0,0.1103633418260362,0.5714285714285714,0.3603192709117238,0.2643751404828476,0.1103633418260362,0.5714285714285714,0.3603192709117238,0.2643751404828476,0.06306476675773497,0.03976603886213871,0.02917732399941485,0.20589672623527072,0.15107150884734147,0.0952594578659642,0.0,0.0,0.0
402,0.3321403006442376,0.7989026634413914,6540,443,0.0714285714285714,0.6374188531954683,0.6014183269287477,0.0,0,1,0,0,0,1,0,0,0,0.2867868973852889,0.587176847579877,0.06899287148695142,0.4931211319988881,0.47088969090760097,0.3099976139346218,0.745642485878632,0.03600052626672057,0.3321403006442376,0.7989026634413914,0.0714285714285714,0.6374188531954683,0.6014183269287477,0.2653477708209059,0.023724307188874104,0.211712489536648,0.19975526391906867,0.05706447596009936,0.5092356195456169,0.48047470322584207,0.04552991808539057,0.042958451923481966,0.3833553802416596,0.0,0.0,0.0
403,0.9606299212598426,0.3771974371099245,49546,443,0.4285714285714286,0.7375650866192656,0.6430722363369517,0.0,0,1,1,0,0,1,0,0,1,0.6732658100061164,0.32005059153795323,0.3566749439387324,0.5524847576799619,0.49656780420973995,0.6724409448818898,0.2640382059769471,0.09449285028231391,0.9606299212598426,0.3771974371099245,0.4285714285714286,0.7375650866192656,0.6430722363369517,0.36234714431032117,0.4116985376827897,0.7085270910830741,0.6177544317567567,0.16165604447568194,0.2782076603745464,0.24256519942284582,0.3160993228368281,0.2756023870015507,0.4743076296963086,1.0,0.0,0.0
404,0.6313528990694345,0.6851360209121125,61584,80,0.7142857142857143,0.1959913937799546,0.0788213277409966,0.0,1,0,0,1,0,0,0,1,0,0.48940966998872243,0.5218462851231931,0.538996500732687,0.17897545966639145,0.07586908196287424,0.36828919112383673,0.3996626788653989,0.11717006603895799,0.6313528990694345,0.6851360209121125,0.7142857142857143,0.1959913937799546,0.0788213277409966,0.4325626130597589,0.4509663564781675,0.12373973465563345,0.04976407377778024,0.48938287208008036,0.13428076366741704,0.05400333085147591,0.13999385269996756,0.05630094838642614,0.015448301883544522,0.0,0.0,1.0
405,0.1939871152469577,0.4280411338556054,1372,53,0.7857142857142857,0.2394677763007875,0.7986175356429356,0.0,0,0,0,0,0,1,1,0,0,0.1772982236617302,0.3563036687235424,0.5798184952529422,0.2146820748181707,0.5870183340576316,0.10863278453829632,0.23970303495913903,-0.5591497593421481,0.1939871152469577,0.4280411338556054,0.7857142857142857,0.2394677763007875,0.7986175356429356,0.08303446476368577,0.15241844769403817,0.04645366311919355,0.1549215119250075,0.33631803374368996,0.10250205848966955,0.34184115547357147,0.1881532528077616,0.6274852065765922,0.19124316537522867,0.0,1.0,0.0
406,0.2627057981388689,0.9429630981522736,40160,443,0.8571428571428571,0.8851165822969609,0.1586961764418982,0.0,0,1,1,0,0,1,1,0,0,0.2332568773097747,0.6642141780133398,0.6190392084062234,0.6339896663598973,0.14729538714652865,0.14145696822862172,0.5077493605435319,0.7264204058550627,0.2627057981388689,0.9429630981522736,0.8571428571428571,0.8851165822969609,0.1586961764418982,0.24772187331559362,0.22517639840474477,0.23252525819827097,0.041690405693755636,0.8082540841305202,0.8346322746686942,0.1496446382025722,0.7586713562545379,0.1360252940930556,0.14046461731584842,0.0,1.0,0.0
407,0.698639942734431,0.116490907887645,28169,53,0.7142857142857143,0.461283328755071,0.8685913840206301,0.0,0,0,0,0,0,0,0,1,0,0.5298278971788017,0.11019064885931548,0.538996500732687,0.3793150419307377,0.6251848764384575,0.4075399665950847,0.06795302960112624,-0.4073080552655591,0.698639942734431,0.116490907887645,0.7142857142857143,0.461283328755071,0.8685913840206301,0.08138520121570618,0.49902853052459356,0.3222709583857905,0.6068326347917932,0.08320779134831786,0.05373531376011324,0.10118299890794931,0.32948809196790785,0.6204224171575929,0.4006667249490104,0.0,0.0,0.0
408,0.6506800286327845,0.9657836307754144,29736,53,0.3571428571428571,0.9408252868765414,0.7343594465024396,1.0,0,0,0,0,1,0,0,1,0,0.5011873415720425,0.6758909601116599,0.30538164955118186,0.6631132882223901,0.5506381501300743,0.4794484421504728,0.7116300437292526,0.20646584037410187,0.6506800286327845,0.9657836307754144,0.3571428571428571,0.9408252868765414,0.7343594465024396,0.6284161205260212,0.23238572451170872,0.6121762246032757,0.4778330256769632,0.3449227252769337,0.9086336614849471,0.7092323325373497,0.3360090310273362,0.2622712308937284,0.6909039369261559,0.0,0.0,0.0
409,0.9677881173944164,0.9689391365638635,28141,443,0.0,0.52492849120227,0.4325263759983289,0.0,0,1,1,0,0,1,0,0,0,0.6769101289082837,0.6774948883432121,0.0,0.42194751794505203,0.35943958200152687,0.9677881173944164,0.9689391365638635,0.09240211520394115,0.9677881173944164,0.9689391365638635,0.0,0.52492849120227,0.4325263759983289,0.9377277828449129,0.0,0.5080195562673364,0.4185938871508522,0.0,0.5086237590232991,0.41909173330091776,0.0,0.0,0.22704541795798852,0.0,0.0,0.0
410,0.0408017179670723,0.5392514375424948,19263,53,0.4285714285714286,0.9387458122653652,0.7842717388576971,0.0,1,0,1,0,1,0,0,0,0,0.039991298836502855,0.43129621873273194,0.3566749439387324,0.6620412754884143,0.5790103425458045,0.02856120257695061,0.37747600627974637,0.15447407340766817,0.0408017179670723,0.5392514375424948,0.4285714285714286,0.9387458122653652,0.7842717388576971,0.022002385067947175,0.0174864505573167,0.03830244187482163,0.03199963429841713,0.2311077589467835,0.5062200287510952,0.42291966260296526,0.4023196338280137,0.3361164595104416,0.7362318105307393,0.0,0.0,1.0
411,0.5547602004294918,0.641126073187155,49325,53,0.7857142857142857,0.2196371922981308,0.3452159467587599,0.0,0,0,1,0,0,1,0,0,0,0.4413213217968643,0.49538263620575246,0.5798184952529422,0.19855343115577676,0.29655455537716785,0.3106657122405154,0.3590306009848068,-0.12557875446062908,0.5547602004294918,0.641126073187155,0.7857142857142857,0.2196371922981308,0.3452159467587599,0.35567122886187913,0.43588301462317214,0.12184597282108188,0.1915120678153464,0.5037419146470503,0.14081513062395265,0.22132694434702968,0.17257207966281707,0.2712411010247399,0.07582226128263503,0.0,0.0,0.0
412,0.5740873299928418,0.1597927174185096,65419,80,0.9285714285714284,0.8975494468336827,0.1340977614189948,0.0,0,0,0,1,0,1,1,0,0,0.4536756312977994,0.14824129727038182,0.6567795363890704,0.6405632888855018,0.12583741095393958,0.29767491184814027,0.08285548310589387,0.7634516854146879,0.5740873299928418,0.1597927174185096,0.9285714285714284,0.8975494468336827,0.1340977614189948,0.09173497449509284,0.5330810921362101,0.515271765469301,0.07698382581104785,0.14837895188861602,0.14342186512703425,0.02142784569688015,0.833438772059848,0.12451934988906657,0.12035937158325392,0.0,1.0,0.0
413,0.0558339298496778,0.3245774864554449,36872,53,0.5,0.9952659596003004,0.0221951323014161,1.0,0,1,0,1,0,0,1,0,0,0.0543309095169583,0.2810935304389044,0.4054651081081644,0.6907773545392848,0.021952405358133035,0.037222619899785196,0.2163849909702966,0.9730708272988843,0.0558339298496778,0.3245774864554449,0.5,0.9952659596003004,0.0221951323014161,0.018122436609538054,0.0279169649248389,0.05556960977009543,0.0012392414599215842,0.16228874322772244,0.32304092352173186,0.007204040253939691,0.4976329798001502,0.01109756615070805,0.022090059648424518,0.0,1.0,0.0
414,0.6127415891195419,0.3280245785039107,16867,443,0.0714285714285714,0.9390686363042322,0.879047003944822,0.0,1,0,0,1,1,0,1,0,0,0.4779355811752826,0.2836925587925442,0.06899287148695142,0.6622077734185727,0.630764735522824,0.5718921498449058,0.30615627327031664,0.06002163235941016,0.6127415891195419,0.3280245785039107,0.0714285714285714,0.9390686363042322,0.879047003944822,0.20099430150275416,0.043767256365681545,0.5754064085013764,0.5386286581079225,0.02343032703599361,0.308037593609938,0.2883490229541258,0.06707633116458799,0.06278907171034441,0.8254854712417851,0.0,1.0,1.0
415,0.5948460987831067,0.8916751660621023,36679,53,0.4285714285714286,0.8581211874121504,0.0382541027888623,0.0,0,1,0,0,0,1,0,1,0,0.46677724179021285,0.6374627677617398,0.3566749439387324,0.6195658629213123,0.03754055515960085,0.4163922691481747,0.6241726162434715,0.8198670846232881,0.5948460987831067,0.8916751660621023,0.4285714285714286,0.8581211874121504,0.0382541027888623,0.5304094939138203,0.2549340423356172,0.5104500406152448,0.0227553038064027,0.38214649974090104,0.7651653522871376,0.03411023345681552,0.3677662231766359,0.016394615480940986,0.03282665610856497,0.0,0.0,0.0
416,0.8568360773085183,0.8689111471912673,52531,443,0.8571428571428571,0.1931027762469117,0.3488135179514987,0.0,0,0,0,0,1,0,0,0,0,0.6188740056194274,0.6253559870497531,0.6190392084062234,0.17655728881578692,0.29922533042126603,0.46137327239689446,0.46787523310299006,-0.15571074170458699,0.8568360773085183,0.8689111471912673,0.8571428571428571,0.1931027762469117,0.3488135179514987,0.74451441888901,0.7344309234073013,0.16545742531678834,0.29887600643374657,0.7447809833068004,0.16778915483452264,0.3030879540390584,0.16551666535449572,0.29898301538699884,0.06735685870888636,0.0,0.0,0.0
417,0.6471009305654974,0.0742246776330935,25595,53,0.3571428571428571,0.3289421596048951,0.3809999822091628,0.0,1,0,1,0,0,0,1,0,0,0.499016730778404,0.07159917125931854,0.30538164955118186,0.2843832570420196,0.3228078615445792,0.47681121199562965,0.05469186772964784,-0.05205782260426772,0.6471009305654974,0.0742246776330935,0.3571428571428571,0.3289421596048951,0.3809999822091628,0.04803085796729887,0.23110747520196334,0.212858777582552,0.24654544303298723,0.026508813440390532,0.024415625756606926,0.028279600857689467,0.11747934271603394,0.13607142221755814,0.1253269569573086,0.0,1.0,1.0
418,0.6993557623478883,0.8818660578099795,61465,443,0.2142857142857143,0.1877609177641463,0.0323075035882873,1.0,1,0,0,0,1,0,1,0,0,0.5302492159126515,0.6322638684976255,0.19415601444095748,0.17206995301414535,0.031796591268847776,0.5759400395806139,0.7262426358435125,0.155453414175859,0.6993557623478883,0.8818660578099795,0.2142857142857143,0.1877609177641463,0.0323075035882873,0.6167381091484252,0.1498619490745475,0.1313116797820837,0.022594438801543805,0.18897129810213847,0.16557998035945146,0.02849089082708469,0.04023448237803135,0.006923036483204422,0.006066086524405274,0.0,1.0,1.0
419,0.6664280601288475,0.3945889597112171,12425,443,0.9285714285714284,0.3072608032797737,0.7792612490418037,0.0,0,0,0,1,0,1,0,0,0,0.5106824495943666,0.33259971931797916,0.6567795363890704,0.26793395817876625,0.5761982495275757,0.3455552904371802,0.2046016828132237,-0.47200044576203004,0.6664280601288475,0.3945889597112171,0.9285714285714284,0.3072608032797737,0.7792612490418037,0.26296515496860634,0.6188260558339297,0.20476722108337098,0.5193215625325119,0.36640403401755867,0.12124172072619882,0.307487885602669,0.28531360304550407,0.7235997312531033,0.23943643734538436,0.0,0.0,0.0
420,0.982820329277022,0.7365751164491036,52818,443,0.1428571428571429,0.1205335814793455,0.9883261472896216,0.0,1,0,0,0,0,1,1,0,0,0.6845202399244223,0.5519148496514474,0.13353139262452268,0.1138049838939501,0.6872931527711089,0.8599677881173943,0.6445032268929657,-0.8677925658102762,0.982820329277022,0.7365751164491036,0.1428571428571429,0.1205335814793455,0.9883261472896216,0.7239209984857687,0.14040290418243176,0.1184628542384691,0.9713470295122765,0.10522501663558625,0.08878203681417642,0.7279764470295469,0.017219083068477935,0.14118944961280314,0.11912649020250123,0.0,1.0,1.0
421,0.8747315676449534,0.1099817233372848,60227,53,0.7857142857142857,0.996974861110372,0.5201914102135443,1.0,0,0,0,1,1,0,1,0,0,0.6284654852507501,0.10434354972677998,0.5798184952529422,0.6916334660271395,0.41883625470201735,0.48984967788117395,0.06158976506887949,0.4767834508968277,0.8747315676449534,0.1099817233372848,0.7857142857142857,0.996974861110372,0.5201914102135443,0.0962044852671167,0.687289088863892,0.8720853831616854,0.45502784773153265,0.08641421119358092,0.10964901334886888,0.05721154776053806,0.7833373908724351,0.40872182231064197,0.5186177589484569,0.0,1.0,0.0
422,0.3314244810307802,0.0651396433269642,23095,53,0.2857142857142857,0.5293986448439769,0.2715546183097529,0.0,0,0,0,0,0,0,0,1,0,0.2862494074502851,0.06310591106064979,0.2513144282809061,0.42487461555722567,0.2402402607653693,0.2577745963572735,0.05066416703208328,0.257844026534224,0.3314244810307802,0.0651396433269642,0.2857142857142857,0.5293986448439769,0.2715546183097529,0.021588872484169234,0.0946927088659372,0.17545567112581337,0.08999984844482146,0.018611326664846915,0.03448483890291485,0.017688970980487207,0.15125675566970767,0.07758703380278655,0.1437606469343066,0.0,0.0,0.0
423,0.3385826771653543,0.1209465839219818,13816,443,0.7857142857142857,0.6925767623012815,0.5187105232154094,0.0,0,1,1,0,0,0,0,0,1,0.2916113505916704,0.11417349257288917,0.5798184952529422,0.5262520791635725,0.4178616348243127,0.18960629921259842,0.06773008699630982,0.17386623908587207,0.3385826771653543,0.1209465839219818,0.7857142857142857,0.6925767623012815,0.5187105232154094,0.040950418178308794,0.26602924634420694,0.23449449432248112,0.175626397624115,0.09502945879584285,0.08376479350408639,0.06273626582728761,0.5441674560938641,0.40755826824067887,0.359246854740132,1.0,0.0,0.0
424,0.2440944881889763,0.3746847384387012,29058,53,0.6428571428571429,0.9061299400781584,0.8128763110113448,0.0,0,1,0,0,0,0,0,0,0,0.21840794656837548,0.3182244236941066,0.4964368863138911,0.6450749771360385,0.5949147060649989,0.14857925368024646,0.22806897122355727,0.09325362906681356,0.2440944881889763,0.3746847384387012,0.6428571428571429,0.9061299400781584,0.8128763110113448,0.09145847946141522,0.15691788526434192,0.22118132395608583,0.19841862709725733,0.24086876042487937,0.33951305958966077,0.30457234797430205,0.582512104335959,0.5225633427930074,0.7365715629876644,0.0,0.0,0.0
425,0.2899069434502505,0.2693934791674259,3780,53,0.9285714285714284,0.7189132595796375,0.7420343473895943,0.0,0,0,0,1,0,1,0,0,0,0.25457007891132133,0.23853921093629954,0.6567795363890704,0.5416922653135168,0.5550535954515403,0.1503221188260558,0.13968550771644306,-0.02312108780995681,0.2899069434502505,0.2693934791674259,0.9285714285714284,0.7189132595796375,0.7420343473895943,0.07809904013085717,0.2691993046323754,0.2084179456905892,0.21512090958681862,0.250151087798324,0.19367054421775332,0.19989921450501313,0.6675623124668061,0.6890318940046232,0.5334583314019022,0.0,0.0,0.0
426,0.493915533285612,0.5140799622913019,14833,80,0.6428571428571429,0.3101474818083876,0.8925352811425226,0.0,0,1,1,0,0,0,0,1,0,0.40140054782023893,0.41480796887243143,0.4964368863138911,0.27013971240935525,0.6379173487673322,0.3006442376521117,0.3129182379164447,-0.582387799334135,0.493915533285612,0.5140799622913019,0.6428571428571429,0.3101474818083876,0.8925352811425226,0.2539120787265557,0.3175171285407506,0.15318665887457938,0.4408370393617327,0.33047997575869414,0.15944060575279814,0.45883450367340456,0.19938052401967774,0.5737726807344788,0.27681756987149464,0.0,0.0,0.0
427,0.3192555476020042,0.6230625130492536,39881,443,0.3571428571428571,0.1267990572663517,0.7653460376337686,0.0,1,0,0,0,0,0,0,0,1,0.2770675984128614,0.48431480476497285,0.30538164955118186,0.11938092037290027,0.5683467264855109,0.2352409298120031,0.45909869382576585,-0.6385469803674169,0.3192555476020042,0.6230625130492536,0.3571428571428571,0.1267990572663517,0.7653460376337686,0.19891616379382035,0.1140198384292872,0.04048130246298701,0.2443409683497929,0.22252232608901912,0.07900373927264932,0.47685842556038455,0.0452853775951256,0.27333787058348874,0.0970451560544996,1.0,0.0,1.0
428,0.2168933428775948,0.4604451772091648,40155,443,0.2142857142857143,0.5753734448794114,0.7884002518862688,0.0,0,0,0,0,0,1,0,0,0,0.1963011707873456,0.3787413051395288,0.19415601444095748,0.4544923520319142,0.581321506222159,0.17861804707566628,0.3791901459369592,-0.2130268070068574,0.2168933428775948,0.4604451772091648,0.2142857142857143,0.5753734448794114,0.7884002518862688,0.09986749369676227,0.04647714490234174,0.12479466986289307,0.1709987661571506,0.09866682368767818,0.2649279277889482,0.3630150936915232,0.12329430961701675,0.1689429111184862,0.4536245688715982,0.0,0.0,0.0
429,0.6929133858267716,0.1678046797062053,63506,53,0.2857142857142857,0.0231085138851181,0.0818600620843087,0.0,0,1,1,0,0,1,0,1,0,0.5264509416690715,0.1551256441432283,0.2513144282809061,0.022845555523022587,0.07868183942083173,0.5389326334208224,0.13051475088260414,-0.058751548199190595,0.6929133858267716,0.1678046797062053,0.2857142857142857,0.0231085138851181,0.0818600620843087,0.11627410877280367,0.1979752530933633,0.016012198597562147,0.05672193278282807,0.04794419420177294,0.003877716770978641,0.0137365014987875,0.006602432538605171,0.02338858916694534,0.0018916643813118774,0.0,0.0,0.0
430,0.3979957050823192,0.0005953884423132,51916,53,0.5714285714285714,0.1241588639501767,0.8143749286307788,0.0,0,0,0,1,1,0,0,0,0,0.33503957161971704,0.000595211268935746,0.4519851237430572,0.11703507951818548,0.5957410164613263,0.25326999414329404,0.0003788835541993091,-0.690216064680602,0.3979957050823192,0.0005953884423132,0.5714285714285714,0.1241588639501767,0.8143749286307788,0.00023696204289630577,0.22742611718989666,0.049414694600070315,0.3241177239217702,0.0003402219670361143,7.392275260667223e-05,0.0004848694202164028,0.07094792225724382,0.4653571020747307,0.10111186596830371,0.0,0.0,0.0
431,0.6163206871868289,0.6726973609234754,21940,80,0.8571428571428571,0.1003886446660677,0.8520572458188065,0.0,1,0,0,1,0,1,0,0,1,0.48015238545264544,0.5144375096000655,0.6190392084062234,0.09566343073665563,0.6162970460156091,0.33186498540829246,0.3622216558818714,-0.7516686011527388,0.6163206871868289,0.6726973609234754,0.8571428571428571,0.1003886446660677,0.8520572458188065,0.4145972997531226,0.5282748747315675,0.061871598466345226,0.5251405072655636,0.5765977379344075,0.06753117633354827,0.5731766606180361,0.08604740971377231,0.7303347821304055,0.08553687208565246,1.0,0.0,1.0
432,0.4481030780243379,0.7745655079941826,57544,80,0.2142857142857143,0.877594514455903,0.7500654172077705,0.0,0,1,0,1,1,0,1,0,0,0.37025447791078364,0.5735556087342002,0.19415601444095748,0.6299914439781373,0.5596531684983439,0.36902606425533707,0.6378774771716796,0.12752909724813244,0.4481030780243379,0.7745655079941826,0.2142857142857143,0.877594514455903,0.7500654172077705,0.3470851882636781,0.09602208814807242,0.3932528031849644,0.33610662217041115,0.16597832314161057,0.6797544409024445,0.5809748009084053,0.1880559673834078,0.16072830368737942,0.6582532956246177,0.0,1.0,0.0
433,0.3335719398711524,0.9086401951000188,14968,443,0.0714285714285714,0.716966440002424,0.663353720367541,0.0,0,1,0,1,0,1,0,0,1,0.2878610113446266,0.6463910487708846,0.06899287148695142,0.5405590360064524,0.508835877754197,0.3113338105464089,0.8480641820933509,0.05361271963488301,0.3335719398711524,0.9086401951000188,0.0714285714285714,0.716966440002424,0.663353720367541,0.3030968725244157,0.023826567133653734,0.2391598862141228,0.22127618732374665,0.06490287107857275,0.6514645259239685,0.6027498538950858,0.051211888571601694,0.04738240859768148,0.47560235535427936,1.0,0.0,0.0
434,0.8282032927702219,0.2634611480313684,62069,443,1.0,0.7439582388434909,0.3163480121075199,0.0,1,0,0,0,0,0,0,0,0,0.6033336773355228,0.23385489789282116,0.6931471805599453,0.5561573795828226,0.2748612448334225,0.41410164638511093,0.1317305740156842,0.427610226735971,0.8282032927702219,0.2634611480313684,1.0,0.7439582388434909,0.3163480121075199,0.21819939031660215,0.8282032927702219,0.6161486630937143,0.262000465288762,0.2634611480313684,0.19600409169310107,0.08334541044728842,0.7439582388434909,0.3163480121075199,0.23534970994914983,0.0,0.0,1.0
435,0.8790264853256979,0.1474965878297287,21152,80,0.9285714285714284,0.474527556849071,0.9979107835661156,0.0,0,0,0,0,0,1,0,1,0,0.6307538157687623,0.1375826893792782,0.6567795363890704,0.3883376380433329,0.6921020263595807,0.4557915109096212,0.07647971220800748,-0.5233832267170446,0.8790264853256979,0.1474965878297287,0.9285714285714284,0.474527556849071,0.9979107835661156,0.12965340719749952,0.816238879231005,0.4171222904872292,0.8771900087467359,0.1369611172704623,0.06999119546641558,0.14718843553449296,0.44063273135985154,0.9266314418828214,0.4735361660789709,0.0,0.0,0.0
436,0.6335003579098067,0.495176067659019,25837,80,0.7142857142857143,0.5133797184958331,0.4914745495781896,0.0,0,1,0,0,0,0,1,0,0,0.49072517116505915,0.40224397091756614,0.538996500732687,0.41434537390385096,0.39976526118523653,0.36954187544738726,0.2888527061344277,0.02190516891764349,0.6335003579098067,0.495176067659019,0.7142857142857143,0.5133797184958331,0.4914745495781896,0.31369421609035925,0.45250025564986196,0.3252262354107461,0.3113493030613442,0.3536971911850136,0.25421335022066077,0.2433664348146155,0.36669979892559507,0.3510532496987069,0.2523130659103173,0.0,1.0,0.0
437,0.854688618468146,0.2353672471786809,4351,80,0.2857142857142857,0.9772563394105722,0.5464020687153807,0.0,0,0,1,0,0,1,1,0,0,0.6177168213051482,0.2113682920119777,0.2513144282809061,0.6817101965877825,0.43593098667323404,0.6647578143641136,0.1830634144723074,0.43085427069519155,0.854688618468146,0.2353672471786809,0.2857142857142857,0.9772563394105722,0.5464020687153807,0.20116570732379743,0.244196748133756,0.8352498706200596,0.4670036292384857,0.06724778490819454,0.23001413439498103,0.1286051507662756,0.2792160969744492,0.15611487677582303,0.5339748855191568,0.0,1.0,0.0
438,0.670722977809592,0.7339203764447346,3939,443,0.2142857142857143,0.5332616156118233,0.514761281720494,0.0,0,0,0,1,0,0,1,0,0,0.5132564535895395,0.5503849582986969,0.19415601444095748,0.42739724130600376,0.4152578567244478,0.5523600993726051,0.6044050158956638,0.018500333891329324,0.670722977809592,0.7339203764447346,0.2142857142857143,0.5332616156118233,0.514761281720494,0.49225726036414913,0.14372635238776973,0.3576708187747161,0.345262219736652,0.15726865209530028,0.39137156567335674,0.377793793659479,0.11427034620253357,0.11030598894010586,0.2745024327446835,0.0,1.0,0.0
439,0.5082319255547602,0.9064994347289056,47243,443,0.7142857142857143,0.7522342761715546,0.9661652429619731,0.0,0,0,0,0,0,1,0,1,0,0.4109380545472272,0.6452688038186662,0.538996500732687,0.5608917028505757,0.6760850685296538,0.29646862324027673,0.5287913369251949,-0.21393096679041856,0.5082319255547602,0.9064994347289056,0.7142857142857143,0.7522342761715546,0.9661652429619731,0.4607119532265733,0.3630228039676858,0.3823094746469604,0.4910360218346463,0.6474995962349326,0.6818999461332217,0.8758282465997443,0.5373101972653962,0.6901180306871237,0.726782612201614,0.0,0.0,0.0
440,0.2455261274158911,0.5804424292227631,59158,80,0.6428571428571429,0.7150062009617972,0.1519903816327837,0.0,0,1,1,0,0,1,0,1,0,0.21955803295161283,0.4577048263364335,0.4964368863138911,0.5394166963325311,0.1414912129617466,0.1494506862531511,0.35331278300516017,0.5630158193290136,0.2455261274158911,0.5804424292227631,0.6428571428571429,0.7150062009617972,0.1519903816327837,0.1425137818349375,0.1578382247673586,0.17555270360049846,0.037317609806760764,0.3731415616432049,0.41501993619560473,0.0882216663334278,0.4596468434754411,0.0977081024782181,0.10867406535399039,0.0,0.0,0.0
441,0.5776664280601288,0.6270782805505924,51070,80,0.9285714285714284,0.0973792285610644,0.0100789711203933,0.0,0,1,1,0,0,1,0,0,0,0.4559468110158433,0.48678594050947604,0.6567795363890704,0.09292481759870883,0.010028517024661895,0.2995307404756224,0.32515170102623314,0.0873002574406711,0.5776664280601288,0.6270782805505924,0.9285714285714284,0.0973792285610644,0.0100789711203933,0.3622420704397481,0.536404540341548,0.056252711130120946,0.0058222832456387924,0.5822869747969786,0.06106439920741541,0.006320303879895309,0.09042356937813122,0.009359044611793777,0.0009814824323931466,0.0,0.0,0.0
442,0.7566213314244811,0.2791217787577474,19882,443,0.2857142857142857,0.4074844387338769,0.3632360811930262,0.0,1,0,0,1,1,0,0,0,0,0.5633922660138949,0.24617373210459587,0.2513144282809061,0.34180402500886925,0.30986134475395877,0.5884832577745964,0.21709471681158135,0.044248357540850713,0.7566213314244811,0.2791217787577474,0.2857142857142857,0.4074844387338769,0.3632360811930262,0.21118949187325628,0.21617752326413744,0.30831141856958333,0.2748321673736784,0.07974907964507068,0.11373778135550207,0.10138710109159103,0.11642412535253625,0.10378173748372177,0.1480130506728332,0.0,0.0,1.0
443,0.1138153185397279,0.7416959387025793,11044,80,0.2857142857142857,0.7052348530323673,0.2850503258016374,0.0,0,1,0,0,1,0,0,1,0,0.107791345481375,0.5548593159521024,0.2513144282809061,0.5337028449636843,0.25079788162825867,0.08852302553089948,0.5768746189908951,0.4201845272307299,0.1138153185397279,0.7416959387025793,0.2857142857142857,0.7052348530323673,0.2850503258016374,0.08441635952305657,0.032518662439922255,0.08026652944319708,0.032443093630966584,0.21191312534359408,0.5230698263256173,0.21142066897292153,0.20149567229496207,0.08144295022903926,0.2010274246235462,0.0,0.0,0.0
444,0.4788833214030065,0.212741356330588,65226,80,0.7142857142857143,0.4341526089884668,0.5421883992472784,0.0,0,0,0,0,1,0,1,0,0,0.3912872904226221,0.19288338078782685,0.538996500732687,0.36057415840377066,0.4332024461781332,0.2793486041517538,0.12409912452617632,-0.10803579025881155,0.4788833214030065,0.212741356330588,0.7142857142857143,0.4341526089884668,0.5421883992472784,0.1018782873193725,0.34205951528786177,0.20790844338817777,0.25964498145771603,0.15195811166470571,0.09236221489066986,0.11534589544257635,0.31010900642033346,0.38727742803377024,0.23539250809648637,0.0,1.0,0.0
445,0.1853972798854688,0.8925910950558127,14067,80,0.1428571428571429,0.0475793295854956,0.0456476716499393,0.0,0,1,0,0,0,0,0,0,1,0.17007797568824312,0.6379468399429216,0.13353139262452268,0.04648210224779892,0.044636474914748196,0.1622226198997852,0.7810172081738361,0.0019316579355563024,0.1853972798854688,0.8925910950558127,0.1428571428571429,0.0475793295854956,0.0456476716499393,0.1654839610733396,0.026485325697924125,0.008821078283925095,0.008462954157003776,0.12751301357940187,0.042468885896738945,0.040744705224767495,0.006797047083642231,0.006521095949991331,0.0021718856142429457,1.0,0.0,0.0
446,0.7680744452397995,0.7795428772592213,36106,80,0.7142857142857143,0.134084066398314,0.5394766670015437,0.0,1,0,0,0,1,0,0,0,0,0.5698910703650609,0.5763565207939958,0.538996500732687,0.12582533518425215,0.43144253204901234,0.44804342638988304,0.4547333450678791,-0.40539260060322974,0.7680744452397995,0.7795428772592213,0.7142857142857143,0.134084066398314,0.5394766670015437,0.5987469629915135,0.5486246037427139,0.10298654491438146,0.41435824172702673,0.5568163408994439,0.10452427891475817,0.42054519320859823,0.09577433314165286,0.3853404764296741,0.07233522523857612,0.0,0.0,1.0
447,0.5561918396564066,0.9427385872842704,19488,53,0.2857142857142857,0.7640614168826652,0.637495393019863,0.0,0,1,0,0,0,1,0,0,0,0.44224170842419297,0.6640986205740775,0.2513144282809061,0.5676187738054156,0.49316787510032783,0.4325936530660941,0.7332411234433215,0.12656602386280214,0.5561918396564066,0.9427385872842704,0.2857142857142857,0.7640614168826652,0.637495393019863,0.5243435091767202,0.15891195418754475,0.42496472506645017,0.35456973541620157,0.2693538820812201,0.7203101807503818,0.6009915062157763,0.21830326196647576,0.182141540862818,0.48708563324692805,0.0,0.0,0.0
448,0.4022906227630637,0.4464580271573652,49983,53,0.7142857142857143,0.4734626057703641,0.6426765599975304,0.0,0,0,1,0,1,0,0,0,0,0.3381070586875789,0.3691178281844115,0.538996500732687,0.38761514504553696,0.49632696027074175,0.23466952994512047,0.2604338491751297,-0.16921395422716629,0.4022906227630637,0.4464580271573652,0.7142857142857143,0.4734626057703641,0.6426765599975304,0.17960587778270526,0.2873504448307598,0.1904695665303827,0.25854275355663,0.3188985908266894,0.21138118090502211,0.28692810907677946,0.3381875755502601,0.4590546857125217,0.30428331876396447,0.0,0.0,0.0
449,0.6871868289191124,0.3566042089838085,6952,443,0.0,0.6879556625834962,0.5409216516437841,0.0,0,1,1,0,0,1,0,0,0,0.5230625436791693,0.30498467212255853,0.0,0.523518129586797,0.4323807125041058,0.6871868289191124,0.3566042089838085,0.14703401093971202,0.6871868289191124,0.3566042089838085,0.0,0.6879556625834962,0.5409216516437841,0.24505371555079183,0.0,0.4727540702076996,0.3717142344867808,0.0,0.24532788487151952,0.19289493770664687,0.0,0.0,0.3721301132623586,0.0,0.0,0.0
450,0.5068002863278454,0.7695460549356996,4161,53,0.2857142857142857,0.1461379975806034,0.0875225953061703,0.0,1,0,0,0,0,0,0,1,0,0.40998838685951994,0.5707230475546509,0.2513144282809061,0.13639802778003574,0.08390226105788731,0.3941780004772131,0.5985358205055442,0.058615402274433084,0.5068002863278454,0.7695460549356996,0.2857142857142857,0.1461379975806034,0.0875225953061703,0.39000616098387636,0.1448000818079558,0.07406277901722777,0.04435647636132325,0.21987030141019986,0.11245991951435615,0.06735266793559713,0.04175371359445811,0.025006455801762945,0.012790376821101245,0.0,0.0,1.0
451,0.376521116678597,0.2262246342069619,48772,80,0.2857142857142857,0.2046720672856503,0.6737101469766145,0.0,1,0,1,0,0,1,0,0,1,0.3195593863318179,0.20394004602147586,0.2513144282809061,0.18620738657349148,0.5150428071208669,0.29284975741668656,0.17595249327208148,-0.46903807969096417,0.376521116678597,0.2262246342069619,0.2857142857142857,0.2046720672856503,0.6737101469766145,0.08517835189181243,0.10757746190817057,0.07706335532730998,0.2536660968573366,0.06463560977341769,0.046301863554078934,0.15240983156130314,0.05847773351018579,0.19248861342188983,0.137889648533023,1.0,0.0,1.0
452,0.0687186828919112,0.5239511165536467,27805,53,0.4285714285714286,0.5923403116548096,0.3162642922699721,0.0,0,1,0,1,0,0,0,0,1,0.06646043828222853,0.42130638099781625,0.3566749439387324,0.46520482818027525,0.27479764273186214,0.04810307802433784,0.3667657815875527,0.2760760193848375,0.0687186828919112,0.5239511165536467,0.4285714285714286,0.5923403116548096,0.3162642922699721,0.03600523062931285,0.029450864096533375,0.040704846040702715,0.021733265610534937,0.22455047852299145,0.31035736767127253,0.16570702906090073,0.253860133566347,0.13554183954427376,0.18733608944848307,1.0,0.0,0.0
453,0.0909090909090909,0.5366998570473827,40231,443,0.0,0.2446868677158082,0.7107584077114999,0.0,0,1,0,1,0,0,0,0,1,0.08701137698962975,0.4296371670534296,0.0,0.2188839864074021,0.5369367854732026,0.0909090909090909,0.5366998570473827,-0.46607153999569173,0.0909090909090909,0.5366998570473827,0.0,0.2446868677158082,0.7107584077114999,0.0487908960952166,0.0,0.022244260701437105,0.06461440070104543,0.0,0.13132340692444608,0.3814639358139873,0.0,0.0,0.17391324848560225,1.0,0.0,0.0
454,0.7616320687186828,0.6950253427684837,27327,80,0.4285714285714286,0.3008190330171327,0.0092572114355542,0.0,0,0,1,0,0,0,0,1,0,0.566240691134094,0.5276976922064723,0.3566749439387324,0.2629940914826042,0.009214626066533891,0.533142448103078,0.48651773993793856,0.2915618215815785,0.7616320687186828,0.6950253427684837,0.4285714285714286,0.3008190330171327,0.0092572114355542,0.5293535896246718,0.3264137437365784,0.22911342242679253,0.007050589096227393,0.2978680040436359,0.20907685153401648,0.006433996551076385,0.1289224427216283,0.003967376329523229,0.0027847453924785574,0.0,0.0,0.0
455,0.8410880458124552,0.7530593095906828,5982,53,0.0,0.6117209682132616,0.0567037914711886,0.0,0,0,0,0,1,0,0,0,1,0.6103567261005481,0.561362438561681,0.0,0.47730253245958654,0.05515443248830471,0.8410880458124552,0.7530593095906828,0.555017176742073,0.8410880458124552,0.7530593095906828,0.0,0.6117209682132616,0.0567037914711886,0.6333891830845041,0.0,0.5145111937369953,0.04769288115865898,0.0,0.4606621699848228,0.04270131805646733,0.0,0.0,0.034686898220118376,1.0,0.0,0.0
456,0.199713672154617,0.8058714683308987,50973,443,0.9285714285714284,0.9719269188266004,0.4467332585356658,0.0,0,1,1,0,1,0,1,0,0,0.1820829217850665,0.5910432832101482,0.6567795363890704,0.6790111960751668,0.3693080896306505,0.10355523741350511,0.4178592798752809,0.5251936602909346,0.199713672154617,0.8058714683308987,0.9285714285714284,0.9719269188266004,0.4467332585356658,0.16094355022499693,0.1854484098578586,0.1941070940247827,0.08921873953575572,0.7483092205929772,0.7832481731851187,0.360009587008384,0.902503567481843,0.41482374006883244,0.43419207950593675,0.0,1.0,0.0
457,0.882605583392985,0.3143856882846778,19344,53,0.6428571428571429,0.8453449184161261,0.1110712571391157,0.0,0,1,0,1,1,0,0,0,1,0.6326567659148485,0.273369399279845,0.4964368863138911,0.6126662076709729,0.10532464643973771,0.53723818119573,0.19136520156458647,0.7342736612770104,0.882605583392985,0.3143856882846778,0.6428571428571429,0.8453449184161261,0.1110712571391157,0.2774785638189032,0.5673893036097761,0.7461061448869604,0.09803211170546146,0.2021050853258643,0.2657643440142086,0.03491921362432532,0.5434360189817954,0.07140295101800295,0.09389352280464233,1.0,0.0,0.0
458,0.9305654974946314,0.2632300827271426,3767,53,0.5,0.2910462739761676,0.2404563221859885,0.0,0,1,0,1,1,0,0,1,0,0.6578129638827681,0.2336719983742278,0.4054651081081644,0.25545295473582724,0.21547931368379836,0.6203769983297542,0.17548672181809508,0.05058995179017911,0.9305654974946314,0.2632300827271426,0.5,0.2910462739761676,0.2404563221859885,0.24495283288853642,0.4652827487473157,0.2708376207365912,0.22376035708073375,0.1316150413635713,0.07661213477617321,0.06329533758128221,0.1455231369880838,0.12022816109299425,0.06998391662624484,0.0,0.0,0.0
459,0.4531138153185398,0.8432324410356948,41785,53,0.5714285714285714,0.5970642230548533,0.4175416566368573,0.0,0,1,0,1,0,1,1,0,0,0.37370871277887124,0.6115207917528394,0.4519851237430572,0.46816708323633743,0.3489241435861046,0.28834515520270715,0.5366024624772604,0.17952256641799602,0.4531138153185398,0.8432324410356948,0.5714285714285714,0.5970642230548533,0.4175416566368573,0.38208026855804933,0.25892218018202273,0.2705380480985842,0.1891938930931501,0.4818471091632542,0.5034639222616245,0.3520846703599851,0.3411795560313447,0.23859523236391844,0.24929918481292151,0.0,1.0,0.0
460,0.5246957766642806,0.4431972826322284,3146,80,0.0,0.9188525778114256,0.5457105791999757,0.0,0,1,1,0,0,1,0,0,1,0.42179489944650894,0.3668609874476677,0.0,0.6517273916730211,0.4354837264303717,0.5246957766642806,0.4431972826322284,0.3731419986114499,0.5246957766642806,0.4431972826322284,0.0,0.9188525778114256,0.5457105791999757,0.23254374242621575,0.0,0.48211806695474224,0.2863320361872456,0.0,0.40723296562564204,0.2418574458050887,0.0,0.0,0.5014275724368638,1.0,0.0,0.0
461,0.7380100214745884,0.9218869145433382,44376,53,0.4285714285714286,0.7249776483116408,0.27729670377115,0.0,0,0,1,0,0,0,0,1,0,0.5527407929224271,0.6533074714307133,0.3566749439387324,0.5452140928988759,0.24474589444097508,0.5166070150322118,0.6453208401803366,0.4476809445404908,0.7380100214745884,0.9218869145433382,0.4285714285714286,0.7249776483116408,0.27729670377115,0.680361781599271,0.31629000920339506,0.5350407697990706,0.204647746304979,0.39509439194714496,0.6683474073149038,0.25563620265262355,0.31070470641927467,0.11884144447335002,0.20103391218457803,0.0,0.0,0.0
462,0.6950608446671439,0.0640392685670878,54559,443,0.3571428571428571,0.4408388155813263,0.8345723226051297,0.0,0,0,0,1,0,0,1,0,0,0.5277186367469344,0.0620722967864376,0.30538164955118186,0.3652254548147037,0.6068113876420675,0.5121500960705271,0.04718682947048575,-0.3937335070238034,0.6950608446671439,0.0640392685670878,0.3571428571428571,0.4408388155813263,0.8345723226051297,0.04451118810210613,0.24823601595255138,0.30640979952001995,0.5800785434857416,0.022871167345388497,0.02823099530580945,0.05344540110596815,0.15744243413618794,0.2980615437875463,0.36791187421420196,0.0,1.0,0.0
463,0.9863994273443092,0.0787681440953562,14017,80,0.8571428571428571,0.4483503557238926,0.8052094182684948,0.0,1,0,1,0,0,0,0,0,0,0.6863236669235729,0.07581978282942425,0.6190392084062234,0.3704252230691724,0.5906766062562874,0.5311381531853973,0.042413616051345644,-0.3568590625446022,0.9863994273443092,0.0787681440953562,0.8571428571428571,0.4483503557238926,0.8052094182684948,0.07769685222863337,0.8454852234379793,0.44225253413566495,0.7942581090722876,0.06751555208173388,0.03531572542486378,0.06342485148511073,0.3843003049061936,0.6901795013729956,0.36101592911290825,0.0,0.0,1.0
464,0.3629205440229062,0.6614894301153889,42692,443,0.0,0.910620476127443,0.0839691594767411,0.0,0,1,0,0,1,0,0,0,0,0.3096298560943488,0.5077144471403889,0.0,0.647428045915281,0.08062945194551356,0.3629205440229062,0.6614894301153889,0.8266513166507019,0.3629205440229062,0.6614894301153889,0.0,0.910620476127443,0.0839691594767411,0.2400681038428791,0.0,0.3304828785945695,0.03047413303844505,0.0,0.6023658198049463,0.055544711449537675,0.0,0.0,0.07646403598273117,0.0,0.0,0.0
465,0.6506800286327845,0.7231838732438274,16012,80,0.8571428571428571,0.2440498219194156,0.7739459466175687,0.0,0,1,0,1,0,0,0,0,0,0.5011873415720425,0.5441736687665313,0.6190392084062234,0.21837204328946674,0.5732064136472833,0.35036616926380704,0.3894067009774455,-0.5298961246981531,0.6506800286327845,0.7231838732438274,0.8571428571428571,0.2440498219194156,0.7739459466175687,0.4705613033490616,0.557725738828101,0.1587983451143513,0.5035911707053471,0.6198718913518521,0.1764928954801493,0.5597052273562537,0.20918556164521335,0.663382239957916,0.18888137044727116,0.0,0.0,0.0
466,0.3063707945597709,0.7079237121783585,41062,80,0.7142857142857143,0.1879977885813426,0.3856949782745498,0.0,1,0,0,0,0,0,0,1,0,0.26725290675963004,0.5352784293679062,0.538996500732687,0.17226935947520433,0.3262018031530227,0.178716296826533,0.4129554987707091,-0.19769718969320718,0.3063707945597709,0.7079237121783585,0.7142857142857143,0.1879977885813426,0.3856949782745498,0.21688715018778626,0.21883628182840778,0.05759703186314576,0.11816567695168739,0.5056597944131133,0.13308809237382627,0.2730426207886706,0.134284134700959,0.27549641305324984,0.07250980298254435,0.0,0.0,1.0
467,0.9169649248389404,0.735423505082638,1369,80,0.3571428571428571,0.4528428884535351,0.7564731590602822,0.0,0,0,0,0,1,0,0,1,0,0.6507431669941559,0.5512514787609434,0.30538164955118186,0.37352224966643877,0.5633079116848623,0.6756583656707982,0.5418910037451017,-0.30363027060674713,0.9169649248389404,0.735423505082638,0.3571428571428571,0.4528428884535351,0.7564731590602822,0.6743575590628913,0.3274874731567644,0.4152410451746445,0.6936593534403875,0.2626512518152278,0.33303130427824484,0.5563281421370487,0.16172960301911965,0.2701689853786722,0.3425634903864287,0.0,0.0,0.0
468,0.9921259842519684,0.7544811844940562,25314,443,0.3571428571428571,0.7926778328200008,0.249839673643307,0.0,1,0,1,0,1,0,1,0,0,0.6892024022689288,0.56217319184231,0.30538164955118186,0.5837104979542559,0.22301528200269893,0.731040198922503,0.5559335043640414,0.5428381591766938,0.9921259842519684,0.7544811844940562,0.3571428571428571,0.7926778328200008,0.249839673643307,0.7485403877657565,0.35433070866141725,0.7864362750812606,0.24787243211855653,0.26945756589073433,0.5980605102282157,0.1884993329040107,0.2830992260071431,0.08922845487260964,0.19804237105603287,0.0,1.0,1.0
469,0.6413743736578382,0.759141267425363,59515,80,0.9285714285714284,0.7848019907061756,0.1026753588177148,0.0,0,1,0,1,0,1,0,0,1,0.4955339236009426,0.5648257737446124,0.6567795363890704,0.5793074795020897,0.09773937130783537,0.33256449004480504,0.3936288053316698,0.6821266318884608,0.6413743736578382,0.759141267425363,0.9285714285714284,0.7848019907061756,0.1026753588177148,0.48689375491275966,0.5955619183965639,0.503351885234598,0.06585334395180563,0.7049168911806941,0.5957755779026341,0.07794510202623395,0.7287447056557343,0.09534140461644944,0.08057982599661347,1.0,0.0,0.0
470,0.2534001431639227,0.8098169200122781,9333,53,0.0714285714285714,0.8829813931813373,0.5109956158969634,0.0,0,1,0,1,0,0,0,0,1,0.22585997302889002,0.5932256909973255,0.06899287148695142,0.6328563681505359,0.4127687818283942,0.23650680028632784,0.755829125344793,0.3719857772843739,0.2534001431639227,0.8098169200122781,0.0714285714285714,0.8829813931813373,0.5109956158969634,0.20520772346767818,0.01810001022599447,0.22374761144323077,0.12948636222442736,0.0578440657151627,0.715053272254261,0.413812895805456,0.06307009951295263,0.03649968684978309,0.45119962083425624,1.0,0.0,0.0
471,0.313528990694345,0.0669463616190931,37986,80,0.4285714285714286,0.079051134029509,0.975656306576838,0.0,0,1,0,0,0,0,0,0,0,0.2727174012317088,0.0648007007833838,0.3566749439387324,0.07608207535655484,0.6809006502788135,0.21947029348604147,0.04686245313336517,-0.896605172547329,0.313528990694345,0.0669463616190931,0.4285714285714286,0.079051134029509,0.975656306576838,0.020989625189092895,0.13436956744043357,0.024784822265515344,0.30589653706560843,0.02869129783675419,0.0052921858051389065,0.06531663991604177,0.03387905744121815,0.4181384171043592,0.07712673745794134,0.0,0.0,0.0
472,0.2083035075161059,0.9555788290400076,8700,53,0.6428571428571429,0.5621281074792241,0.1346199664559128,0.0,1,0,0,1,1,0,0,1,0,0.18921731589894059,0.670686225850708,0.4964368863138911,0.44604906308595893,0.12629776354846836,0.12679343935762968,0.5816566785460916,0.42750814102331136,0.2083035075161059,0.9555788290400076,0.6428571428571429,0.5621281074792241,0.1346199664559128,0.1990504217971669,0.13390939768892524,0.11709325646131295,0.028041811194467154,0.6143006758114334,0.5371577187154726,0.12863998991134623,0.361368069093787,0.0865414070073725,0.0756736669727789,0.0,0.0,1.0
473,0.6277738010021474,0.3110337197069414,50865,53,0.6428571428571429,0.4807081102293544,0.9361122486570208,0.0,1,0,1,0,0,1,1,0,0,0.4872133150535195,0.27081592505105423,0.4964368863138911,0.39252042621162264,0.6606819668518419,0.3821231832186984,0.18932487286509475,-0.4554041384276664,0.6277738010021474,0.3110337197069414,0.6428571428571429,0.4807081102293544,0.9361122486570208,0.1952588204602631,0.40356887207280906,0.3017759575312411,0.5876667445040853,0.19995024838303377,0.1495164316179305,0.2911624747630224,0.30902664229029925,0.6017864455652278,0.449996750014468,0.0,1.0,1.0
474,0.9835361488904796,0.3415131920115321,25476,443,0.3571428571428571,0.1099974306467244,0.4627346651814516,0.0,1,0,0,0,0,0,1,0,0,0.6848811856060166,0.29379822461195687,0.30538164955118186,0.10435770058888305,0.3803077420773001,0.7247108465508797,0.25164129937691837,-0.3527372345347272,0.9835361488904796,0.3415131920115321,0.3571428571428571,0.1099974306467244,0.4627346651814516,0.33589056966631714,0.35126291031802837,0.10818644932612693,0.4551162705506904,0.12196899714697572,0.037565573653229975,0.1580299925605051,0.03928479665954442,0.165262380421947,0.05089962424113196,0.0,1.0,1.0
475,0.3185397279885469,0.2501828135026962,54291,53,0.1428571428571429,0.5449289589508419,0.4177924278202001,1.0,0,0,0,0,0,1,0,0,0,0.27652485755829037,0.22328979142276079,0.13353139262452268,0.4349779280309472,0.3491010336290603,0.27872226198997857,0.2189099618148592,0.12713653113064183,0.3185397279885469,0.2501828135026962,0.1428571428571429,0.5449289589508419,0.4177924278202001,0.07969316536055822,0.04550567542693529,0.17358152235728322,0.13308348631352115,0.03574040192895662,0.1363318601094169,0.10452448505217979,0.07784699413583458,0.05968463254574289,0.2276671927496064,0.0,0.0,0.0
476,0.58840372226199,0.7287130003112202,60068,80,1.0,0.9715052123945584,0.2755838060826136,0.0,1,0,1,0,1,0,0,0,0,0.4627295636756321,0.5473772012001688,0.6931471805599453,0.6787973182045116,0.2434039609356883,0.294201861130995,0.3643565001556101,0.6959214063119448,0.58840372226199,0.7287130003112202,1.0,0.9715052123945584,0.2755838060826136,0.42877744184382466,0.58840372226199,0.5716372831698834,0.1621545372941363,0.7287130003112202,0.7079484781420279,0.20082150216764688,0.9715052123945584,0.2755838060826136,0.26773110406079037,0.0,0.0,1.0
477,0.2483894058697208,0.8357295140433758,11857,53,0.7857142857142857,0.1649613267653205,0.3430792662970175,0.0,1,0,1,0,0,1,0,1,0,0.2218542452119631,0.6074419578393385,0.5798184952529422,0.15268789055707135,0.294964937613989,0.13909806728704366,0.4680085278642905,-0.17811793953169702,0.2483894058697208,0.8357295140433758,0.7857142857142857,0.1649613267653205,0.3430792662970175,0.2075863574610246,0.1951631046119235,0.04097464594671883,0.0852172551217359,0.6566446181769381,0.1378630494535318,0.28672146850076435,0.12961247102989468,0.2695622806619423,0.05659481095402871,0.0,0.0,1.0
478,0.2555476020042949,0.8835577460331369,21971,443,0.1428571428571429,0.5358916026146439,0.166396470873013,0.0,1,0,1,0,0,0,0,0,1,0.22757181367516652,0.6331624065773228,0.13353139262452268,0.42911106102079055,0.15391905661011163,0.22360415175375803,0.7731130277789948,0.36949513174163084,0.2555476020042949,0.8835577460331369,0.1428571428571429,0.5358916026146439,0.166396470873013,0.2257910632310879,0.03650680028632785,0.13694581398241076,0.042522219113575975,0.12622253514759102,0.4734911765242802,0.14702089075242789,0.07655594323066343,0.02377092441043044,0.08917047144555985,1.0,0.0,1.0
479,0.3858267716535433,0.0236502603333483,16438,53,0.5714285714285714,0.2774759876263264,0.2778442715916253,0.0,1,0,0,0,0,1,0,0,1,0.3262969085795605,0.023374925635129048,0.4519851237430572,0.24488624654045885,0.24517449531594623,0.2455261274158912,0.01505016566667619,-0.00036828396529886565,0.3858267716535433,0.0236502603333483,0.5714285714285714,0.2774759876263264,0.2778442715916253,0.009124903593181627,0.22047244094488186,0.10705766451724405,0.10719975833062707,0.013514434476199027,0.006562379343615551,0.006571089355271467,0.15855770721504367,0.15876815519521445,0.07709511366620349,1.0,0.0,1.0
480,0.7007874015748031,0.939768724298356,58685,53,0.2142857142857143,0.3036669158227774,0.1096998915109751,0.0,1,0,1,0,0,1,0,1,0,0.5310913212255737,0.6625687516894518,0.19415601444095748,0.26518099822474084,0.10408961076009313,0.5771190365910143,0.7739271847162931,0.1939670243118023,0.7007874015748031,0.939768724298356,0.2142857142857143,0.3036669158227774,0.1096998915109751,0.6585780823823124,0.15016872890888638,0.21280594888367863,0.07687630192501405,0.20137901234964772,0.2853766700943878,0.10309252710093712,0.06507148196202373,0.023507119609494666,0.03331222772123109,0.0,0.0,1.0
481,0.4416607015032212,0.4652443272946576,34942,80,0.7857142857142857,0.8414134905986952,0.8670841820211952,0.0,0,0,1,0,1,0,0,0,0,0.36579571402154576,0.3820220048737543,0.5798184952529422,0.6105334781175504,0.6243779530027518,0.24732999284180388,0.26053682328500827,-0.025670691422500003,0.4416607015032212,0.4652443272946576,0.7857142857142857,0.8414134905986952,0.8670841820211952,0.2054801359633527,0.34701912260967377,0.3716192725120937,0.38295700809382777,0.36554911430294523,0.3914628534102396,0.4034059969722894,0.6611105997561176,0.6812804287309391,0.7295763282373682,0.0,0.0,0.0
482,0.9098067287043664,0.1629356093014875,23064,53,0.8571428571428571,0.5761566922673174,0.8873493754165307,0.0,0,1,0,0,0,0,1,0,0,0.6470020477785525,0.1509475059689374,0.6190392084062234,0.454989410520932,0.6351733978529405,0.4898959308408127,0.08773455885464712,-0.31119268314921333,0.9098067287043664,0.1629356093014875,0.8571428571428571,0.5761566922673174,0.8873493754165307,0.1482399136880391,0.7798343388894569,0.5241912354128563,0.8073164324655765,0.13965909368698928,0.093876441707705,0.1445808111467868,0.4938485933719863,0.7605851789284548,0.5112522810254584,0.0,1.0,0.0
483,0.4345025053686471,0.0234102552003993,46749,443,0.5714285714285714,0.5083048707002389,0.344046853160531,0.0,0,1,0,1,0,1,0,1,0,0.3608181029477936,0.023140438054300366,0.4519851237430572,0.410986418051749,0.2956851024758658,0.2765015943255027,0.014897435127526826,0.16425801753970787,0.4345025053686471,0.0234102552003993,0.5714285714285714,0.5083048707002389,0.344046853160531,0.010171814535892896,0.2482871459249412,0.22085973981034002,0.14948921966244977,0.013377288685942457,0.011899546742698561,0.008054224633382335,0.29045992611442223,0.19659820180601772,0.1748806912105878,0.0,0.0,0.0
484,0.7501789549033644,0.432212744783736,6810,53,1.0,0.8632916335552965,0.0124054787234503,0.0,0,0,0,1,1,0,0,0,0,0.5597180426520106,0.3592206222969096,0.6931471805599453,0.6223446191189449,0.012329161293559288,0.3750894774516822,0.216106372391868,0.8508861548318462,0.7501789549033644,0.432212744783736,1.0,0.8632916335552965,0.0124054787234503,0.32423690517777765,0.7501789549033644,0.6476232154373306,0.009306329063833869,0.432212744783736,0.3731256464877699,0.005361806009418692,0.8632916335552965,0.0124054787234503,0.010709545992202885,0.0,0.0,0.0
485,0.7086614173228346,0.1894561643953496,13793,443,0.1428571428571429,0.8173035782213702,0.4615042628834467,0.0,1,0,1,0,0,1,0,1,0,0.5357102670818682,0.17349619795516882,0.13353139262452268,0.5973538520798475,0.379466222351394,0.6200787401574803,0.1657741438459309,0.3557993153379235,0.7086614173228346,0.1894561643953496,0.1428571428571429,0.8173035782213702,0.4615042628834467,0.1342602739809564,0.10123734533183355,0.5791915121253804,0.3270502650355134,0.027065166342192807,0.1548432010764154,0.08743482749800091,0.11675765403162436,0.06592918041192097,0.3771890854190569,0.0,0.0,1.0
486,0.9942734430923408,0.7290406475804639,47517,443,0.5714285714285714,0.955979633814195,0.5355051686793906,0.0,0,1,0,1,0,0,1,0,0,0.6902797950827892,0.5475667157252561,0.4519851237430572,0.6708911593979867,0.42885942701446217,0.632719463786035,0.46393495755120434,0.42047446513480446,0.9942734430923408,0.7290406475804639,0.5714285714285714,0.955979633814195,0.5355051686793906,0.7248657548240977,0.5681562531956232,0.9505051620385948,0.5324385678566024,0.4165946557602651,0.6969480113096356,0.3904050349567085,0.5462740764652543,0.3060029535310803,0.5119320350597325,0.0,1.0,0.0
487,0.8668575518969219,0.1620853615132533,37634,443,0.5714285714285714,0.7316946419823687,0.3651391424605757,0.0,0,1,0,0,1,0,1,0,0,0.6242565637895817,0.15021611658638212,0.4519851237430572,0.5491004908915884,0.3112563593103691,0.5516366239344048,0.10314523005388847,0.36655549952179295,0.8668575518969219,0.1620853615132533,0.5714285714285714,0.7316946419823687,0.3651391424605757,0.14050491967970632,0.4953471725125268,0.6342750260849308,0.31652362313511606,0.09262020657900188,0.11859699056302268,0.05918370990836172,0.41811122398992495,0.2086509385489004,0.2671703541164401,0.0,1.0,0.0
488,0.6406585540443808,0.0623481255409616,63367,443,0.8571428571428571,0.1915414479477188,0.1945387843965231,0.0,0,0,1,0,0,0,1,0,0,0.4950977185776683,0.06048167093211377,0.6190392084062234,0.1752478033114427,0.17776015640397713,0.34496999063928196,0.03357206759897932,-0.0029973364488043164,0.6406585540443808,0.0623481255409616,0.8571428571428571,0.1915414479477188,0.1945387843965231,0.03994385995644999,0.549135903466612,0.12271266708175255,0.12463293631702804,0.05344125046368137,0.011942250242941934,0.012129128552140484,0.16417838395518752,0.16674752948273408,0.03726224044529912,0.0,1.0,0.0
489,0.2390837508947745,0.1802224135011114,65031,80,0.3571428571428571,0.1760383269351466,0.9024456636696472,1.0,1,0,0,1,0,0,1,0,0,0.21437219591924742,0.16570290673420673,0.30538164955118186,0.1621514398766094,0.6431402498568294,0.17616697434351802,0.1327954625797663,-0.7264073367345005,0.2390837508947745,0.1802224135011114,0.3571428571428571,0.1760383269351466,0.9024456636696472,0.04308825061515476,0.08538705389099088,0.04208790350489546,0.21576009424886336,0.06436514767896835,0.03172605214894983,0.16264093556015605,0.06287083104826663,0.32230202273915964,0.1588650247822827,0.0,1.0,1.0
490,0.3686471009305655,0.4415158315954016,18810,443,0.2142857142857143,0.4968138903339865,0.1763878948188808,0.0,1,0,0,1,1,0,0,0,1,0.3138227343543848,0.3656952207591469,0.19415601444095748,0.4033387759547174,0.1624486376234077,0.30359173017811275,0.363601273078566,0.32042599551510564,0.3686471009305655,0.4415158315954016,0.2142857142857143,0.4968138903339865,0.1763878948188808,0.16276353133259258,0.07899580734226405,0.18314900037366003,0.06502488606422593,0.09461053534187178,0.2193511979389567,0.07787804806432039,0.10646011935728282,0.03779740603261732,0.0876319562327902,1.0,0.0,1.0
491,0.0450966356478167,0.3993036628732028,33701,53,0.0,0.3897850019673265,0.1536185642356095,1.0,0,1,0,0,1,0,0,1,0,0.04410935544542026,0.33597472922293004,0.0,0.3291490603355631,0.14290357985631388,0.0450966356478167,0.3993036628732028,0.23616643773171703,0.0450966356478167,0.3993036628732028,0.0,0.3897850019673265,0.1536185642356095,0.01800725179743146,0.0,0.01757799221470404,0.006927680420074006,0.0,0.15564257901859205,0.061340455384601256,0.0,0.0,0.05987821236279492,0.0,0.0,0.0
492,0.6220472440944882,0.7293055427852295,43957,53,0.7857142857142857,0.5184473734641051,0.3191990812358594,0.0,0,1,0,0,0,1,1,0,0,0.4836890823309898,0.5477199075636102,0.5798184952529422,0.41768834798120813,0.27702479580747547,0.3483464566929134,0.40841110395972857,0.1992482922282457,0.6220472440944882,0.7293055427852295,0.7857142857142857,0.5184473734641051,0.3191990812358594,0.45366250299238686,0.4887514060742407,0.32249875987137244,0.19855690880025897,0.573025783616966,0.37810654310981573,0.232793659197265,0.40735150772179685,0.2507992781138895,0.1654879252788868,0.0,1.0,0.0
493,0.0758768790264853,0.0910003434530978,4079,443,0.4285714285714286,0.8798743827880138,0.4638586521265752,0.0,1,0,1,0,1,0,0,0,0,0.07313603049601265,0.08709502165665672,0.3566749439387324,0.6312049569435081,0.3810758617840866,0.0531138153185397,0.06370024041716846,0.4160157306614386,0.0758768790264853,0.0910003434530978,0.4285714285714286,0.8798743827880138,0.4638586521265752,0.0069048220515593155,0.03251866243992227,0.06676212210130954,0.03519614683279667,0.03900014719418478,0.08006887102929171,0.04221129665720936,0.3770890211948631,0.19879656519710368,0.40813734524075035,0.0,0.0,1.0
494,0.5211166785969935,0.7606934713918287,59331,443,0.8571428571428571,0.2453310735500657,0.1436760047788168,0.0,1,0,0,1,0,0,0,0,0,0.4194447221015553,0.5657077492816835,0.6190392084062234,0.21940141709571515,0.13424764023941302,0.2806012884753042,0.40960417690329237,0.10165506877124889,0.5211166785969935,0.7606934713918287,0.8571428571428571,0.2453310735500657,0.1436760047788168,0.3964100552421269,0.446671438797423,0.12784611420504496,0.07487196240442279,0.6520229754787104,0.18662174597908354,0.10929339883090713,0.21028377732862774,0.12315086123898583,0.0352481884957715,0.0,0.0,1.0
495,0.2927702219040802,0.0152682518839293,43615,80,0.9285714285714284,0.4178704606002021,0.6349184563757191,0.0,1,0,1,0,0,1,0,1,0,0.25678737471996893,0.015152865146316514,0.6567795363890704,0.34915607034046936,0.49159292932916,0.1518067817280416,0.0079168713472226,-0.21704799577551698,0.2927702219040802,0.0152682518839293,0.9285714285714284,0.4178704606002021,0.6349184563757191,0.004470089492145371,0.27185806319664585,0.12234002747708138,0.18588521736411534,0.014177662463648632,0.00638015144729744,0.009694094917700055,0.38802257055733047,0.5895671380631676,0.26531366780929105,0.0,0.0,1.0
496,0.7351467430207588,0.5049954346689784,12003,443,0.0714285714285714,0.4523248546390412,0.1458884067176599,0.0,0,1,1,0,0,0,0,0,0,0.5510919879322432,0.40878986475369894,0.06899287148695142,0.37316562046923246,0.136180237214044,0.6861369601527082,0.4713290723577132,0.3064364479213813,0.7351467430207588,0.5049954346689784,0.0714285714285714,0.4523248546390412,0.1458884067176599,0.3712457490372519,0.05251048164433989,0.3325251436752293,0.10724938704297546,0.03607110247635559,0.2284219865800251,0.07367297936354938,0.03230891818850293,0.010420600479832846,0.06598895236208684,0.0,0.0,0.0
497,0.0916249105225483,0.0420551339796309,20221,53,0.3571428571428571,0.7714023466064637,0.4073791481543188,0.0,0,0,1,0,1,0,1,0,0,0.08766732978455018,0.04119485362010643,0.30538164955118186,0.5717715191110317,0.341729214577488,0.06751309196398296,0.030987993458675398,0.36402319845214487,0.0916249105225483,0.0420551339796309,0.3571428571428571,0.7714023466064637,0.4073791481543188,0.0038532978878974616,0.03272318232948153,0.07067967098470103,0.03732607799839141,0.015019690707011034,0.0324414290387365,0.017132384656137783,0.275500838073737,0.14549255291225668,0.31425323084478374,0.0,1.0,0.0
498,0.7465998568360773,0.2456631258979081,25605,53,0.5714285714285714,0.4561486807097541,0.1123477432396035,0.0,0,0,1,0,0,1,0,1,0,0.5576709590302857,0.2196680193622983,0.4519851237430572,0.37579506043310734,0.1064728656827274,0.4751089998047765,0.1563310801168506,0.3438009374701506,0.7465998568360773,0.2456631258979081,0.5714285714285714,0.4561486807097541,0.1123477432396035,0.18341205462528143,0.4266284896206156,0.34056053971386796,0.08387880901854435,0.1403789290845189,0.112058910777365,0.027599697791816567,0.26065638897700233,0.06419871042263058,0.051247274859463336,0.0,0.0,0.0
499,0.3872584108804581,0.934255464902504,62870,443,0.4285714285714286,0.4634508203480854,0.9369052408337218,0.0,0,0,0,0,0,0,0,0,0,0.32732943319374974,0.6597224797775465,0.3566749439387324,0.38079722244993813,0.6610914626467533,0.27108088761632065,0.6539788254317528,-0.47345442048563646,0.3872584108804581,0.934255464902504,0.4285714285714286,0.4634508203480854,0.9369052408337218,0.3617982866945273,0.1659678903773392,0.17947522820924422,0.36282443471083997,0.4003951992439303,0.43298146162374734,0.8753088413447012,0.19862178014917947,0.40153081750016656,0.43420950245280887,0.0,0.0,0.0
500,0.7287043664996421,0.0343333161608279,31998,53,0.3571428571428571,0.7606426385978144,0.4728724045589809,0.0,0,1,1,0,1,0,0,0,0,0.5473722068297112,0.0337570801956466,0.30538164955118186,0.565678877971232,0.3872145108900805,0.5369400595260521,0.025298232960610033,0.28777023403883356,0.7287043664996421,0.0343333161608279,0.3571428571428571,0.7606426385978144,0.4728724045589809,0.02501883740280802,0.26025155946415784,0.5542836120920366,0.3445841859993146,0.012261898628867106,0.026115384196385122,0.01623527776945441,0.2716580852135051,0.16888300162820744,0.3596869135238364,0.0,0.0,0.0
501,0.0493915533285612,0.7191287102398813,35745,80,0.2142857142857143,0.2045053188520063,0.9910612044862984,1.0,0,1,1,0,0,1,0,0,0,0.04821052318963498,0.5418175986645446,0.19415601444095748,0.18606895888039612,0.6886677651853175,0.0406753968588151,0.592223643726961,-0.7865558856342921,0.0493915533285612,0.7191287102398813,0.2142857142857143,0.2045053188520063,0.9910612044862984,0.03551888404191253,0.010583904284691685,0.01010083536205328,0.0489500523332531,0.15409900933711745,0.14706564618323897,0.712700565751015,0.043822568325429925,0.21237025810420682,0.20267728762532386,0.0,0.0,0.0
502,0.0866141732283464,0.3304147665974031,27670,443,0.9285714285714284,0.3551302641629892,0.3931835880578753,0.0,1,0,0,0,0,0,1,0,0,0.08306659869861337,0.28549074820164233,0.6567795363890704,0.3038975856245486,0.3315914794072169,0.04491105278506851,0.17132617527272756,-0.03805332389488608,0.0866141732283464,0.3304147665974031,0.9285714285714284,0.3551302641629892,0.3931835880578753,0.028618601831271115,0.08042744656917879,0.030759314218841566,0.0340552714065876,0.30681371184044565,0.11734028334508818,0.12991366347807234,0.3297638167227756,0.36509904605374127,0.1396313914915452,0.0,1.0,1.0
503,0.7158196134574087,0.9352214424914492,8972,443,0.1428571428571429,0.0141746552921704,0.1788740276764753,0.0,0,1,1,0,0,1,0,0,1,0.5398908751774226,0.6602217604979799,0.13353139262452268,0.01407513421459792,0.1645597690922389,0.6263421617752327,0.8183187621800181,-0.1646993723843049,0.7158196134574087,0.9352214424914492,0.1428571428571429,0.0141746552921704,0.1788740276764753,0.6694498514613094,0.10225994477962985,0.010146496272133428,0.12804153734894438,0.13360306321306423,0.013256441569162657,0.16728682618784865,0.0020249507560243436,0.025553432525210768,0.0025354776830361853,1.0,0.0,0.0
504,0.1152469577666427,0.1870028321311997,12138,443,0.7142857142857143,0.7198672234107519,0.5624668107082225,0.0,1,0,1,0,0,1,0,0,1,0.10907586717373166,0.17143150158188739,0.538996500732687,0.5422470921541976,0.4462658612560855,0.06722739203054157,0.10908498540986648,0.15740041270252947,0.1152469577666427,0.1870028321311997,0.7142857142857143,0.7198672234107519,0.5624668107082225,0.021551507496866948,0.08231925554760193,0.08296250749400928,0.06482258877882872,0.1335734515222855,0.13461720953623368,0.10518288658224101,0.5141908738648229,0.4017620076487303,0.4049014212852291,1.0,0.0,1.0
505,0.0078740157480314,0.8477083330137625,54068,53,0.7857142857142857,0.05112464594227,0.0207492675965622,0.0,1,0,1,0,1,0,0,0,1,0.007843177461025797,0.6139461323075148,0.5798184952529422,0.04986068233392689,0.02053693370228916,0.004409448818897585,0.474716666487707,0.0303753783457078,0.0078740157480314,0.8477083330137625,0.7857142857142857,0.05112464594227,0.0207492675965622,0.006674868763887813,0.006186726659167529,0.00040255626726196363,0.0001633800598154484,0.6660565473679562,0.04333878838764052,0.01758932704553822,0.04016936466892643,0.016302995968727443,0.001060798959435658,1.0,0.0,1.0
506,0.595561918396564,0.3174360564221594,29710,443,1.0,0.8913131874485165,0.6738115781836447,0.0,0,0,1,0,0,0,0,0,1,0.46722597412890704,0.27568746623063994,0.6931471805599453,0.63727139597792,0.5151034078968373,0.297780959198282,0.1587180282110797,0.21750160926487183,0.595561918396564,0.3174360564221594,1.0,0.8913131874485165,0.6738115781836447,0.1890528267310212,0.595561918396564,0.5308321918089948,0.4012965161408678,0.3174360564221594,0.282934943260722,0.2138920901502077,0.8913131874485165,0.6738115781836447,0.6005771454905796,1.0,0.0,0.0
507,0.9663564781675018,0.2928080947226283,46958,443,0.4285714285714286,0.0869371881513405,0.7118766352120445,0.0,0,1,0,0,0,0,0,1,0,0.676182326838312,0.2568166701532631,0.3566749439387324,0.08336382188009551,0.5375902162517158,0.6764495347172512,0.20496566630583982,-0.6249394470607039,0.9663564781675018,0.2928080947226283,0.4285714285714286,0.0869371881513405,0.7118766352120445,0.28295699919509537,0.4141527763575008,0.08401231496371486,0.6879265980932427,0.125489183452555,0.025455912423136665,0.20844324123399424,0.03725879492200307,0.30508998651944763,0.06188855297597269,0.0,0.0,0.0
508,0.4445239799570508,0.455019001263338,51000,443,0.0714285714285714,0.9216205713840058,0.7832879907287809,0.0,0,1,0,1,0,0,0,0,1,0.3677798416565924,0.3750189598257016,0.06899287148695142,0.6531688776276655,0.5784588461570033,0.4148890479599141,0.4246844011791155,0.1383325806552249,0.4445239799570508,0.455019001263338,0.0714285714285714,0.9216205713840058,0.7832879907287809,0.20226685739766131,0.03175171285407504,0.4096824444019095,0.34819029509131916,0.03250135723309556,0.41935487193489723,0.35641091924297663,0.06583004081314324,0.05594914219491289,0.7218943255736888,1.0,0.0,0.0
509,0.2727272727272727,0.726981344786336,60559,80,0.1428571428571429,0.1341943421480103,0.8061593368021371,0.0,0,1,0,0,1,0,0,0,0,0.24116205681688804,0.5463749970137469,0.13353139262452268,0.12592256817766928,0.59120267746085,0.23863636363636362,0.636108676688044,-0.6719649946541268,0.2727272727272727,0.726981344786336,0.1428571428571429,0.1341943421480103,0.8061593368021371,0.19826763948718254,0.038961038961038974,0.03659845694945735,0.21986163730967376,0.10385447782661947,0.09755678331747822,0.5860627987804784,0.01917062030685862,0.11516561954316248,0.10818202186863905,0.0,0.0,0.0
510,0.8919112383679313,0.2727029726565824,31536,443,0.2142857142857143,0.3677681210479244,0.2949994219172251,0.0,1,0,1,0,1,0,1,0,0,0.6375875553473274,0.24114296372193084,0.19415601444095748,0.3131803026752944,0.25851024875543627,0.7345151374794727,0.22457891865836194,0.07276869913069928,0.8919112383679313,0.2727029726565824,0.2142857142857143,0.3677681210479244,0.2949994219172251,0.2432268460487485,0.19112383679312814,0.3280165202761015,0.2631132997200161,0.05843635128355337,0.1002914598580948,0.08044721928880065,0.07880745451026952,0.06321416183940538,0.10849138310872176,0.0,1.0,1.0
511,0.937007874015748,0.3843480626018787,29407,80,0.0714285714285714,0.4883876911948066,0.0023185922179547,0.0,1,0,0,1,0,0,0,0,0,0.6611444494737715,0.32522931589636506,0.06899287148695142,0.39769344763270503,0.0023159084306231853,0.8745406824146982,0.3587248584284201,0.48606909897685185,0.937007874015748,0.3843480626018787,0.0714285714285714,0.4883876911948066,0.0023185922179547,0.360137161020658,0.06692913385826768,0.4576231122219054,0.0021725391648551914,0.027453433042991325,0.1877108629093285,0.0008911464269346817,0.03488483508534331,0.00016561372985390705,0.0011323719001491415,0.0,0.0,1.0
512,0.332856120257695,0.5844988642554846,40692,53,0.0,0.3464575223540533,0.0271426965923586,0.0,0,1,1,0,0,0,1,0,0,0.28732409858005054,0.4602681833644127,0.0,0.29747708606121664,0.026780866369773084,0.332856120257695,0.5844988642554846,0.3193148257616947,0.332856120257695,0.5844988642554846,0.0,0.3464575223540533,0.0271426965923586,0.19455402425110974,0.0,0.11532050672486382,0.009034612681064242,0.0,0.2025040283287133,0.015864875331064815,0.0,0.0,0.009403791411396367,0.0,1.0,0.0
513,0.9284180386542592,0.7255069208003451,60573,80,0.0,0.9140445736227304,0.9234639154284162,0.0,1,0,0,0,0,1,0,0,0,0.6566999977133475,0.5455208744434701,0.0,0.64921858096374,0.6541276831841881,0.9284180386542592,0.7255069208003451,-0.009419341805685821,0.9284180386542592,0.7255069208003451,0.0,0.9140445736227304,0.9234639154284162,0.6735737124395473,0.0,0.848615470285384,0.8573605571300329,0.0,0.6631456640832915,0.6699794617527005,0.0,0.0,0.8440871808337439,0.0,0.0,1.0
514,0.4423765211166786,0.4601637331988067,62728,443,0.0714285714285714,0.4325502157881207,0.0623231488578818,1.0,0,1,0,1,0,1,0,0,1,0.36629211512382154,0.3785485754589295,0.06899287148695142,0.3594562236437508,0.060458159828648585,0.4128847530422334,0.42948615098555293,0.3702270669302389,0.4423765211166786,0.4601637331988067,0.0714285714285714,0.4325502157881207,0.0623231488578818,0.20356563143655157,0.0315983229369056,0.19135005966861746,0.027570297776786653,0.032868838085629036,0.19904392209301106,0.028678852843147837,0.03089644398486575,0.004451653489848698,0.026957891487071943,1.0,0.0,0.0
515,0.7430207587687903,0.8552092122470781,31378,443,0.2857142857142857,0.4722926351067711,0.1104652769387754,0.0,0,0,1,0,0,1,1,0,0,0.5556196762597283,0.6179974725824093,0.2513144282809061,0.38682080157200127,0.10477909591101647,0.5779050345979481,0.6651627206366164,0.3618273581679957,0.7430207587687903,0.8552092122470781,0.2857142857142857,0.4722926351067711,0.1104652769387754,0.6354381977898834,0.2122916453625115,0.35092323209794446,0.08207799388865344,0.2443454892134509,0.40390901241975846,0.09447092247146543,0.13494075288764887,0.03156150769679297,0.05217193673321347,0.0,1.0,0.0
516,0.1403006442376521,0.9305833490684244,50605,80,0.6428571428571429,0.3791050415050732,0.0087596915594087,0.0,0,1,0,1,0,0,0,1,0,0.13129195065308671,0.6578222106507653,0.4964368863138911,0.32143476814013755,0.008721548049707449,0.0854003921446578,0.5664420385633888,0.3703453499456645,0.1403006442376521,0.9305833490684244,0.6428571428571429,0.3791050415050732,0.0087596915594087,0.13056144339113182,0.0901932712956335,0.0531886815569036,0.0012289903691081639,0.5982321529725586,0.352788839172515,0.008151623108160958,0.24371038382468993,0.005631230288191308,0.0033208432322012742,0.0,0.0,0.0
517,0.1846814602720114,0.3386296807854822,59901,53,0.7142857142857143,0.4263594474941987,0.2201160681252396,0.0,0,1,1,0,0,0,1,0,0,0.1694739285542014,0.2916464644443263,0.538996500732687,0.3551253571950427,0.1989459920274244,0.10773085182533998,0.19753398045819795,0.2062433793689591,0.1846814602720114,0.3386296807854822,0.7142857142857143,0.4263594474941987,0.2201160681252396,0.06253862393890794,0.13191532876572243,0.07874068536399659,0.04065135689070279,0.24187834341820158,0.14437796360483507,0.07453783388500534,0.3045424624958562,0.1572257629465997,0.09384856519047255,0.0,1.0,0.0
518,0.5647816750178954,0.3397723570012398,4090,53,0.2857142857142857,0.9674995119777456,0.6173344435742824,0.0,0,0,0,0,0,0,0,1,0,0.447746309479522,0.29249971669620106,0.2513144282809061,0.6767634532675839,0.48077938887735927,0.4392746361250298,0.2642673887787421,0.3501650684034633,0.5647816750178954,0.3397723570012398,0.2857142857142857,0.9674995119777456,0.6173344435742824,0.19189720091193857,0.16136619286225584,0.5464259949537876,0.34865918108812366,0.09707781628606851,0.32872958958222787,0.2097531789512828,0.2764284319936416,0.1763812695926521,0.5972707728851714,0.0,0.0,0.0
519,0.9627773801002146,0.1117707185336887,34924,53,0.2142857142857143,0.4880509050529644,0.5684495529253393,0.0,1,0,0,0,0,1,0,0,1,0.6743605008652979,0.10595398619966151,0.19415601444095748,0.39746714621079493,0.45008758550805816,0.7928754894942943,0.09204647408656715,-0.08039864787237488,0.9627773801002146,0.1117707185336887,0.2142857142857143,0.4880509050529644,0.5684495529253393,0.10761031956178331,0.20630943859290315,0.46988437172243164,0.5472903712845965,0.023950868257219007,0.05454980033878691,0.06353601498061927,0.1045823367970638,0.12181061848400128,0.2774323187821648,1.0,0.0,1.0
520,0.0937723693629205,0.6094828855913499,36659,53,0.7142857142857143,0.5704930217875912,0.5760441048520584,0.0,0,0,0,0,0,1,0,1,0,0.08963261046950394,0.4759129383304178,0.538996500732687,0.45138959668047884,0.45491797635632564,0.05470054879503695,0.35553168326162077,-0.005551083064467166,0.0937723693629205,0.6094828855913499,0.7142857142857143,0.5704930217875912,0.5760441048520584,0.057152654268050676,0.0669802638306575,0.05349648235803465,0.05401702056952012,0.43534491827953564,0.3477057331288299,0.35108902325311864,0.4074950155625652,0.4114600748943274,0.3286291420599788,0.0,0.0,0.0
521,0.3128131710808876,0.1183769267142898,8258,53,0.5714285714285714,0.3432387889383932,0.554030865876451,0.0,0,0,0,1,0,1,0,0,1,0.27217229355944833,0.11187846166432439,0.4519851237430572,0.29508370437077885,0.44085211395956303,0.1990629270514739,0.07533077154545714,-0.2107920769380578,0.3128131710808876,0.1183769267142898,0.5714285714285714,0.3432387889383932,0.554030865876451,0.03702986182830682,0.17875038347479288,0.10736961400578225,0.17330815203150254,0.06764395812245132,0.040631552963661756,0.06558447120731116,0.19613645082193898,0.31658906621511484,0.1901648834379224,1.0,0.0,0.0
522,0.1123836793128131,0.998665925723956,23200,53,0.7857142857142857,0.9311792425653608,0.7516236333132259,0.0,0,0,0,0,0,1,0,0,0,0.10650517167063087,0.6924799208536718,0.5798184952529422,0.6581308228388665,0.5605431482685774,0.06293486041517533,0.5592529184054154,0.17955560925213487,0.1123836793128131,0.998665925723956,0.7857142857142857,0.9311792425653608,0.7516236333132259,0.11223375113719469,0.08830146231721028,0.1046493493792137,0.084470229370205,0.784666084497394,0.9299369802914682,0.750620911558756,0.731640833444212,0.5905614261746774,0.6998963255628342,0.0,0.0,0.0
523,0.6277738010021474,0.9068387201148432,10150,80,0.4285714285714286,0.2425246523803199,0.2803899611004664,0.0,0,1,0,0,0,0,0,0,1,0.4872133150535195,0.6454467504748796,0.3566749439387324,0.21714531974177334,0.24716468864271143,0.4394416607015032,0.6347871040803903,-0.037865308720146484,0.6277738010021474,0.9068387201148432,0.4285714285714286,0.2425246523803199,0.2803899611004664,0.5692895902224177,0.26904591471520606,0.15225062286151791,0.17602147164288404,0.3886451657635043,0.21993074536086657,0.2542684734573976,0.10393913673442282,0.12016712618591417,0.06800147784682202,1.0,0.0,0.0
524,0.9792412312097352,0.983520169526304,19842,443,0.8571428571428571,0.745523981445559,0.2863417646851876,0.0,1,0,1,0,0,1,0,1,0,0.6827135546994734,0.6848731295750994,0.6190392084062234,0.557054786480639,0.25180234842809956,0.527283739882165,0.5295877835910867,0.45918221676037135,0.9792412312097352,0.983520169526304,0.8571428571428571,0.745523981445559,0.2863417646851876,0.9631035017265454,0.8393496267512015,0.7300478214871329,0.2803976621970914,0.8430172881654033,0.7332378726172613,0.28162290094563674,0.6390205555247648,0.24543579830158938,0.21347465246224845,0.0,0.0,1.0
525,0.5053686471009305,0.3219234983980573,20538,443,0.4285714285714286,0.6967976894986734,0.2602191366461786,0.0,0,1,0,1,1,0,0,0,0,0.40903781644573795,0.2790878716749344,0.3566749439387324,0.5287427625858158,0.23128562381456683,0.3537580529706514,0.22534644887864008,0.4365785528524948,0.5053686471009305,0.3219234983980573,0.4285714285714286,0.6967976894986734,0.2602191366461786,0.1626900428554248,0.21658656304325596,0.35213970564499886,0.13150659303665144,0.13796721359916742,0.2243155498790962,0.08377065481925992,0.2986275812137172,0.11152248713407655,0.18132009317839679,0.0,0.0,0.0
526,0.8017179670722978,0.3424618799349213,54949,443,0.9285714285714284,0.4433625048159975,0.9904053595153514,0.0,1,0,0,1,0,0,0,1,0,0.588740635878354,0.2945051521634187,0.6567795363890704,0.3669754643309583,0.68833831624165,0.4157056125560063,0.17757282663292215,-0.5470428546993539,0.8017179670722978,0.3424618799349213,0.9285714285714284,0.4433625048159975,0.9904053595153514,0.2745578421811824,0.744452397995705,0.3554516860371634,0.7940257714081558,0.3180003170824268,0.1518347568919421,0.3391760813172488,0.4116937544719976,0.9196621195499689,0.4391086009779147,0.0,0.0,1.0
527,0.3994273443092341,0.4957981815221368,1348,53,0.2857142857142857,0.0520221929380664,0.8889403738178258,0.0,0,1,0,1,1,0,0,0,0,0.33606311316250437,0.4026599650520924,0.2513144282809061,0.050714210041734036,0.636016023075623,0.3106657122405154,0.38562080785055086,-0.8369181808797593,0.3994273443092341,0.4957981815221368,0.2857142857142857,0.0520221929380664,0.8889403738178258,0.19803535095873467,0.11412209837406688,0.020779086370394453,0.35506709276331194,0.14165662329203907,0.025792508657487067,0.4407350208204865,0.014863483696590398,0.2539829639479502,0.0462446276371878,0.0,0.0,0.0
528,0.5561918396564066,0.1185612617343926,54754,53,0.8571428571428571,0.7992456649065769,0.3596782584428032,0.0,0,0,0,0,0,1,1,0,0,0.44224170842419297,0.11204327177975085,0.6190392084062234,0.5873675020137268,0.30724809708534867,0.299487913661142,0.06384067939544216,0.4395674064637737,0.5561918396564066,0.1185612617343926,0.8571428571428571,0.7992456649065769,0.3596782584428032,0.06594280627603655,0.4767358625626342,0.4445339167017969,0.20005011224771518,0.10162393862947937,0.09475957446706731,0.042643908139407695,0.6850677127770659,0.3082956500938313,0.28747128882155787,0.0,1.0,0.0
529,0.2168933428775948,0.2424011243822351,6990,443,0.3571428571428571,0.7412915291863627,0.1494751282638056,0.0,1,0,1,0,0,0,0,0,1,0.1963011707873456,0.21704589786016892,0.30538164955118186,0.5546270960421759,0.13930542798293197,0.1598161473834909,0.1786113548079627,0.591816400922557,0.2168933428775948,0.2424011243822351,0.3571428571428571,0.7412915291863627,0.1494751282638056,0.05257519018455062,0.07746190817056955,0.1607811978120743,0.03242016024619405,0.08657183013651253,0.17968990016980074,0.03623293915832529,0.2647469747094152,0.05338397437993057,0.11080464640600415,1.0,0.0,1.0
530,0.7916964924838941,0.6542312215525573,30370,53,0.5714285714285714,0.0022631986209038,0.8985478362815177,0.0,0,0,1,0,1,0,0,0,0,0.5831629321748124,0.5033363822074315,0.4519851237430572,0.00226064144444367,0.6410892972548321,0.5038068588533872,0.4163289591698092,-0.8962846376606138,0.7916964924838941,0.6542312215525573,0.5714285714285714,0.0022631986209038,0.8985478362815177,0.517952563376613,0.4523979957050823,0.0017917664099639245,0.7113771703130698,0.373846412315747,0.001480655198369956,0.5878580485538646,0.0012932563548021714,0.5134559064465815,0.002033592223888424,0.0,0.0,0.0
531,0.8482462419470294,0.6749230930243454,10367,80,0.4285714285714286,0.5092956504856438,0.3104505753390646,0.0,1,0,0,0,0,1,1,0,0,0.614237212149626,0.5157672496105906,0.3566749439387324,0.41164308537007155,0.2703710287161058,0.5937723693629205,0.47244616511704174,0.19884507514657923,0.8482462419470294,0.6749230930243454,0.4285714285714286,0.5092956504856438,0.3104505753390646,0.5725009772611663,0.363534103691584,0.43200812156441515,0.2633385338416547,0.2892527541532909,0.3437353956896167,0.20953026253902907,0.21826956449384738,0.13305024657388484,0.1581111277109513,0.0,1.0,1.0
532,0.2562634216177523,0.2429880399366178,19590,53,0.2142857142857143,0.9758426122688952,0.0788837996148232,0.0,0,1,0,1,0,1,0,0,1,0.22814177664300433,0.2175181905487494,0.19415601444095748,0.6809949464919831,0.0759269878120582,0.21104046486167832,0.2001077975948617,0.8969588126540721,0.2562634216177523,0.2429880399366178,0.2142857142857143,0.9758426122688952,0.0788837996148232,0.06226894652634872,0.054913590346661205,0.25007276678043266,0.020215032399503723,0.05206886570070382,0.23711808364184775,0.019167819851158816,0.20910913120047755,0.016903671346033544,0.07697817308182514,1.0,0.0,0.0
533,0.4473872584108804,0.6989640222709345,13822,80,0.6428571428571429,0.1639863531892507,0.2261324872674381,0.0,0,0,1,0,0,1,0,0,1,0.36976004032345483,0.530018666639177,0.4964368863138911,0.1518506251763011,0.2038648963307883,0.2723226790327098,0.42545636138230797,-0.06214613407818739,0.4473872584108804,0.6989640222709345,0.6428571428571429,0.1639863531892507,0.2261324872674381,0.3127075976516349,0.28760609469270887,0.0733654049701372,0.10116879351621244,0.44933401431702935,0.11462056102270075,0.1580584728665794,0.10541979847880403,0.1453708846719245,0.03708264192460184,1.0,0.0,0.0
534,0.8031496062992126,0.8801447688539134,58339,443,0.6428571428571429,0.8213096494666114,0.119837814167968,0.0,0,0,0,0,1,0,0,0,1,0.5895349170956484,0.6313487785866757,0.4964368863138911,0.599555829928686,0.1131838660425997,0.48887367339952076,0.5357402940849908,0.7014718352986434,0.8031496062992126,0.8801447688539134,0.6428571428571429,0.8213096494666114,0.119837814167968,0.706887924591332,0.516310461192351,0.6596345216188533,0.0962476932687617,0.5658073514060872,0.7228713915872793,0.10547462525082442,0.5279847746571074,0.07703859482226515,0.09842395314713873,1.0,0.0,0.0
535,0.8675733715103794,0.1929348840651494,28837,443,1.0,0.8460532369752798,0.1587276647850565,1.0,0,0,0,1,0,0,0,0,0,0.6246399258797666,0.17641655995401578,0.6931471805599453,0.613049974763023,0.1473225624457554,0.4337866857551897,0.0964674420325747,0.6873255721902233,0.8675733715103794,0.1929348840651494,1.0,0.8460532369752798,0.1587276647850565,0.16738516785036583,0.8675733715103794,0.7340132592799135,0.1377078952895408,0.1929348840651494,0.16323318318876998,0.030624103603236773,0.8460532369752798,0.1587276647850565,0.13429205458892418,0.0,0.0,0.0
536,0.7315676449534717,0.1557739482044766,54493,53,0.3571428571428571,0.7860663370407792,0.8935618363456507,0.0,0,1,1,0,0,0,0,0,0,0.5490271513530655,0.14477020459254913,0.30538164955118186,0.5800156245645189,0.6384596249934451,0.5390498436499265,0.11478080394014065,-0.10749549930487146,0.7315676449534717,0.1557739482044766,0.3571428571428571,0.7860663370407792,0.8935618363456507,0.11395918043305303,0.26127415891195416,0.5750606989661248,0.6537009282356872,0.05563355293017021,0.12244865687147298,0.13919365521240437,0.280737977514564,0.31912922726630377,0.7023988796156578,0.0,0.0,0.0
537,0.4323550465282748,0.919454170179784,31868,53,0.0714285714285714,0.642854837680745,0.2832372237249551,0.0,0,1,0,0,0,0,0,1,0,0.3593199753267715,0.6520408592579656,0.06899287148695142,0.4964354831620558,0.24938596622321077,0.4035313767597231,0.8581572255011318,0.35961761395578995,0.4323550465282748,0.919454170179784,0.0714285714285714,0.642854837680745,0.2832372237249551,0.3975306505286968,0.030882503323448184,0.27794153325638504,0.12245904304214232,0.06567529786998455,0.5910755613258092,0.2604236465040544,0.045918202691481766,0.020231230266068212,0.18208041948285086,0.0,0.0,0.0
538,0.1288475304223335,0.5578907260255029,50350,443,0.5,0.7894680520385657,0.0188840212105321,1.0,1,0,0,1,1,0,1,0,0,0.1211972277060765,0.44333280764960326,0.4054651081081644,0.5819183980545546,0.0187079314828783,0.085898353614889,0.3719271506836686,0.7705840308280336,0.1288475304223335,0.5578907260255029,0.5,0.7894680520385657,0.0188840212105321,0.0718828422939087,0.06442376521116674,0.10172100885249946,0.0024331594974200256,0.27894536301275147,0.440436904725735,0.01053522030342475,0.39473402601928287,0.00944201060526605,0.014908331439733734,0.0,1.0,1.0
539,0.9677881173944164,0.1430344040383179,27323,80,0.5,0.0202552893632104,0.910381349750302,0.0,1,0,0,1,0,1,0,0,0,0.6769101289082837,0.13368648413074138,0.4054651081081644,0.02005287966986418,0.6473028816843541,0.6451920782629442,0.0953562693588786,-0.8901260603870916,0.9677881173944164,0.1430344040383179,0.5,0.0202552893632104,0.910381349750302,0.138426996606876,0.4838940586972082,0.01960282836010054,0.8810562525858325,0.07151720201915895,0.0028972032426904794,0.13021585380913392,0.0101276446816052,0.455190674875151,0.018440037670062418,0.0,0.0,1.0
540,0.8468146027201146,0.4079981399987057,1113,80,0.2857142857142857,0.3024765751986162,0.8593562311155425,1.0,0,0,0,1,0,1,1,0,0,0.6134623186587014,0.3421689367113316,0.2513144282809061,0.2642675099912368,0.6202303155109505,0.6586335798934225,0.31733188666566003,-0.5568796559169262,0.8468146027201146,0.4079981399987057,0.2857142857142857,0.3024765751986162,0.8593562311155425,0.3454987828335497,0.24194702934860415,0.25614158085895705,0.7277154054471631,0.11657089714248733,0.12340988007421405,0.3506157438914392,0.08642187862817606,0.24553035174729784,0.2599351296634198,0.0,1.0,0.0
541,0.9205440229062276,0.8331442798772767,62247,53,0.7857142857142857,0.9820691026886958,0.6699644337217283,0.0,0,0,0,1,1,0,0,0,0,0.6526084911686623,0.6060326781861358,0.5798184952529422,0.6841413004305443,0.5128023290292579,0.5155046528274875,0.466560796731275,0.31210466896696754,0.9205440229062276,0.8331442798772767,0.7857142857142857,0.9820691026886958,0.6699644337217283,0.7669459870595403,0.7232845894263217,0.9040378425609612,0.6167317550222925,0.6546133627607174,0.8182052553492968,0.5581770356764768,0.7716257235411181,0.5264006264956437,0.657951370258438,0.0,0.0,0.0
542,0.2848962061560487,0.1006829766325586,40661,443,0.0714285714285714,0.7994394875465547,0.7184220764273371,0.0,0,1,0,0,1,0,1,0,0,0.25067794166541746,0.09593087498099295,0.06899287148695142,0.5874752206009075,0.541406472332833,0.26590312574564545,0.09397077819038803,0.08101741111921756,0.2848962061560487,0.1006829766325586,0.0714285714285714,0.7994394875465547,0.7184220764273371,0.028684198067114048,0.020349729011146327,0.2277572770533492,0.2046757239928992,0.0071916411880398965,0.08048994724379438,0.07233287313324781,0.057102820539039596,0.05131586260195263,0.5743349766212021,0.0,1.0,0.0
543,0.8239083750894775,0.8634959147019762,60802,443,0.5,0.3249191089207581,0.0257008180045033,0.0,1,0,1,0,0,1,0,0,1,0.6009816574350921,0.6224542476632281,0.4054651081081644,0.2813514077034403,0.02537610383944421,0.5492722500596516,0.5756639431346507,0.2992182909162548,0.8239083750894775,0.8634959147019762,0.5,0.3249191089207581,0.0257008180045033,0.7114415159785072,0.4119541875447387,0.2677035750664227,0.021175119200560703,0.4317479573509881,0.28056632316168106,0.022192551351387597,0.16245955446037905,0.01285040900225165,0.00835068688455779,1.0,0.0,1.0
544,0.5712240515390121,0.9305310604645364,29265,80,0.5714285714285714,0.6478195290431321,0.2207722909718825,0.0,0,0,0,1,1,0,1,0,0,0.45185496625230986,0.6577951259294412,0.4519851237430572,0.499452916414954,0.19948368385589937,0.363506214615735,0.5921561293865232,0.4270472380712496,0.5712240515390121,0.9305310604645364,0.5714285714285714,0.6478195290431321,0.2207722909718825,0.5315417224414459,0.32641374373657833,0.37005009604611266,0.12611044251650838,0.5317320345511636,0.6028161933501422,0.20543547403925103,0.3701825880246469,0.12615559484107572,0.14302060156317825,0.0,1.0,0.0
545,0.9076592698639944,0.5914923535724367,57387,53,0.0714285714285714,0.5493293422299885,0.3393658424715339,0.0,0,1,0,1,0,1,1,0,0,0.6458769773429831,0.4646721631871156,0.06899287148695142,0.437822154864836,0.2921962500568872,0.8471486518730614,0.5520595300009409,0.20996349975845463,0.9076592698639944,0.5914923535724367,0.0714285714285714,0.5493293422299885,0.3393658424715339,0.5368735177736935,0.06483280499028528,0.4986038696833397,0.30802855279449176,0.0422494538266026,0.32492410552201445,0.2007323008855804,0.039237810159284875,0.024240417319395267,0.18642361502021362,0.0,1.0,0.0
546,0.3042233357193987,0.4970760533143705,5688,443,0.0,0.8343600208325048,0.8537136133668087,0.0,0,0,0,0,0,1,0,0,1,0.2656077185629418,0.4035139079642358,0.0,0.6066956581856542,0.6171909856148159,0.3042233357193987,0.4970760533143705,-0.01935359253430391,0.3042233357193987,0.4970760533143705,0.0,0.8343600208325048,0.8537136133668087,0.15122213504553145,0.0,0.2538317887285716,0.2597196032075116,0.0,0.41474038619871745,0.42436059359312367,0.0,0.0,0.7123045082337235,1.0,0.0,0.0
547,0.7831066571224051,0.2508728918232689,3839,443,0.5,0.3615639729720996,0.9873471357082456,0.0,1,0,0,1,0,0,0,0,0,0.5783571560052186,0.22384162106543112,0.4054651081081644,0.30863401915385397,0.6868006517372077,0.5220711047482701,0.1672485945488459,-0.6257831627361461,0.7831066571224051,0.2508728918232689,0.5,0.3615639729720996,0.9873471357082456,0.19646023167835086,0.39155332856120256,0.2831431542100765,0.7731981148638659,0.12543644591163444,0.09070659947862085,0.2476986311685491,0.1807819864860498,0.4936735678541228,0.3569891530892961,0.0,0.0,1.0
548,0.6957766642806013,0.305960378526498,23975,80,0.2142857142857143,0.5730951331658236,0.5887943547034928,0.0,0,0,0,0,1,0,1,0,0,0.5281408449018237,0.2669386923591911,0.19415601444095748,0.4530451010559051,0.4629754611198634,0.5729925470546128,0.25196737055123364,-0.015699221537669228,0.6957766642806013,0.305960378526498,0.2142857142857143,0.5730951331658236,0.5887943547034928,0.21288009157319687,0.14909499948870028,0.39874622006956373,0.40966937206284537,0.06556293825567815,0.17534440387510916,0.1801477436393458,0.12280609996410508,0.12617021886503418,0.3374351791160834,0.0,1.0,0.0
549,0.2562634216177523,0.8141370030761381,26092,53,0.0,0.1063552741177451,0.3660811639124924,0.0,1,0,0,1,1,0,1,0,0,0.22814177664300433,0.595609874241342,0.0,0.10107107585657632,0.31194617659612484,0.2562634216177523,0.8141370030761381,-0.2597258897947473,0.2562634216177523,0.8141370030761381,0.0,0.1063552741177451,0.3660811639124924,0.20863353407391366,0.0,0.027254966452507332,0.09381321165402452,0.0,0.08658776413156216,0.29804022167034105,0.0,0.0,0.038934662537256304,0.0,1.0,1.0
550,0.9398711524695778,0.2696252234681001,50704,443,0.0714285714285714,0.0,0.4282248925581992,1.0,0,1,0,0,0,0,0,0,0,0.6626215546167848,0.2387217572886184,0.06899287148695142,0.0,0.3564323393033469,0.8772130756382726,0.25165020857022674,-0.4282248925581992,0.9398711524695778,0.2696252234681001,0.0714285714285714,0.0,0.4282248925581992,0.25341296951583064,0.06713365374782695,0.0,0.4024762232848358,0.019258944533435712,0.0,0.11546023235060761,0.0,0.030587492325585643,0.0,0.0,0.0,0.0
551,0.7344309234073013,0.451602315842353,14839,53,0.8571428571428571,0.7980523341161065,0.8986152568145144,0.0,0,1,1,0,1,0,0,1,0,0.5506793615595639,0.3726679917277521,0.6190392084062234,0.5867040424757248,0.6411248082567831,0.3954628049116238,0.243170477761267,-0.10056292269840783,0.7344309234073013,0.451602315842353,0.8571428571428571,0.7980523341161065,0.8986152568145144,0.33167070583697505,0.6295122200634011,0.5861143126722442,0.659970832850173,0.3870876992934454,0.36040228225022897,0.40581673102870547,0.6840448578138055,0.7702416486981551,0.7171420031731677,0.0,0.0,0.0
552,0.8052970651395848,0.0950048587857329,39322,80,0.5,0.4897380198986223,0.937467625055958,0.0,0,1,0,0,0,0,0,1,0,0.590725157267903,0.09075880050586425,0.4054651081081644,0.39860027892684546,0.6613817724572195,0.5368647100930565,0.06333657252382194,-0.44772960515733573,0.8052970651395848,0.0950048587857329,0.5,0.4897380198986223,0.937467625055958,0.0765071339541514,0.4026485325697924,0.3943845901116321,0.7549399271209397,0.04750242939286645,0.04652749142247307,0.0890639793346377,0.24486900994931116,0.468733812527979,0.45911353841396896,0.0,0.0,0.0
553,0.8203292770221904,0.2697702976476598,6033,443,0.2142857142857143,0.721712439783496,0.3295750200200689,1.0,0,0,1,0,1,0,0,0,0,0.5990174061651578,0.23883601611794308,0.19415601444095748,0.5433194000651763,0.2848593573523568,0.6755652869594508,0.2221637745333669,0.3921374197634271,0.8203292770221904,0.2697702976476598,0.2142857142857143,0.721712439783496,0.3295750200200689,0.22130047323136587,0.17578484507618367,0.5920418439455164,0.270360037897637,0.05780792092449853,0.19469657969641246,0.08890955124804742,0.15465266566789201,0.07062321857572905,0.23785839179037846,0.0,0.0,0.0
554,0.2147458840372225,0.7534437501219095,33263,53,0.7857142857142857,0.4799905797138057,0.1739246960253271,0.0,1,0,0,1,0,1,0,0,1,0.1945349059772644,0.5615817114533457,0.5798184952529422,0.39203572269752723,0.1603525762697117,0.1202576950608446,0.4219285000682693,0.30606588368847865,0.2147458840372225,0.7534437501219095,0.7857142857142857,0.4799905797138057,0.1739246960253271,0.1617989441922496,0.1687289088863891,0.10307600137018012,0.03734961260386407,0.5919915179529288,0.36164590240275907,0.1310424752121356,0.3771354554894188,0.13665511830561414,0.08348221567174419,1.0,0.0,1.0
555,0.5268432355046528,0.3128014857414595,13350,80,0.7857142857142857,0.1992811362249913,0.1662580860225402,0.0,0,0,1,0,1,0,0,1,0,0.42320235921438876,0.2721633925279144,0.5798184952529422,0.1817223241440864,0.15380040650804136,0.2950322118826056,0.17516883201521732,0.03302305020245111,0.5268432355046528,0.3128014857414595,0.7857142857142857,0.1992811362249913,0.1662580860225402,0.16479734681869304,0.41394825646794153,0.1049899185838179,0.08759194796892597,0.24577259593971817,0.062335435491423466,0.05200577632438195,0.1565780356053503,0.13063135330342443,0.033132100289164156,0.0,0.0,0.0
556,0.7294201861130994,0.3384161952355823,25223,80,0.6428571428571429,0.9857797791833738,0.643938035446977,0.0,1,0,0,1,0,0,1,0,0,0.5477861997977438,0.2914869710622631,0.4964368863138911,0.6860116728599903,0.4970946045896964,0.44399489589493013,0.20599246666513707,0.34184174373639675,0.7294201861130994,0.3384161952355823,0.6428571428571429,0.9857797791833738,0.643938035446977,0.24684760411242546,0.4689129767869925,0.7190476699984666,0.46970140166103763,0.2175532683657315,0.3336038422114098,0.2179190599234415,0.6337155723321689,0.4139601656444853,0.6347810943906965,0.0,1.0,1.0
557,0.2670007158196135,0.6125021496343273,64819,80,0.2142857142857143,0.9103948586482282,0.953063981664879,0.0,1,0,0,0,0,1,0,0,1,0.23665246631091302,0.4777871027934614,0.19415601444095748,0.6473099529689254,0.6693994120670251,0.21988294243968168,0.5044135349929754,-0.04266912301665082,0.2670007158196135,0.6125021496343273,0.2142857142857143,0.9103948586482282,0.953063981664879,0.16353851239341738,0.057214439104202895,0.24307607893757277,0.2544687653264137,0.13125046063592727,0.5576188079380793,0.5837537375087894,0.1950846125674775,0.20422799607104553,0.8676645488705151,1.0,0.0,1.0
558,0.6757337151037939,0.7020905946994954,49475,443,0.5714285714285714,0.8327834124429998,0.245022807265771,0.0,0,0,1,0,0,1,0,0,0,0.5162511082339489,0.5318572571126844,0.4519851237430572,0.6058358017249889,0.21915384883785116,0.43001236415695976,0.4467849238996789,0.5877606051772288,0.6757337151037939,0.7020905946994954,0.5714285714285714,0.8327834124429998,0.245022807265771,0.47442628589572206,0.3861335514878822,0.5627398291669233,0.1655701718388603,0.4011946255425688,0.5846894012979809,0.172028208468165,0.47587623568171417,0.1400130327232977,0.20405092956115223,0.0,0.0,0.0
559,0.7659269863994274,0.7467917831882342,14842,53,0.1428571428571429,0.9707181518511564,0.7016703751617563,0.0,1,0,0,0,0,1,1,0,0,0.5686757572723948,0.5577808386957381,0.13353139262452268,0.6783980204067269,0.5316103422772451,0.6701861130994989,0.653442810289705,0.26904777668940005,0.7659269863994274,0.7467917831882342,0.1428571428571429,0.9707181518511564,0.7016703751617563,0.5719879799652188,0.10941814091420395,0.7434992286905779,0.5374282758933996,0.10668454045546207,0.7249243395941123,0.5240016706774053,0.1386740216930224,0.10023862502310808,0.6811241697857277,0.0,1.0,1.0
560,0.6377952755905512,0.0056103519951951,14218,443,1.0,0.76944670540506,0.2814286085033935,0.0,0,1,1,0,0,1,1,0,0,0.4933509932427267,0.005594672587766914,0.6931471805599453,0.570666901901131,0.24797555594780515,0.3188976377952756,0.00280517599759755,0.4880180969016665,0.6377952755905512,0.0056103519951951,1.0,0.76944670540506,0.2814286085033935,0.0035782559969354576,0.6377952755905512,0.49074947352606185,0.1794938369194872,0.0056103519951951,0.004316866858865575,0.0015789135552219946,0.76944670540506,0.2814286085033935,0.21654431561966658,0.0,1.0,0.0
561,0.1832498210450966,0.7555188822077388,16118,80,0.4285714285714286,0.7802780223173746,0.9074135036106352,0.0,0,0,0,0,0,1,1,0,0,0.16826473856406235,0.5627644725968374,0.3566749439387324,0.5767695444203763,0.6457481377279657,0.12827487473156762,0.5288632175454171,-0.12713548129326058,0.1832498210450966,0.7555188822077388,0.4285714285714286,0.7802780223173746,0.9074135036106352,0.13844869996075954,0.07853563759075569,0.14298580795508078,0.16628336215055303,0.3237938066604595,0.589514779232488,0.6855680359481151,0.3344048667074463,0.38889150154741514,0.7080348140213863,0.0,1.0,0.0
562,0.2648532569792412,0.5844154608728233,50926,53,0.3571428571428571,0.560770564524975,0.7478331570409988,0.0,0,1,0,0,0,0,1,0,0,0.23495611306273456,0.46021554490585975,0.30538164955118186,0.44517965092607653,0.5583768247608527,0.19515503145838825,0.43062191853786974,-0.18706259251602386,0.2648532569792412,0.5844154608728233,0.3571428571428571,0.560770564524975,0.7478331570409988,0.15478433824119156,0.09459044892115757,0.14852191043252738,0.19806604731937694,0.20871980745457971,0.32772298791077653,0.4370452591280937,0.20027520161606246,0.26708327037178525,0.41936282164437516,0.0,1.0,0.0
563,0.3314244810307802,0.0404649812201787,53096,53,0.1428571428571429,0.5260341910273612,0.5189699400343977,0.0,0,0,0,1,1,0,0,0,0,0.2862494074502851,0.039667710562147254,0.13353139262452268,0.4226723382648411,0.4180324341053808,0.28999642090193267,0.035406858567656366,0.007064250992963483,0.3314244810307802,0.0404649812201787,0.1428571428571429,0.5260341910273612,0.5189699400343977,0.013411085400817993,0.04734635443296862,0.17434060876568946,0.17199934304647538,0.0057807116028826735,0.021285963661094063,0.021000108877329168,0.07514774157533734,0.07413856286205683,0.2729959325735125,0.0,0.0,0.0
564,0.7816750178954903,0.1732244909218395,12692,80,0.4285714285714286,0.7992993905747339,0.5930458479014625,0.0,1,0,0,0,1,0,1,0,0,0.5775539431106301,0.15975593322021722,0.3566749439387324,0.5873973616749691,0.4656478113684038,0.5471725125268432,0.12125714364528765,0.20625354267327134,0.7816750178954903,0.1732244909218395,0.4285714285714286,0.7992993905747339,0.5930458479014625,0.1354052570412661,0.33500357909806733,0.6247923654313596,0.46356912377122195,0.07423906753793122,0.13845823002644483,0.1027300650960415,0.34255688167488596,0.25416250624348397,0.4740211848105153,0.0,1.0,1.0
565,0.9613457408733,0.5758156656648922,47688,80,0.0714285714285714,0.5317225155796335,0.8985856067333239,0.0,0,0,0,1,1,0,0,0,0,0.6736308401251541,0.4547730211843328,0.06899287148695142,0.4263929293124155,0.6411091914473193,0.89725602481508,0.537427954620566,-0.3668630911536904,0.9613457408733,0.5758156656648922,0.0714285714285714,0.5317225155796335,0.8985856067333239,0.5535579377150682,0.0686675529195214,0.5111691756789175,0.8638514458431311,0.041129690404635134,0.30617415425749767,0.51741966929804,0.03798017968425951,0.06418468619523739,0.4777981992758942,0.0,0.0,0.0
566,0.1374373657838224,0.4042272476531367,31288,80,0.5,0.1984911687080028,0.4701314974697935,0.0,0,0,0,1,0,1,0,0,0,0.1287778072797541,0.33948714980894334,0.4054651081081644,0.18106340624437992,0.385351850850953,0.09162491052254827,0.2694848317687578,-0.2716403287617907,0.1374373657838224,0.4042272476531367,0.5,0.1984911687080028,0.4701314974697935,0.05555592809549192,0.0687186828919112,0.027280103358580183,0.06461363458425218,0.20211362382656836,0.08023553881029039,0.19003996125726225,0.0992455843540014,0.23506574873489675,0.09331695037922277,0.0,0.0,0.0
567,0.3435934144595561,0.8556231781947183,36053,443,0.5714285714285714,0.9821058892332512,0.6759329677923642,0.0,0,1,0,1,1,0,0,0,0,0.295347677329547,0.6182205847609187,0.4519851237430572,0.6841598599263442,0.5163700059094379,0.21865035465608115,0.5444874770330026,0.3061729214408869,0.3435934144595561,0.8556231781947183,0.5714285714285714,0.9821058892332512,0.6759329677923642,0.2939864892866605,0.1963390939768892,0.33744511584249137,0.23224611634955958,0.4889275303969819,0.8403125622695043,0.5783439141490909,0.5612033652761435,0.38624741016706526,0.6638377483957904,0.0,0.0,0.0
568,0.5540443808160344,0.1130429838089652,21324,443,0.0714285714285714,0.6255770405049237,0.894440692226183,0.0,1,0,0,0,1,0,0,0,0,0.44086081062133003,0.1070976913221356,0.06899287148695142,0.4858628545971448,0.6389236457482744,0.5171080887616321,0.10550678488836752,-0.26886365172125937,0.5540443808160344,0.1130429838089652,0.0714285714285714,0.6255770405049237,0.894440692226183,0.06263082997003512,0.03957459862971672,0.34659744405927767,0.49555983950112076,0.00807449884349751,0.07071709526105846,0.10111024468940404,0.044684074321780246,0.06388862087329876,0.559541561150031,0.0,0.0,1.0
569,0.2176091624910522,0.7264017994671491,19458,80,0.8571428571428571,0.6334322894022293,0.444789642590287,0.0,1,0,1,0,0,1,0,0,0,0.1968892331388999,0.5460393578446081,0.6190392084062234,0.4906834999615568,0.36796373490508694,0.11717416441825887,0.39113943048231103,0.18864264681194226,0.2176091624910522,0.7264017994671491,0.8571428571428571,0.6334322894022293,0.444789642590287,0.15807168721403955,0.18652213927804473,0.1378406699916089,0.0967903016087668,0.6226301138289849,0.4601263548623753,0.3230959967619346,0.5429419623447679,0.38124826507738885,0.2817441216083648,0.0,0.0,1.0
570,0.2054402290622763,0.5231331650731929,36764,80,0.8571428571428571,0.6012866351634933,0.8910704782683211,0.0,0,1,0,1,0,0,0,1,0,0.1868448355453102,0.4207695061203915,0.6190392084062234,0.47080745306996846,0.6371430593510842,0.11062166180276416,0.2816870888855654,-0.28978384310482774,0.2054402290622763,0.5231331650731929,0.8571428571428571,0.6012866351634933,0.8910704782683211,0.10747259726271034,0.17609162491052252,0.12352846406007344,0.18306172316607597,0.4483998557770224,0.31455298056928843,0.46614851959979053,0.5153885444258514,0.7637746956585609,0.5357887695714835,0.0,0.0,0.0
571,0.5962777380100215,0.5667835183289677,14726,443,0.8571428571428571,0.1825536296440901,0.9213186010628804,0.0,1,0,1,0,1,0,0,0,1,0.4676745051972026,0.44902480343391954,0.6190392084062234,0.16767619312010368,0.6530117217070556,0.3210726281592423,0.3051911252540595,-0.7387649714187903,0.5962777380100215,0.5667835183289677,0.8571428571428571,0.1825536296440901,0.9213186010628804,0.3379603942505584,0.5110952040085898,0.10885266534969726,0.5493617714283318,0.4858144442819723,0.10346838849340072,0.522188198212342,0.15647453969493438,0.7897016580538975,0.16819005468264428,1.0,0.0,1.0
572,0.6821760916249106,0.1407977340918609,44730,443,0.8571428571428571,0.1276148978103473,0.408987733003412,0.0,0,1,0,0,1,0,0,0,1,0.5200882478812429,0.13172778443105937,0.6190392084062234,0.12010469213431342,0.3428715267064739,0.36732558779802876,0.07581416451100201,-0.2813728351930647,0.6821760916249106,0.1407977340918609,0.8571428571428571,0.1276148978103473,0.408987733003412,0.09604884795242909,0.5847223642499233,0.08705583222137507,0.2790016532228001,0.1206837720787379,0.017967888448061277,0.0575845460782474,0.10938419812315482,0.35056091400292455,0.05219292775291603,1.0,0.0,0.0
573,0.0658554044380816,0.5690203987940771,23330,53,0.3571428571428571,0.1871461169080515,0.48299612504583,0.0,1,0,0,1,1,0,0,1,0,0.06377767342704717,0.45045147480983394,0.30538164955118186,0.17155220569953233,0.39406445023655534,0.04852503484911276,0.4192781885851094,-0.2958500081377785,0.0658554044380816,0.5690203987940771,0.3571428571428571,0.1871461169080515,0.48299612504583,0.03747306849610243,0.023519787299314854,0.012324583217996234,0.03180790515691937,0.20322157099788463,0.10648995807578243,0.2748346476895721,0.06683789889573268,0.1724986160877964,0.09039084928396277,0.0,0.0,1.0
574,0.2018611309949892,0.5101791829599855,46882,443,0.8571428571428571,0.2387601166103357,0.9801034854054854,0.0,0,0,1,0,0,1,0,0,0,0.18387129782057895,0.41222830799870325,0.6190392084062234,0.21411097341808555,0.6831491086969635,0.10869445515114803,0.2747118677476845,-0.7413433687951497,0.2018611309949892,0.5101791829599855,0.8571428571428571,0.2387601166103357,0.9801034854054854,0.1029853468824022,0.17302382656713358,0.04819638717545787,0.19784479805608218,0.43729644253713046,0.12181044121569194,0.5000283954004047,0.20465152852314486,0.8400887017761303,0.23400962246561013,0.0,0.0,0.0
575,0.1675017895490336,0.0855391649479313,61138,80,0.2857142857142857,0.4663444039153459,0.8182568085657457,0.0,0,1,1,0,0,1,0,1,0,0.15486624336405203,0.08207678978476839,0.2513144282809061,0.3827725035099453,0.5978782446162408,0.13027916964924838,0.0665304616261688,-0.3519124046503998,0.1675017895490336,0.0855391649479313,0.2857142857142857,0.4663444039153459,0.8182568085657457,0.014327963205308462,0.04785765415686674,0.07811352220199778,0.1370594797454434,0.024439761413694656,0.039890710889059475,0.06999300411767317,0.13324125826152738,0.23378765959021303,0.38158948364026596,0.0,0.0,0.0
576,0.5597709377236937,0.4366227131380109,39908,80,1.0,0.9618017837293946,0.9141768923680116,0.0,0,0,0,1,0,0,0,0,0,0.4445389756876581,0.36229502087606485,0.6931471805599453,0.6738633283786745,0.6492877090152434,0.27988546886184684,0.21831135656900544,0.04762489136138304,0.5597709377236937,0.4366227131380109,1.0,0.9618017837293946,0.9141768923680116,0.24440870556472766,0.5597709377236937,0.5383886863825245,0.5117296562861741,0.4366227131380109,0.41994450431290664,0.39915039503379657,0.9618017837293946,0.9141768923680116,0.8792569657237483,0.0,0.0,0.0
577,0.4702934860415175,0.3580082995507607,34067,443,0.5,0.9493830279075866,0.773964052609514,0.0,0,0,0,1,1,0,1,0,0,0.38546203123154166,0.3060191407163269,0.4054651081081644,0.6675129265670708,0.5732166202150651,0.313528990694345,0.23867219970050713,0.1754189752980726,0.4702934860415175,0.3580082995507607,0.5,0.9493830279075866,0.773964052609514,0.1683689712275231,0.23514674302075875,0.44648865378331015,0.3639902523725488,0.17900414977538034,0.33988700344354744,0.2770855543881476,0.4746915139537933,0.386982026304757,0.7347883357580469,0.0,1.0,0.0
578,0.0622763063707945,0.7385009259151876,26149,443,0.6428571428571429,0.5676971204758257,0.7230643567700968,0.0,1,0,0,1,1,0,1,0,0,0.06041406447036388,0.5530232050599355,0.4964368863138911,0.44960774030800255,0.5441043084269378,0.03790731692135318,0.44952230273098376,-0.15536723629427118,0.0622763063707945,0.7385009259151876,0.6428571428571429,0.5676971204758257,0.7230643567700968,0.04599110991740964,0.04003476838122504,0.03535407980057036,0.04502977740801601,0.47475059523119206,0.419244849110783,0.533983696970986,0.3649481488773165,0.46482708649506227,0.41048155325708907,0.0,1.0,1.0
579,0.882605583392985,0.2734933565068423,44821,80,0.4285714285714286,0.1810173278790934,0.6426044881547832,1.0,0,0,0,0,1,0,1,0,0,0.6326567659148485,0.2417637987035809,0.3566749439387324,0.1663762093168133,0.4962830846681967,0.6178239083750895,0.19144534955478962,-0.4615871602756898,0.882605583392985,0.2734933565068423,0.4285714285714286,0.1810173278790934,0.6426044881547832,0.24138676347382718,0.37825953573985077,0.15976690427696646,0.567166309158803,0.11721143850293243,0.04950703658755285,0.17574805837181307,0.07757885480532574,0.2754019234949071,0.11632254732889137,0.0,1.0,0.0
580,0.8052970651395848,0.1679574335317912,36384,443,0.9285714285714284,0.1034510392582941,0.9994850840941496,0.0,0,0,0,0,1,0,0,1,0,0.590725157267903,0.1552564398479261,0.6567795363890704,0.09844257713794573,0.6928896894590317,0.4175614411834884,0.08708903960907693,-0.8960340448358555,0.8052970651395848,0.1679574335317912,0.9285714285714284,0.1034510392582941,0.9994850840941496,0.13525562829152835,0.7477758462010429,0.0833088183003442,0.8048824048718097,0.15596047399380608,0.017375371050019656,0.1678709495777599,0.09606167931127307,0.9280932923731388,0.10339777067270325,0.0,0.0,0.0
581,0.7967072297780959,0.2239537918402131,54534,53,0.5,0.5791891365659554,0.7698229210427281,0.0,0,0,1,0,1,0,0,0,1,0.5859556728688677,0.20208643161298676,0.4054651081081644,0.4569115105991761,0.5708794969723139,0.5311381531853973,0.1493025278934754,-0.1906337844767727,0.7967072297780959,0.2239537918402131,0.5,0.5791891365659554,0.7698229210427281,0.17842560509531652,0.39835361488904797,0.4614441725110296,0.6133234868436338,0.11197689592010655,0.12971160332660472,0.17240476221302795,0.2895945682829777,0.38491146052136405,0.44587307294741935,1.0,0.0,0.0
582,0.5418754473872585,0.1087517797516013,44498,53,0.2142857142857143,0.8598978026076898,0.0627557713362093,0.0,0,0,0,1,0,0,0,0,1,0.4329994984593721,0.10323485982782842,0.19415601444095748,0.6205215413810118,0.0608653188100803,0.44625036843656574,0.08956028920720106,0.7971420312714805,0.5418754473872585,0.1087517797516013,0.2142857142857143,0.8598978026076898,0.0627557713362093,0.05892991930705955,0.11611616729726967,0.4659575064953624,0.034005811668940907,0.023303952803914566,0.09351541643807741,0.006824801822497287,0.18426381484450496,0.013447665286330564,0.05396354987295702,1.0,0.0,0.0
583,0.2032927702219041,0.940552585697945,62799,53,0.5714285714285714,0.594532618271213,0.0481521325605942,0.0,0,1,0,1,0,0,0,1,0,0.1850617741516538,0.6629727705052298,0.4519851237430572,0.4665806639982893,0.04702874002053669,0.12936812650484805,0.598533463625965,0.5463804857106187,0.2032927702219041,0.940552585697945,0.5714285714285714,0.594532618271213,0.0481521325605942,0.1912075406859101,0.11616729726965948,0.12086418295563671,0.009788980420335543,0.5374586203988256,0.5591891913967586,0.045289612786737085,0.33973292472640737,0.027515504320339543,0.028628013446592597,0.0,0.0,0.0
584,0.0307802433786685,0.6360741458303629,25198,443,0.4285714285714286,0.9571087518838236,0.1479975989504661,0.0,0,1,0,0,0,1,1,0,0,0.030316033313084415,0.4922995585657734,0.3566749439387324,0.671468257582169,0.13801920638862486,0.02154617036506795,0.44525190208125404,0.8091111529333574,0.0307802433786685,0.6360741458303629,0.4285714285714286,0.9571087518838236,0.1479975989504661,0.019578517015537252,0.013191532876572216,0.029460040322837736,0.00455540211515392,0.27260320535586985,0.6087921318212679,0.09413744633736235,0.4101894650930673,0.06342754240734262,0.1416497972132833,0.0,1.0,0.0
585,0.717967072297781,0.9586498089357158,10909,80,0.7142857142857143,0.0439217463737007,0.4886024690116091,0.0,0,1,1,0,1,0,1,0,0,0.5411416570790752,0.6722553628684209,0.538996500732687,0.042984531070390596,0.3978377395554975,0.4188141255070389,0.5592123885458342,-0.44468072263790837,0.717967072297781,0.9586498089357158,0.7142857142857143,0.0439217463737007,0.4886024690116091,0.688278996680403,0.5128336230698436,0.03153436765413157,0.3508004841937322,0.6847498635255114,0.04210557376927115,0.4683986635634981,0.031372675981214786,0.3490017635797208,0.02146027372149185,0.0,1.0,0.0
586,0.1896921975662132,0.2357854670696983,48501,80,0.4285714285714286,0.8894526498884812,0.1661506628402571,0.0,0,0,0,1,1,0,0,0,0,0.1736946161584316,0.2117067736384664,0.3566749439387324,0.6362871838948286,0.15370829299456612,0.13278453829634923,0.1650498269487888,0.723301987048224,0.1896921975662132,0.2357854670696983,0.4285714285714286,0.8894526498884812,0.1661506628402571,0.044726663402627063,0.08129665609980566,0.16872222778843762,0.031517484361251326,0.10105091445844214,0.20972000849033637,0.03917591164172998,0.3811939928093491,0.07120742693153875,0.14778314734399425,0.0,0.0,0.0
587,0.1531853972798854,0.9582914143824366,1207,443,0.5,0.5068323625521893,0.9270531176013898,0.0,0,0,1,0,1,0,0,0,0,0.14252802392001251,0.6720723657112792,0.4054651081081644,0.41000967427446555,0.6559919539726091,0.10212359818659027,0.6388609429216244,-0.4202207550492004,0.1531853972798854,0.9582914143824366,0.5,0.5068323625521893,0.9270531176013898,0.14679625102207683,0.0765926986399427,0.07763931681186004,0.14201100011932521,0.4791457071912183,0.4856931015649294,0.8883870432738831,0.25341618127609467,0.4635265588006949,0.469860521805285,0.0,0.0,0.0
588,0.3979957050823192,0.4634082452169319,54882,80,0.8571428571428571,0.1643822277511981,0.019512540406599,0.0,1,0,0,1,0,0,0,0,1,0.33503957161971704,0.38076812973983304,0.6190392084062234,0.15219066976288634,0.019324611502674637,0.21430537965971033,0.249527516655271,0.1448696873445991,0.3979957050823192,0.4634082452169319,0.8571428571428571,0.1643822277511981,0.019512540406599,0.1844344912960731,0.341139175784845,0.06542342063684047,0.007765907277071612,0.39720706732879874,0.07617607970703276,0.009042272109546522,0.1408990523581698,0.016725034634227712,0.003207514861122012,1.0,0.0,1.0
589,0.3085182534001431,0.1661781150155395,31223,53,0.5,0.3719027641780759,0.8593795168955713,0.0,1,0,1,0,1,0,1,0,0,0.2688953927571334,0.15373183356529896,0.4054651081081644,0.31619865520185997,0.620242839003668,0.2056788356000954,0.11078541001035967,-0.48747675271749547,0.3085182534001431,0.1661781150155395,0.5,0.3719027641780759,0.8593795168955713,0.051268981797922344,0.15425912670007155,0.11473879123890528,0.2651342675604804,0.08308905750776975,0.06180210032018136,0.14281006820067102,0.18595138208903794,0.4296897584477857,0.31960561781148245,0.0,1.0,1.0
590,0.8453829634931997,0.6495647804173906,8432,443,0.5,0.9701576512634292,0.6052703869880139,0.0,0,1,1,0,0,0,0,1,0,0.6126868242421709,0.5005114836752054,0.4054651081081644,0.6781135655700311,0.4732922078063678,0.5635886423287998,0.4330431869449271,0.3648872642754153,0.8453829634931997,0.6495647804173906,0.5,0.9701576512634292,0.6052703869880139,0.5491309990500632,0.4226914817465999,0.82015475028068,0.5116852734666031,0.3247823902086953,0.6301802417131809,0.39316232601701834,0.4850788256317146,0.30263519349400697,0.5872076970195985,0.0,0.0,0.0
591,0.5046528274874732,0.2656706114196613,32164,80,0.0,0.031859825288544,0.6871999342770602,0.0,0,0,0,1,1,0,0,0,0,0.40856219217993467,0.23560210931596218,0.0,0.03136282962510925,0.5230703112285745,0.5046528274874732,0.2656706114196613,-0.6553401089885161,0.5046528274874732,0.2656706114196613,0.0,0.031859825288544,0.6871999342770602,0.13407142523325785,0.0,0.01607815091512063,0.34679738988212416,0.0,0.008464219264131073,0.18256882670693764,0.0,0.0,0.02189406984436606,0.0,0.0,0.0
592,0.5891195418754474,0.7063767034104748,33493,443,0.9285714285714284,0.1707558420524684,0.2730060231725975,0.0,0,1,0,1,0,1,0,0,1,0.4631801156093633,0.534372235603183,0.6567795363890704,0.15764955907757858,0.24138105104294288,0.3054693920835653,0.36626940176839434,-0.10225018112012907,0.5891195418754474,0.7063767034104748,0.9285714285714284,0.1707558420524684,0.2730060231725975,0.41614031990466765,0.5470395745986296,0.10059560344250644,0.1608331833006784,0.6559212245954407,0.12061794879710235,0.19284509465986308,0.1585589961915778,0.2535055929459833,0.04661737337223259,1.0,0.0,0.0
593,0.9362920544022906,0.866838184999706,2044,443,0.2142857142857143,0.6487099810679808,0.157447794909626,0.0,0,1,0,0,0,0,1,0,0,0.6607748320236201,0.6242461896731133,0.19415601444095748,0.4999931524685215,0.14621740437118885,0.7710640448018863,0.7138667405879932,0.4912621861583548,0.9362920544022906,0.866838184999706,0.2142857142857143,0.6487099810679808,0.157447794909626,0.8116137050677276,0.2006340116576337,0.6073820008854108,0.1474171193570442,0.18575103964279416,0.5623265825801621,0.13648176077166613,0.1390092816574245,0.03373881319491986,0.1021379560550188,0.0,1.0,0.0
594,0.8081603435934145,0.3234422067760591,65291,53,0.2857142857142857,0.0220517630140655,0.1960147318699187,0.0,1,0,1,0,0,0,0,0,1,0.5923099436534746,0.28023607476979046,0.2513144282809061,0.021812139240655545,0.17899497306956766,0.6285691561282113,0.2515661608258238,-0.1739629688558532,0.8081603435934145,0.3234422067760591,0.2857142857142857,0.0220517630140655,0.1960147318699187,0.26139316496075216,0.23090295531240412,0.017821360374287724,0.1584113330573645,0.09241205907887402,0.007132470892572026,0.06339943743662403,0.006300503718304429,0.05600420910569105,0.004322470414461039,1.0,0.0,1.0
595,0.1138153185397279,0.7952184573729872,24020,53,0.0,0.7842074754036492,0.294346690677953,0.0,0,0,0,1,0,1,0,0,0,0.107791345481375,0.585126717806859,0.0,0.5789743252677451,0.25800608189267255,0.1138153185397279,0.7952184573729872,0.4898607847256962,0.1138153185397279,0.7952184573729872,0.0,0.7842074754036492,0.294346690677953,0.09050804203457757,0.0,0.08925482361430216,0.033501162360625975,0.0,0.6236162588508548,0.23406992129376564,0.0,0.0,0.23082887518997636,0.0,0.0,0.0
596,0.8790264853256979,0.9525402972916388,52638,80,0.1428571428571429,0.7040376117918594,0.3638565623874208,1.0,1,0,0,1,1,0,1,0,0,0.6307538157687623,0.6691312413364673,0.13353139262452268,0.5330005008113315,0.3103163943516042,0.7691481746599858,0.833472760130184,0.3401810494044386,0.8790264853256979,0.9525402972916388,0.1428571428571429,0.7040376117918594,0.3638565623874208,0.8373081496593647,0.12557521218938547,0.6188677074304963,0.31983955519810503,0.136077185327377,0.6706241960407131,0.3465880381080275,0.10057680168455138,0.0519795089124887,0.2561687052180355,0.0,1.0,1.0
597,0.3249821045096636,0.1585558197961587,12091,80,0.0714285714285714,0.1785107690563894,0.7961221871181607,0.0,0,1,0,0,0,1,1,0,0,0.28139895331653575,0.1471742465488388,0.06899287148695142,0.1642515812872912,0.5856300004824445,0.303316630875686,0.14798543180974813,-0.6176114180617713,0.3249821045096636,0.1585558197961587,0.0714285714285714,0.1785107690563894,0.7961221871181607,0.051527803999610634,0.02321300746497596,0.05801280540558396,0.2587254638164961,0.011325415699725618,0.02830392133017858,0.12622980603643083,0.012750769218313524,0.056865870508440025,0.14211638388531764,0.0,1.0,0.0
598,0.4123120973514674,0.2939655824155108,56703,80,1.0,0.0268601647638568,0.931803629010842,0.0,0,0,0,1,0,1,0,0,0,0.3452281467656535,0.2577115979008002,0.6931471805599453,0.02650576273131259,0.6584540893257634,0.2061560486757337,0.1469827912077554,-0.9049434642469852,0.4123120973514674,0.2939655824155108,1.0,0.0268601647638568,0.931803629010842,0.1212055658348849,0.4123120973514674,0.011074770868991779,0.3841939085971689,0.2939655824155108,0.007895963978583746,0.27391819649905874,0.0268601647638568,0.931803629010842,0.025028399002790913,0.0,0.0,0.0
599,0.022906227630637,0.6166201230809911,51199,80,0.1428571428571429,0.4625186472643312,0.5885956032382156,1.0,0,0,0,0,0,0,1,0,0,0.022647818672905513,0.48033762602003693,0.13353139262452268,0.3801600503087999,0.4628503575171157,0.020042949176807375,0.5395426076958673,-0.1260769559738844,0.022906227630637,0.6166201230809911,0.1428571428571429,0.4625186472643312,0.5885956032382156,0.014124440900924585,0.0032723182329481436,0.010594557417651071,0.013482504870166665,0.08808858901157018,0.2851983052033854,0.3629398933136787,0.06607409246633304,0.08408508617688797,0.27223644219547244,0.0,1.0,0.0
600,0.3185397279885469,0.4203684612283827,2998,80,0.9285714285714284,0.0043210876672166,0.7927507899241336,0.0,0,1,0,1,1,0,0,0,0,0.27652485755829037,0.35091631769242215,0.6567795363890704,0.004311778575203507,0.5837511944019165,0.16516874784591323,0.2179688317480503,-0.788429702256917,0.3185397279885469,0.4203684612283827,0.9285714285714284,0.0043210876672166,0.7927507899241336,0.13390405529465305,0.2957868902750792,0.0013764380901298405,0.2525226209851392,0.3903421425692124,0.001816448973500784,0.3332474296979929,0.004012438548129699,0.7361257335009811,0.0034255456615173915,0.0,0.0,0.0
601,0.5683607730851825,0.611423787987203,18100,80,0.9285714285714284,0.6600831564811962,0.4341223911942864,0.0,0,0,0,1,0,0,0,1,0,0.4500309803385047,0.47711812856253594,0.6567795363890704,0.5068676953795569,0.36055308804323716,0.29470558604416874,0.3170345567341053,0.22596076528690978,0.5683607730851825,0.611423787987203,0.9285714285714284,0.6600831564811962,0.4341223911942864,0.3475092968230774,0.5277635750076693,0.3751653731181602,0.24673813787277266,0.5677506602738313,0.4035905439222826,0.265432756874073,0.612934359589682,0.403113648966123,0.28655687827868925,0.0,0.0,0.0
602,0.912670007158196,0.6718124131004038,64434,80,1.0,0.2770675407191403,0.0963008653650109,0.0,0,0,0,0,0,0,0,1,0,0.6485001753995744,0.5139083152466228,0.6931471805599453,0.24456646579988067,0.09194166304859841,0.456335003579098,0.3359062065502019,0.1807666753541294,0.912670007158196,0.6718124131004038,1.0,0.2770675407191403,0.0963008653650109,0.6131430398733105,0.912670007158196,0.25287123437144154,0.08789091148202496,0.6718124131004038,0.18613741312232004,0.06469611674452508,0.2770675407191403,0.0963008653650109,0.026681843935808604,0.0,0.0,0.0
603,0.2419470293486041,0.7536636426215576,59258,443,0.3571428571428571,0.428106698963866,0.9874623461177112,0.0,0,0,0,1,0,1,0,0,0,0.2166803331239977,0.5617071096663523,0.30538164955118186,0.3563495802884262,0.6868586220173053,0.1782767584673925,0.5553311050895687,-0.5593556471538452,0.2419470293486041,0.7536636426215576,0.3571428571428571,0.428106698963866,0.9874623461177112,0.18234667946033387,0.08640965333878717,0.1035791440585445,0.23891358123678333,0.26916558665055623,0.3226484541717978,0.7442144687267035,0.15289524962995213,0.35266512361346825,0.42273924534756785,0.0,0.0,0.0
604,0.4867573371510379,0.6709791892229209,16592,443,0.3571428571428571,0.3049569722339624,0.188758368878294,0.0,1,0,1,0,0,0,0,0,0,0.3965974646191505,0.513409795450079,0.30538164955118186,0.26617006876285787,0.17290937491854433,0.3586633010586595,0.4944057183747838,0.1161986033556684,0.4867573371510379,0.6709791892229209,0.3571428571428571,0.3049569722339624,0.188758368878294,0.32660404342991134,0.17384190612537065,0.14844004375024655,0.09187952100017174,0.2396354247224717,0.2046197819774209,0.12665293730899874,0.10891320436927227,0.06741370317081928,0.057563180656945934,0.0,0.0,1.0
605,0.066571224051539,0.9671732824189108,2899,80,0.9285714285714284,0.2390912052283722,0.5914711785304366,0.0,0,1,0,0,1,0,1,0,0,0.064449039682543,0.6765976303000187,0.6567795363890704,0.21437821190579373,0.4646588579501647,0.03451841247116837,0.5014972575505464,-0.3523799733020644,0.066571224051539,0.9671732824189108,0.9285714285714284,0.2390912052283722,0.5914711785304366,0.06438590928057171,0.06181613661928619,0.01591659419201046,0.03937496034597752,0.8980894765318456,0.2312426257582182,0.572055121195464,0.22201326199777416,0.5492232372068339,0.1414155569326878,0.0,1.0,0.0
606,0.4731567644953471,0.3394802722051435,19073,443,0.0,0.9369610399429292,0.2232829021875922,0.0,0,0,0,0,0,0,0,0,0,0.387407557137033,0.29228168216368294,0.0,0.6611202706154166,0.2015381481788059,0.4731567644953471,0.3394802722051435,0.7136781377553371,0.4731567644953471,0.3394802722051435,0.0,0.9369610399429292,0.2232829021875922,0.1606273872065854,0.0,0.44332945411759206,0.10564781556621218,0.0,0.3180797888854399,0.07580014041339822,0.0,0.0,0.20920738023516172,0.0,0.0,0.0
607,0.5833929849677881,0.9628173379095496,38113,80,1.0,0.2583673201724368,0.8554601995990783,0.0,1,0,0,0,0,0,0,1,0,0.4595700033852636,0.6743808584478843,0.6931471805599453,0.22981510307668987,0.6181327513283852,0.29169649248389407,0.4814086689547748,-0.5970928794266415,0.5833929849677881,0.9628173379095496,1.0,0.2583673201724368,0.8554601995990783,0.5617008807417917,0.5833929849677881,0.1507296821335261,0.4990694793652461,0.9628173379095496,0.24876053541124987,0.8236519120655564,0.2583673201724368,0.8554601995990783,0.22102295928459173,0.0,0.0,1.0
608,0.9778095919828202,0.9003256332572434,19524,80,0.9285714285714284,0.3239150287127064,0.633098439283406,0.0,1,0,1,0,0,1,0,1,0,0.6819899656664546,0.6420252574123699,0.6567795363890704,0.28059327774590287,0.4904790934228067,0.5070123810281291,0.4668355135407929,-0.30918341057069965,0.9778095919828202,0.9003256332572434,0.9285714285714284,0.3239150287127064,0.633098439283406,0.8803470401069394,0.9079660496983329,0.31672722206267495,0.6190497266006676,0.8360166594531544,0.2916290033473055,0.569994753262005,0.300778240947513,0.587877122191734,0.20507009913845406,0.0,0.0,1.0
609,0.7401574803149606,0.3849698032223961,17963,80,0.6428571428571429,0.8739291308393842,0.7098030290556462,0.0,0,0,1,0,0,1,0,0,1,0.5539756150591616,0.32567833667410706,0.4964368863138911,0.6280373660463899,0.5363781761932007,0.4505306401917152,0.23432944543971937,0.164126101783738,0.7401574803149606,0.3849698032223961,0.6428571428571429,0.8739291308393842,0.7098030290556462,0.28493827955043494,0.4758155230596176,0.6468451834559221,0.5253660215057538,0.24748058778582607,0.3364363255295574,0.2732527324222128,0.5618115841110327,0.4563019472500583,0.620317544249763,1.0,0.0,0.0
610,0.4996420901932713,0.100114400216519,13606,443,0.3571428571428571,0.1106285714542343,0.2714361051259132,0.0,1,0,0,0,1,0,0,0,1,0.4052264730992763,0.09541417459351477,0.30538164955118186,0.1049261356372948,0.2401470530451576,0.36815732961609465,0.07376850542269821,-0.1608075336716789,0.4996420901932713,0.100114400216519,0.3571428571428571,0.1106285714542343,0.2714361051259132,0.05002136818262725,0.17844360364045403,0.055274690676489296,0.1356209029190318,0.03575514293447107,0.011075513077950983,0.0271746628617888,0.03951020409079796,0.09694146611639756,0.03002858855118114,1.0,0.0,1.0
611,0.4931997136721546,0.2583111479111339,45142,443,0.4285714285714286,0.0282989133422564,0.8325445199632836,0.0,0,1,0,0,0,1,0,0,0,0.4009212763037559,0.22977046307835508,0.3566749439387324,0.027905896500778207,0.6057054491429226,0.3452397995705082,0.18081780353779373,-0.8042456066210272,0.4931997136721546,0.2583111479111339,0.4285714285714286,0.0282989133422564,0.8325445199632836,0.1273989841880968,0.21137130585949485,0.013957015957633972,0.4106107188652129,0.11070477767620025,0.007309924790075953,0.21505553063883973,0.012128105718109886,0.3568047942699787,0.023560105224011415,0.0,0.0,0.0
612,0.0615604867573371,0.7446665181445252,44106,80,0.3571428571428571,0.5193291721067563,0.8407449372943355,0.0,0,0,1,0,1,0,0,0,0,0.05973998288097023,0.5565634303106043,0.30538164955118186,0.4182689033013182,0.6101703469135035,0.04536035866330102,0.5487016449485975,-0.3214157651875792,0.0615604867573371,0.7446665181445252,0.3571428571428571,0.5193291721067563,0.8407449372943355,0.045842033328868374,0.02198588812762039,0.03197015662217681,0.051756667578606155,0.265952327908759,0.3867270463636171,0.62607460510261,0.18547470432384153,0.3002660490336912,0.436623372238014,0.0,0.0,0.0
613,0.8468146027201146,0.6858217280161175,58551,53,0.5,0.6556162985404237,0.362978791285213,0.0,0,1,0,0,1,0,0,1,0,0.6134623186587014,0.5222531173439059,0.4054651081081644,0.5041733253356626,0.3096725922743399,0.5645430684800764,0.4572144853440783,0.2926375072552107,0.8468146027201146,0.6858217280161175,0.5,0.6556162985404237,0.362978791285213,0.580763854146791,0.4234073013600573,0.5551854553853409,0.307375740938015,0.34291086400805876,0.4496359027805242,0.24893874187242643,0.32780814927021185,0.1814893956426065,0.23797481159108833,0.0,0.0,0.0
614,0.6277738010021474,0.9669659597518776,5314,53,0.1428571428571429,0.2307393724217439,0.2447098262780789,0.0,0,1,1,0,1,0,0,0,1,0.4872133150535195,0.676492233589601,0.13353139262452268,0.2076151045766351,0.21890243148875593,0.5493020758768791,0.846095214782893,-0.013970453856335024,0.6277738010021474,0.9669659597518776,0.1428571428571429,0.2307393724217439,0.2447098262780789,0.6070358959931257,0.08968197157173538,0.14485213286604823,0.15362241778516478,0.13813799425026826,0.2231171187063375,0.2366260720276978,0.032962767488820564,0.03495854661115414,0.0564641917408379,1.0,0.0,0.0
615,0.7129563350035791,0.5195440905708103,51359,80,0.7857142857142857,0.2699032722378582,0.7353716439406958,0.0,1,0,0,1,0,1,0,0,1,0.5382207286514115,0.4184103494531218,0.5798184952529422,0.23894073397766857,0.5512215944608223,0.3992555476020043,0.2909446907196538,-0.46546837170283756,0.7129563350035791,0.5195440905708103,0.7857142857142857,0.2699032722378582,0.7353716439406958,0.3704122506861325,0.5601799775028121,0.19242924778017664,0.5242878721295154,0.4082132140199224,0.14022665011690388,0.3820579919827305,0.21206685675831716,0.5777920059534039,0.19847921301052693,1.0,0.0,1.0
616,0.3435934144595561,0.9255072709567546,51754,443,0.8571428571428571,0.0426345517077333,0.6978942123440687,0.0,1,0,0,1,0,0,0,1,0,0.295347677329547,0.6551894504052735,0.6190392084062234,0.04175073274878494,0.5293887846197657,0.18501183855514558,0.49835006897671397,-0.6552596606363353,0.3435934144595561,0.9255072709567546,0.8571428571428571,0.0426345517077333,0.6978942123440687,0.31799820333517687,0.2945086409653338,0.014648951195212584,0.23979185535086103,0.793291946534361,0.039458587599488885,0.6459061678830728,0.0365439014637714,0.5981950391520588,0.029754406882711002,0.0,0.0,1.0
617,0.0178954903364352,0.3613289700460448,5285,80,0.7142857142857143,0.8322649670095625,0.4030322995369457,0.0,0,1,0,1,1,0,0,0,0,0.01773725110622435,0.308461406472007,0.538996500732687,0.6055528884407867,0.3386358226207909,0.0104390360295872,0.21077523252685945,0.42923266747261685,0.0178954903364352,0.3613289700460448,0.7142857142857143,0.8322649670095625,0.4030322995369457,0.006466159091733079,0.012782493097453714,0.014893789674473187,0.007212460621634669,0.2580921214614606,0.3007214433349707,0.1456272456869736,0.5944749764354018,0.2878802139549612,0.33542966347790426,0.0,0.0,0.0
618,0.6313528990694345,0.144602036317205,51208,53,0.6428571428571429,0.4960579422745486,0.5243925363101354,0.0,0,1,1,0,0,1,1,0,0,0.48940966998872243,0.13505701005576337,0.4964368863138911,0.40283361026918585,0.4215959938563661,0.3843017646509601,0.08801863080177696,-0.028334594035586802,0.6313528990694345,0.144602036317205,0.6428571428571429,0.4960579422745486,0.5243925363101354,0.09129491484021103,0.4058697208303508,0.31318761996145444,0.33107674804977766,0.09295845191820322,0.07173098858422225,0.07582822857998944,0.3188943914622098,0.3371094876279442,0.26012908250613725,0.0,1.0,0.0
619,0.183965640658554,0.1700014943243888,22140,53,0.0,0.6852580615945616,0.9070895532393478,0.0,0,0,0,1,0,0,0,1,0,0.1688695163266748,0.15700502600918143,0.0,0.5219187043593506,0.6455782857880206,0.183965640658554,0.1700014943243888,-0.22183149164478622,0.183965640658554,0.1700014943243888,0.0,0.6852580615945616,0.9070895532393478,0.031274433816297714,0.0,0.1260639383176824,0.16687331079635814,0.0,0.11649489446890954,0.15420657953673136,0.0,0.0,0.6215904289454723,0.0,0.0,0.0
620,0.0436649964209019,0.7429237131821488,48645,80,0.0,0.4593333228500906,0.9487609461174,0.0,0,1,0,0,0,0,0,0,1,0.04273855331164161,0.5555639980425637,0.0,0.37797970324897806,0.6671937583682498,0.0436649964209019,0.7429237131821488,-0.48942762326730943,0.0436649964209019,0.7429237131821488,0.0,0.4593333228500906,0.9487609461174,0.03243976127710168,0.0,0.020056787898250182,0.04142764331650777,0.0,0.34124961780008406,0.7048570050117474,0.0,0.0,0.4357975179705011,1.0,0.0,0.0
621,0.6241947029348605,0.0639327313144957,9470,53,0.5,0.1525622874264511,0.5994198893819161,0.0,1,0,1,0,1,0,0,0,0,0.4850121255228799,0.06197216647204715,0.4054651081081644,0.14198753991759017,0.46964099436535217,0.4161298019565736,0.042621820876330464,-0.4468576019554651,0.6241947029348605,0.0639327313144957,0.5,0.1525622874264511,0.5994198893819161,0.039906472230665894,0.31209735146743023,0.09522857167921643,0.3741547197859921,0.03196636565724785,0.009753723730760163,0.03832255073241878,0.07628114371322554,0.2997099446909581,0.0914488694530154,0.0,0.0,1.0
622,0.1753758052970651,0.724838999496444,27879,80,0.6428571428571429,0.3573582612459356,0.1422439352443432,0.0,0,1,0,0,1,0,0,0,0,0.16158793075541167,0.5451337125022194,0.4964368863138911,0.30554035576947836,0.13299469196528654,0.10675049018082224,0.44120634751957466,0.21511432600159242,0.1753758052970651,0.724838999496444,0.6428571428571429,0.3573582612459356,0.1422439352443432,0.12711922324740782,0.11274158911954185,0.06267199284556492,0.02494614469210027,0.46596792824771405,0.25902720454329287,0.1031039517069467,0.22973031080095863,0.09144252979993492,0.05083204537169794,0.0,0.0,0.0
623,0.8246241947029348,0.0513912849089899,17493,443,0.0714285714285714,0.8632238249330726,0.7711382550679028,0.0,0,1,0,1,1,0,0,1,0,0.6013740451191536,0.05011432033422627,0.06899287148695142,0.6223082266107228,0.5716224218564088,0.7696492483894058,0.04796519924839057,0.0920855698651698,0.8246241947029348,0.0513912849089899,0.0714285714285714,0.8632238249330726,0.7711382550679028,0.04237849693282488,0.058901728193066744,0.7118352514838222,0.6358992625899956,0.0036708060649278482,0.04436218152736355,0.03962978577041592,0.06165884463807659,0.0550813039334216,0.6656649140919304,0.0,0.0,0.0
624,0.9262705798138868,0.3402896873804558,52112,53,0.7857142857142857,0.0937453186533803,0.0222108748269236,0.0,1,0,0,0,0,1,0,0,0,0.655585791469944,0.29288577521057446,0.5798184952529422,0.08960787859218952,0.021967805944369746,0.5187115246957766,0.19056222493305525,0.0715344438264567,0.9262705798138868,0.3402896873804558,0.7857142857142857,0.0937453186533803,0.0222108748269236,0.3152003260345811,0.7277840269966254,0.08683353066390416,0.020573279904108187,0.2673704686560724,0.031900565177939995,0.007558131651300267,0.0736570360847988,0.017451401649725685,0.002082165538220296,0.0,0.0,1.0
625,0.5368647100930566,0.2201290312160818,47274,53,0.2857142857142857,0.2294880376490349,0.8496890324952192,0.0,0,1,0,1,0,1,0,0,1,0.4297444386218192,0.1989566164444929,0.2513144282809061,0.20659785318313095,0.6150175344183101,0.4175614411834885,0.1712114687236192,-0.6202009948461843,0.5368647100930566,0.2201290312160818,0.2857142857142857,0.2294880376490349,0.8496890324952192,0.11817950852688716,0.15338991716944472,0.12320402880227357,0.4561680560997956,0.06289400891888051,0.05051697940336176,0.18704122355810246,0.0655680107568671,0.24276829499863406,0.1949934686792349,1.0,0.0,0.0
626,0.2605583392984968,0.7176382153075034,56066,53,0.9285714285714284,0.0330461211197885,0.0581863633431888,0.0,0,0,0,0,1,0,1,0,0,0.23155474923924435,0.5409502165824218,0.6567795363890704,0.03251183688504958,0.05655646475128743,0.13510432408070205,0.3721087042335203,-0.0251402422234003,0.2605583392984968,0.7176382153075034,0.9285714285714284,0.0330461211197885,0.0581863633431888,0.18698662159766016,0.24194702934860413,0.008610442439229074,0.015160942202520206,0.6663783427855388,0.023715159383240616,0.04175675794483995,0.03068568389694646,0.05403019453296102,0.001922833610559039,0.0,1.0,0.0
627,0.525411596277738,0.9497198213445056,49786,53,0.7142857142857143,0.4226319172927013,0.7431749738693121,1.0,1,0,0,1,0,0,0,0,1,0.4222642728416553,0.6676856808907077,0.538996500732687,0.35250861895249513,0.5557081481141217,0.3064900978286805,0.5540032291176282,-0.3205430565766108,0.525411596277738,0.9497198213445056,0.7142857142857143,0.4226319172927013,0.7431749738693121,0.4989938073492249,0.37529399734124147,0.22205571030267912,0.3904727493343415,0.6783713009603611,0.40138190898571013,0.7058080034108707,0.30187994092335807,0.5308392670495087,0.31408946409034055,1.0,0.0,1.0
628,0.1166785969935576,0.8685467094063071,31495,443,1.0,0.4606531621558334,0.6057461056751995,1.0,0,1,0,1,0,0,0,0,0,0.11035874098662089,0.6251609679752388,0.6931471805599453,0.37888370701913504,0.4735885119155202,0.0583392984967788,0.43427335470315354,-0.14509294351936608,0.1166785969935576,0.8685467094063071,1.0,0.4606531621558334,0.6057461056751995,0.10134081147689909,0.1166785969935576,0.05374836466098843,0.07067760574449355,0.8685467094063071,0.4000987881680591,0.5261187868198797,0.4606531621558334,0.6057461056751995,0.27903885904286224,0.0,0.0,0.0
629,0.4989262705798138,0.9755695242131454,25001,80,0.6428571428571429,0.3639138358902496,0.2280879134652665,0.0,0,0,1,0,1,0,0,0,0,0.40474903217352026,0.6808567234736027,0.4964368863138911,0.3103583872575125,0.20545841793221487,0.303694251657278,0.5938249277819145,0.13582592242498312,0.4989262705798138,0.9755695242131454,0.6428571428571429,0.3639138358902496,0.2280879134652665,0.486737264406988,0.3207383168013089,0.18156617295311664,0.11379905202955672,0.6271518369941649,0.3550232477340315,0.2225156172180791,0.23394460878658904,0.14662794437052848,0.08300434750934844,0.0,0.0,0.0
630,0.3750894774516822,0.2604390631739374,39847,80,0.6428571428571429,0.8340509004934527,0.0715652533960242,0.0,1,0,0,0,0,1,0,1,0,0.31851880351159484,0.2314601231007712,0.4964368863138911,0.606527127262367,0.06912043318690109,0.22831533410102395,0.15852812541022276,0.7624856470974285,0.3750894774516822,0.2604390631739374,0.6428571428571429,0.8340509004934527,0.0715652533960242,0.09768795211391783,0.24112894979036714,0.3128437164341941,0.02684337350001194,0.16742511204038835,0.2172194351638937,0.01863838755026598,0.5361755788886482,0.046006234326015555,0.0596890640389961,0.0,0.0,1.0
631,0.3120973514674302,0.6870113347423109,24140,53,0.2142857142857143,0.7555905434845336,0.5444455769004688,1.0,0,0,1,0,1,0,0,0,0,0.2716268885827432,0.52295852241637,0.19415601444095748,0.5628052923310675,0.4346649960450657,0.2570213482672954,0.5657740403760206,0.21114496658406479,0.3120973514674302,0.6870113347423109,0.2142857142857143,0.7555905434845336,0.5444455769004688,0.21441441800117933,0.0668780038858779,0.23581780741535907,0.1699200225687934,0.14721671458763808,0.5190992677979775,0.37404028248093857,0.16191225931811434,0.11666690933581475,0.4113779293479756,0.0,0.0,0.0
632,0.0157480314960629,0.0276277117047485,50172,80,0.8571428571428571,0.2193809537708357,0.0283909335698187,0.0,1,0,0,0,0,1,0,0,1,0.015625317903080752,0.027252953294364952,0.6190392084062234,0.19834331502470098,0.02799538031649487,0.008479709267110794,0.014876460148710729,0.190990020201017,0.0157480314960629,0.0276277117047485,0.8571428571428571,0.2193809537708357,0.0283909335698187,0.00043508207409052505,0.013498312710911058,0.0034548181696194397,0.00044710131606013443,0.023680895746927284,0.006060993744293406,0.0007843765276956172,0.18804081751785914,0.024335085916987454,0.006228430084991263,1.0,0.0,1.0
633,0.3357193987115247,0.8492853825661668,24357,443,0.3571428571428571,0.2385976878970748,0.5932020604224748,0.0,0,1,0,1,0,1,0,0,1,0.28947002215032736,0.6147992847710505,0.30538164955118186,0.2139798428133759,0.4657458655849193,0.24737218852428133,0.6257892292592808,-0.3546043725254,0.3357193987115247,0.8492853825661668,0.3571428571428571,0.2385976878970748,0.5932020604224748,0.28512157796960075,0.11989978525411595,0.08010187231476598,0.19914943903947077,0.3033162080593452,0.20263752864507004,0.5037978388249399,0.08521345996324099,0.2118578787223124,0.14153664007258335,1.0,0.0,0.0
634,0.1832498210450966,0.5604829080391286,13318,53,0.6428571428571429,0.5804361027903289,0.2776709946217717,0.0,1,0,1,0,0,0,0,0,0,0.16826473856406235,0.4449953297940767,0.4964368863138911,0.45770082337816087,0.24503888511442637,0.11154336933179794,0.3411635092412087,0.3027651081685572,0.1832498210450966,0.5604829080391286,0.6428571428571429,0.5804361027903289,0.2776709946217717,0.10270839259700565,0.11780345638613354,0.10636481196444106,0.05088316007385364,0.36031044088229697,0.3253245148228221,0.15562984654372783,0.3731374946509257,0.17850278225685323,0.16117026997617553,0.0,0.0,1.0
635,0.6964924838940587,0.4753987980199224,47661,53,0.6428571428571429,0.2803337590965462,0.7716499537358232,0.0,1,0,0,1,0,1,0,0,1,0.5285628748722151,0.38892832478691586,0.4964368863138911,0.2471207932365136,0.5719112896302188,0.4239519467181227,0.28937318140343105,-0.49131619463927706,0.6964924838940587,0.4753987980199224,0.6428571428571429,0.2803337590965462,0.7716499537358232,0.3311116896731457,0.4477451682176092,0.19525035619251213,0.537448392974199,0.30561351301280726,0.13327033211890454,0.3668414604981391,0.18021455941920828,0.49606068454445784,0.21631953223743927,1.0,0.0,1.0
636,0.835361488904796,0.6795202110803104,23124,80,0.6428571428571429,0.0832534562926525,0.9572555328867726,0.0,0,1,0,1,0,0,0,1,0,0.6072414587835988,0.5185081639842928,0.4964368863138911,0.07996897230221459,0.671543253669574,0.5084809062898759,0.4136209980488846,-0.8740020765941201,0.835361488904796,0.6795202110803104,0.6428571428571429,0.0832534562926525,0.9572555328867726,0.5676450152689493,0.5370181000102261,0.06954673120510055,0.7996544072146482,0.436834421408771,0.05657240619314862,0.6504744817650147,0.053520079045276614,0.6153785568557824,0.0796948316680887,0.0,0.0,0.0
637,0.1188260558339298,0.0960958711777949,13071,443,0.7857142857142857,0.3145631221232801,0.7154602314774791,0.0,0,0,1,0,0,0,0,1,0,0.11227997116451474,0.0917546584025902,0.5798184952529422,0.2735043839080502,0.5396814011633607,0.0665425912670007,0.05381368785956515,-0.400897109354199,0.1188260558339298,0.0960958711777949,0.7857142857142857,0.3145631221232801,0.7154602314774791,0.011418693353982783,0.09336332958380199,0.037378295112716155,0.08501531741249926,0.07550389878255313,0.03022821726084369,0.06875277423689514,0.24715673881114864,0.562147324732305,0.22505740416860048,0.0,0.0,0.0
638,0.1102362204724409,0.9882843495704924,31478,443,0.1428571428571429,0.1411922726227281,0.2651506321632529,0.0,0,1,0,0,0,0,1,0,0,0.10457280391957696,0.6872721309892856,0.13353139262452268,0.13207356906082326,0.23519119189929868,0.0964566929133858,0.8647488058741809,-0.12395835954052481,0.1102362204724409,0.9882843495704924,0.1428571428571429,0.1411922726227281,0.2651506321632529,0.10894473144871565,0.015748031496062992,0.015564502493844036,0.029229203545555426,0.14118347851007038,0.1395381133133325,0.2620442200456653,0.020170324660389736,0.03787866173760757,0.0374372203424827,0.0,1.0,0.0
639,0.7680744452397995,0.5369660224052011,19542,80,0.8571428571428571,0.363467655438435,0.8644418969665534,0.0,1,0,0,0,0,0,0,1,0,0.5698910703650609,0.4298103578743728,0.6190392084062234,0.31003120130482237,0.6229617573550051,0.4135785474368151,0.28913555052587747,-0.5009742415281184,0.7680744452397995,0.5369660224052011,0.8571428571428571,0.363467655438435,0.8644418969665534,0.4124298797714966,0.6583495244912567,0.27917021781348655,0.6639557304546254,0.4602565906330295,0.1951697812137206,0.4641759270145368,0.3115437046615157,0.7409501973999029,0.31419666955318637,0.0,0.0,1.0
640,0.0930565497494631,0.4160996342993113,64129,443,0.7142857142857143,0.8282798706664289,0.6609332421264538,0.0,0,0,1,0,0,0,0,0,0,0.0889779459616706,0.3479063560018821,0.538996500732687,0.6033755634281398,0.5073796384486609,0.05428298735385347,0.24272478667459824,0.16734662853997517,0.0930565497494631,0.4160996342993113,0.7142857142857143,0.8282798706664289,0.6609332421264538,0.03872079631990727,0.06646896410675936,0.0770768669911494,0.061504167127014286,0.29721402449950807,0.34464695128178197,0.2750140803450756,0.5916284790474493,0.472095172947467,0.5474377003076427,0.0,0.0,0.0
641,0.9871152469577666,0.6736496730164598,9847,443,0.2857142857142857,0.3300827549530494,0.9736026552694488,0.0,0,1,0,1,0,0,0,0,0,0.6866839623697333,0.515006674787677,0.2513144282809061,0.2852411620671785,0.679860631626029,0.7677563031893742,0.5239497456794688,-0.6435199003163994,0.9871152469577666,0.6736496730164598,0.2857142857142857,0.3300827549530494,0.9736026552694488,0.6649698633426615,0.28203292770221905,0.3258297201719793,0.9610580254950393,0.19247133514755993,0.22236013994249396,0.6558671103702213,0.0943093585580141,0.2781721872198425,0.3213694466809437,0.0,0.0,0.0
642,0.1453113815318539,0.7455356074402372,18476,443,0.0714285714285714,0.1127689971353236,0.2803660612810636,0.0,0,1,0,1,0,1,0,1,0,0.13567654897091075,0.557061446919616,0.06899287148695142,0.1068515010083345,0.24714602242133415,0.135623956096397,0.695833233610888,-0.16759706414574002,0.1453113815318539,0.7455356074402372,0.0714285714285714,0.1127689971353236,0.2803660612810636,0.10833480909833076,0.010379384395132418,0.016386618767695548,0.04074037969939577,0.05325254338858835,0.08407330277970984,0.2090228818028045,0.008054928366808824,0.020026147234361677,0.031616599561446225,0.0,0.0,0.0
643,0.7201145311381532,0.1086919196132599,1286,443,0.8571428571428571,0.2373125868116634,0.1060164798891887,0.0,0,0,1,0,0,0,1,0,0,0.5423908764795071,0.10318086960622948,0.6190392084062234,0.2129417589910802,0.100764803431437,0.3877539783051594,0.05852641825329379,0.13129610692247468,0.7201145311381532,0.1086919196132599,0.8571428571428571,0.2373125868116634,0.1060164798891887,0.07827063073080849,0.6172410266898455,0.17089224218506324,0.07634400770832057,0.09316450252565134,0.02579396060894808,0.011523134709796483,0.20341078869571147,0.09087126847644746,0.02515904508717006,0.0,1.0,0.0
644,0.4244810307802433,0.8491897135427983,58280,80,0.1428571428571429,0.1207541054360996,0.1334959000275815,0.0,0,0,1,0,0,1,1,0,0,0.3538075584615762,0.6147475504638543,0.13353139262452268,0.11400176716166993,0.12530657386810784,0.3714209019327129,0.7430409993499485,-0.012741794591481892,0.4244810307802433,0.8491897135427983,0.1428571428571429,0.1207541054360996,0.1334959000275815,0.36046492493262655,0.060640147254320494,0.05125782714646174,0.056666477248644105,0.12131281622039979,0.10254314420439828,0.11336334510355996,0.017250586490871377,0.019070842861083077,0.01612017798721759,0.0,1.0,0.0
645,0.9277022190408016,0.7499202649665829,25911,80,0.5714285714285714,0.1320855372259544,0.4268433166164426,0.0,1,0,0,0,1,0,0,0,1,0.6563287335546371,0.5595702240211651,0.4519851237430572,0.12406153984671194,0.3554645333187792,0.5903559575714192,0.4772219867969164,-0.2947577793904882,0.9277022190408016,0.7499202649665829,0.5714285714285714,0.1320855372259544,0.4268433166164426,0.6957026939131649,0.5301155537376009,0.12253604598771431,0.39598349200780925,0.42852586569519024,0.09905362107474118,0.3200984530962177,0.0754774498434025,0.24391046663796717,0.056379828786590966,1.0,0.0,1.0
646,0.8740157480314961,0.9394591285965184,42096,80,0.6428571428571429,0.2585749680929581,0.7281049736607053,1.0,1,0,0,1,1,0,0,1,0,0.6280835872128834,0.662409134510861,0.4964368863138911,0.22998010322147708,0.547025417182981,0.5320095857583019,0.5718446869717938,-0.46953000556774716,0.8740157480314961,0.9394591285965184,0.6428571428571429,0.2585749680929581,0.7281049736607053,0.8211020730253035,0.5618672665916761,0.225998594159987,0.6363752131995141,0.603938011240619,0.24292061420148295,0.6840248640820771,0.16622676520261592,0.46806748306759627,0.18826972033264097,0.0,0.0,1.0
647,0.0672870436649964,0.3164941260655639,47182,443,0.2857142857142857,0.9389535352011108,0.2979801026728838,0.0,1,0,0,0,0,0,0,1,0,0.06511995550777658,0.27497223816346344,0.2513144282809061,0.6621484126939224,0.2608092889447464,0.0523343672949972,0.24616209805099415,0.640973432528227,0.0672870436649964,0.3164941260655639,0.2857142857142857,0.9389535352011108,0.2979801026728838,0.02129595408028847,0.0192248696185704,0.06317940752247987,0.02005020017985044,0.09042689316158967,0.2971732785396472,0.09430895218038135,0.2682724386288888,0.0851371721922525,0.2797894708242942,0.0,0.0,1.0
648,0.6435218324982105,0.589194726423663,28995,443,0.3571428571428571,0.6229539160689983,0.3613090356597008,0.0,0,1,1,0,0,1,0,0,0,0.49684139818249523,0.4632274265684963,0.30538164955118186,0.4842478938403566,0.3084467630369983,0.47417398184078663,0.4341434826279622,0.2616448804092975,0.6435218324982105,0.589194726423663,0.3571428571428571,0.6229539160689983,0.3613090356597008,0.3791596700464374,0.229829225892218,0.4008844456306582,0.23251025272589193,0.21042668800845105,0.36704116215282295,0.21288137841991492,0.22248354145321364,0.12903894130703597,0.22507887867532397,0.0,0.0,0.0
649,0.2569792412312097,0.8679011298941774,33873,53,0.3571428571428571,0.3310028096144668,0.4850488123851466,0.0,0,0,0,1,1,0,0,1,0,0.2287114149381001,0.624815410083723,0.30538164955118186,0.2859326503156804,0.3954476420074747,0.18935312511773345,0.6395060957114992,-0.15404600277067976,0.2569792412312097,0.8679011298941774,0.3571428571428571,0.3310028096144668,0.4850488123851466,0.22303257382391528,0.09177830043971773,0.08506085086012424,0.12464747576683435,0.3099646892479205,0.2872777124625431,0.4209744123228976,0.11821528914802384,0.1732317187089809,0.1605525196996439,0.0,0.0,0.0
650,0.7401574803149606,0.7227670337631933,22455,80,0.4285714285714286,0.2284256576902006,0.6230663105375978,0.0,1,0,1,0,0,1,0,0,1,0.5539756150591616,0.5439317387484224,0.3566749439387324,0.20573339644731697,0.4843171444677699,0.5181102362204725,0.5059369236342353,-0.39464065284739713,0.7401574803149606,0.7227670337631933,0.4285714285714286,0.2284256576902006,0.6230663105375978,0.5349614265648832,0.31721034870641174,0.16907095923526658,0.46116719047664717,0.3097573001842257,0.16509853504415284,0.4503317891050362,0.0978967104386574,0.26702841880182765,0.14232433176915754,1.0,0.0,1.0
651,0.1467430207587687,0.5078282752315294,52725,53,0.2142857142857143,0.5959851889873269,0.6407663518773145,1.0,1,0,1,0,0,1,1,0,0,0.13692576837134263,0.4106703872602576,0.19415601444095748,0.46749121890142825,0.4951634204212656,0.12084719356604479,0.4182115207789065,-0.04478116288998757,0.1467430207587687,0.5078282752315294,0.2142857142857143,0.5959851889873269,0.6407663518773145,0.07452025513419001,0.03144493301973615,0.08745666695948599,0.09402799007505323,0.1088203446924706,0.30265813058697133,0.32539927130025587,0.12771111192585577,0.13730707540228168,0.38188725532032125,0.0,1.0,1.0
652,0.1789549033643521,0.7676124367841232,39258,53,0.3571428571428571,0.5426257963521754,0.5143872612279157,0.0,1,0,0,1,0,1,1,0,0,0.16462837092067845,0.5696297302217045,0.30538164955118186,0.43348602702293887,0.4150109091157875,0.1318615077421542,0.565609163946196,0.028238535124259778,0.1789549033643521,0.7676124367841232,0.3571428571428571,0.5426257963521754,0.5143872612279157,0.1373680094459776,0.0639124654872686,0.09710554694920816,0.09205212262489539,0.27414729885147254,0.41652630979981875,0.39485005904187165,0.19379492726863407,0.183709736152827,0.27911979725721225,0.0,1.0,1.0
653,0.2219040801717967,0.1566490023567506,20902,53,0.0714285714285714,0.1514892526450637,0.6297939664302942,0.0,0,0,0,1,1,0,1,0,0,0.2004103635374788,0.14552703343636436,0.06899287148695142,0.14105610688295275,0.4884536058663863,0.20711047482701025,0.14620573553296723,-0.4783047137852305,0.2219040801717967,0.1566490023567506,0.0714285714285714,0.1514892526450637,0.6297939664302942,0.034761052777804356,0.015850291440842615,0.033616083264115776,0.13975385081846184,0.01118921445405361,0.02373064029461897,0.09865659653160647,0.01082066090321883,0.04498528331644956,0.09540701729489559,0.0,1.0,0.0
654,0.9448818897637794,0.7071620867962548,37011,443,0.4285714285714286,0.3942933527532837,0.3304310314275554,0.0,0,0,1,0,0,1,0,0,1,0.6652012501693858,0.5348323934908811,0.3566749439387324,0.33238772976379877,0.28550297350997444,0.6614173228346456,0.49501346075737834,0.06386232132572828,0.9448818897637794,0.7071620867962548,0.4285714285714286,0.3942933527532837,0.3304310314275554,0.668184648941343,0.40494938132733405,0.3725606482708192,0.31221829741186335,0.3030694657698235,0.2788293101429039,0.23366829772654896,0.16898286546569302,0.14161329918323806,0.13028675923529648,1.0,0.0,0.0
655,0.2956335003579098,0.7743788995563449,57689,80,0.0714285714285714,0.5384326255849317,0.0089014710261379,0.0,0,0,0,0,1,0,1,0,0,0.2589997650029096,0.5734504459496761,0.06899287148695142,0.4307641225460622,0.008862086480630978,0.27592460033404914,0.7227536395859219,0.5295311545587937,0.2956335003579098,0.7743788995563449,0.0714285714285714,0.5384326255849317,0.0089014710261379,0.22893234467914847,0.021116678596993548,0.1591787218085732,0.0026315730377916625,0.05531277853973889,0.4169508640856928,0.006893111337653355,0.03845947325606653,0.0006358193590098498,0.004792842416171625,0.0,1.0,0.0
656,0.651395848246242,0.6497947991022186,52011,53,0.5714285714285714,0.1051354595112261,0.3790818745456983,0.0,0,0,0,0,0,1,0,1,0,0.5016208989167918,0.5006509159981497,0.4519851237430572,0.09996791524941145,0.32141796945311557,0.414524630702154,0.4135057812468664,-0.2739464150344722,0.651395848246242,0.6497947991022186,0.5714285714285714,0.1051354595112261,0.3790818745456983,0.42327363434718607,0.37222619899785253,0.06848480182907356,0.24693235922447063,0.3713113137726963,0.06831647479161661,0.24632543051371447,0.06007740543498634,0.2166182140261133,0.039854947072738955,0.0,0.0,0.0
657,0.8203292770221904,0.5978295298604898,40363,443,0.2142857142857143,0.0891339989316906,0.6513481167534321,0.0,0,1,0,1,0,0,0,1,0,0.5990174061651578,0.46864616446999396,0.19415601444095748,0.08538288406858052,0.501591994773256,0.6755652869594508,0.49233020106157976,-0.5622141178217415,0.8203292770221904,0.5978295298604898,0.2142857142857143,0.0891339989316906,0.6513481167534321,0.4904170660129715,0.17578484507618367,0.07311922890173045,0.5343199297061082,0.12810632782724782,0.05328693667591799,0.3893951384142197,0.019100142628219418,0.13957459644716402,0.0580572623428591,0.0,0.0,0.0
658,0.1224051539012169,0.4092022491954152,23068,80,1.0,0.3382822712185298,0.3683079007253215,0.0,0,0,0,0,1,0,0,0,1,0.11547384165339135,0.3430237635633022,0.6931471805599453,0.2913869044923131,0.3135748675047103,0.06120257695060845,0.2046011245977076,-0.030025629506791718,0.1224051539012169,0.4092022491954152,1.0,0.3382822712185298,0.3683079007253215,0.050088464289488904,0.1224051539012169,0.04140749347055733,0.045082785271317094,0.4092022491954152,0.13842586624555586,0.15071242137324325,0.3382822712185298,0.3683079007253215,0.12459203316509054,1.0,0.0,0.0
659,0.2848962061560487,0.5683719134499385,6061,80,0.5714285714285714,0.2975415836362796,0.0,0.0,0,1,1,0,1,0,0,0,1,0.25067794166541746,0.4500380835034023,0.4519851237430572,0.26047138458964914,0.0,0.18129758573566737,0.36169121764996087,0.2975415836362796,0.2848962061560487,0.5683719134499385,0.5714285714285714,0.2975415836362796,0.0,0.16192700182754158,0.16279783208917067,0.08476846835163872,0.0,0.324783950542822,0.16911427922227715,0.0,0.17002376207787404,0.0,0.0,1.0,0.0,0.0
660,0.3829634931997137,0.7814935642243538,49095,80,0.0714285714285714,0.0674432831620723,0.4691694945252059,0.0,1,0,0,1,0,1,1,0,0,0.3242286555155015,0.5774520934972249,0.06899287148695142,0.06526633418183336,0.3846972714243771,0.3574325936530661,0.7293939932760636,-0.4017262113631336,0.3829634931997137,0.7814935642243538,0.0714285714285714,0.0674432831620723,0.4691694945252059,0.2992835052684533,0.027354535228550966,0.02582831531260464,0.1796747885261168,0.055820968873168106,0.052706491741320236,0.3666529405018416,0.0048173773687194485,0.033512106751800406,0.03164233107026979,0.0,1.0,1.0
661,0.7258410880458125,0.6911018757594785,40569,53,0.2857142857142857,0.3327481194674861,0.2278923433310649,0.0,0,1,0,1,1,0,0,0,1,0.5457145189242093,0.5253803139677768,0.2513144282809061,0.28724306570303265,0.2052991575846825,0.5645430684800764,0.537523681146261,0.10485577613642122,0.7258410880458125,0.6911018757594785,0.2857142857142857,0.3327481194674861,0.2278923433310649,0.5016301374517618,0.20738316801308926,0.2415222570794781,0.16541362644073002,0.1974576787884224,0.22996284951941867,0.15749682594732203,0.0950708912764246,0.06511209809458997,0.07583074868445054,1.0,0.0,0.0
662,0.4674302075876879,0.0550184310805558,16225,53,0.2857142857142857,0.4197320411079852,0.5355261126164109,0.0,1,0,0,1,1,0,0,0,0,0.383512712875492,0.05355823699396363,0.2513144282809061,0.3504681503613532,0.4288730666912367,0.3635568281237573,0.04279211306265451,-0.11579407150842574,0.4674302075876879,0.0550184310805558,0.2857142857142857,0.4197320411079852,0.5355261126164109,0.025717276661133097,0.13355148788219653,0.19619543510630946,0.25032108198891645,0.015719551737301656,0.023092998376000696,0.02946380651882397,0.11992344031656718,0.15300746074754598,0.2247774683151109,0.0,0.0,1.0
663,0.5196850393700787,0.0416046322684472,15085,443,0.3571428571428571,0.6120972977983961,0.3465387776035121,1.0,0,0,1,0,0,0,1,0,0,0.41850310244629424,0.040762439724612805,0.30538164955118186,0.477536000698669,0.2975374316691811,0.3829258184832159,0.030656044829382143,0.26555852019488396,0.5196850393700787,0.0416046322684472,0.3571428571428571,0.6120972977983961,0.3465387776035121,0.02162130495840563,0.18560179977502808,0.31809780830467826,0.18009101828214014,0.01485879723873114,0.025466082987412483,0.014417618408951326,0.2186061777851414,0.12376384914411144,0.21211544935346907,0.0,1.0,0.0
664,0.5654974946313529,0.122499931277897,41389,80,0.2142857142857143,0.3653993862568168,0.3648772082580982,0.0,0,1,1,0,0,1,0,0,1,0.448203661419806,0.11555827941190695,0.19415601444095748,0.31144697650495695,0.3110644672704461,0.46570381910817293,0.1008822963465034,0.0005221779987185649,0.5654974946313529,0.122499931277897,0.2142857142857143,0.3653993862568168,0.3648772082580982,0.06927340423016366,0.12117803456386135,0.2066324374680639,0.20633714711803694,0.026249985273835073,0.0447613997054458,0.044697432936487945,0.0782998684836036,0.07818797319816391,0.1333259079566098,1.0,0.0,0.0
665,0.0515390121689334,0.6372049763952292,15874,443,0.5714285714285714,0.8368107305464356,0.2164346448489577,0.0,0,1,1,0,0,0,0,1,0,0.050254816916915454,0.49299050520834775,0.4519851237430572,0.6080307691047239,0.19592415787631678,0.03279755319841216,0.4054940758878732,0.6203760856974779,0.0515390121689334,0.6372049763952292,0.5714285714285714,0.8368107305464356,0.2164346448489577,0.03284091503253864,0.02945086409653337,0.043128398424726794,0.011154827794649208,0.3641171293687024,0.533219961805116,0.13791323276208992,0.4781775603122489,0.12367693991369011,0.18111483327161462,0.0,0.0,0.0
666,0.6249105225483178,0.7617087461649539,32028,80,0.2857142857142857,0.4264254370242391,0.6306574185962436,1.0,0,1,0,0,0,1,0,0,1,0.4854527512184865,0.5662842165551712,0.2513144282809061,0.3551716204309497,0.48898325779746565,0.48604151753758057,0.5924401359060752,-0.2042319815720045,0.6249105225483178,0.7617087461649539,0.2857142857142857,0.4264254370242391,0.6306574185962436,0.4759998105955653,0.17854586358523364,0.26647774267871205,0.39410445700395175,0.21763107033284396,0.32481198496857566,0.4803772715785712,0.12183583914978259,0.18018783388464102,0.26892836533748166,1.0,0.0,0.0
667,0.6120257695060844,0.5509026349437979,16810,80,0.6428571428571429,0.5413462812091048,0.0649469436614559,0.0,0,0,0,0,0,1,0,0,1,0.4774916300026192,0.4388371065590645,0.4964368863138911,0.4326562431051162,0.0629249797621654,0.3725374249167471,0.3353320386614422,0.47639933754764885,0.6120257695060844,0.5509026349437979,0.6428571428571429,0.5413462812091048,0.0649469436614559,0.33716660907440743,0.39344513753962573,0.33131787432625953,0.03974920317147086,0.3541516938924415,0.298229092735122,0.035779442394642445,0.3480083236344245,0.04175160663950737,0.03515878642702639,1.0,0.0,0.0
668,0.9277022190408016,0.5743193306076964,21480,443,0.5714285714285714,0.5633695754736223,0.0919487622679729,0.0,0,1,0,1,0,1,0,0,1,0.6563287335546371,0.4538230078220443,0.4519851237430572,0.4468434761270944,0.08796395522186393,0.5903559575714192,0.36547593765944314,0.47142081320564944,0.9277022190408016,0.5743193306076964,0.5714285714285714,0.5633695754736223,0.0919487622679729,0.5327973174427877,0.5301155537376009,0.5226392053069538,0.0853010707940536,0.32818247463296935,0.32355403747075284,0.0528079515959484,0.32192547169921276,0.05254214986741308,0.05180113516423291,1.0,0.0,0.0
669,0.0121689334287759,0.4437691674797312,19549,443,0.5714285714285714,0.4080182429852605,0.1206647855596163,0.0,0,0,0,1,0,1,0,1,0,0.012095487199556202,0.36725717137627617,0.4519851237430572,0.34218321431758175,0.11392206775618227,0.007743866727402846,0.28239856112346534,0.2873534574256442,0.0121689334287759,0.4437691674797312,0.5714285714285714,0.4080182429852605,0.1206647855596163,0.0054001974568041525,0.0069536762450148,0.004965146836613745,0.0014683617426724902,0.25358238141698924,0.18106591600611174,0.053547311431911215,0.23315328170586314,0.06895130603406645,0.04923343379422788,0.0,0.0,0.0
670,0.7451682176091625,0.4664564808733434,61683,80,1.0,0.5541188296360984,0.393272705664919,0.0,1,0,0,1,1,0,0,1,0,0.5568509507842551,0.3828489334910145,0.6931471805599453,0.440908715969304,0.33165544424117094,0.37258410880458126,0.2332282404366717,0.16084612397117937,0.7451682176091625,0.4664564808733434,1.0,0.5541188296360984,0.393272705664919,0.3475885444446317,0.7451682176091625,0.4129117406236066,0.2930543211146605,0.4664564808733434,0.25847231925771014,0.1834446023079963,0.5541188296360984,0.393272705664919,0.21791981139086672,0.0,0.0,1.0
671,0.4094488188976377,0.8710348845251024,18914,443,0.3571428571428571,0.1555170648332211,0.9745742707046076,0.0,0,0,0,1,0,1,0,0,1,0.3431987193821636,0.6264916919738862,0.30538164955118186,0.14454791897739797,0.6803528159799676,0.3016991297140488,0.641815178071128,-0.8190572058713864,0.4094488188976377,0.8710348845251024,0.3571428571428571,0.1555170648332211,0.9745742707046076,0.3566442046874434,0.1462317210348706,0.06367627851438973,0.39903828406802816,0.31108388733039366,0.1354607886086876,0.8488881873443237,0.05554180886900753,0.3480622395373598,0.15156293004195764,1.0,0.0,0.0
672,0.6292054402290623,0.2675997245936051,51347,80,0.7857142857142857,0.7859302050364843,0.6065202471358865,0.0,1,0,0,1,0,1,0,0,0,0.4880924359892598,0.23712513156859455,0.5798184952529422,0.5799394027637657,0.4740705027535443,0.35235504652827493,0.14985584577241887,0.17940995790059777,0.6292054402290623,0.2675997245936051,0.7857142857142857,0.7859302050364843,0.6065202471358865,0.16837520251809512,0.4943757030371204,0.4945115606492983,0.3816258391069751,0.210256926466404,0.21031470641755876,0.16230465109400852,0.6175165896715233,0.4765516227496251,0.47668258219028636,0.0,0.0,1.0
673,0.604151753758053,0.4112956473778761,14639,80,1.0,0.8494458117046015,0.0350855540157912,0.0,0,0,0,1,1,0,0,0,1,0.4725951145439652,0.34450818131054023,0.6931471805599453,0.6148860329720465,0.03448408418593213,0.3020758768790265,0.20564782368893805,0.8143602576888104,0.604151753758053,0.4112956473778761,1.0,0.8494458117046015,0.0350855540157912,0.2484849866763976,0.604151753758053,0.5131941768637679,0.021196998990213153,0.4112956473778761,0.3493733650374695,0.014430535652536281,0.8494458117046015,0.0350855540157912,0.029803276910049397,1.0,0.0,0.0
674,0.9778095919828202,0.148428357633449,18174,53,0.6428571428571429,0.5061870770839763,0.7543102612802424,0.0,0,0,1,0,0,1,0,0,1,0.6819899656664546,0.13839436212730655,0.4964368863138911,0.40958134283419,0.5620757661522452,0.5951884472938906,0.09034769595079505,-0.2481231841962661,0.9778095919828202,0.148428357633449,0.6428571428571429,0.5061870770839763,0.7543102612802424,0.1451346718162429,0.6285918805603845,0.4949545793104592,0.7375718088108884,0.09541822990721723,0.07513251650685064,0.11196103322788417,0.32540597812541333,0.48491373939444155,0.3818221063718963,1.0,0.0,0.0
675,0.8167501789549033,0.4081640075792146,55893,443,0.8571428571428571,0.6462296846889766,0.9501439480816496,0.0,0,1,0,1,1,0,0,1,0,0.5970492890173712,0.34228673360796513,0.6190392084062234,0.49848763364323617,0.6679031893801791,0.43978855789879406,0.21978061946573094,-0.303914263392673,0.8167501789549033,0.4081640075792146,0.8571428571428571,0.6462296846889766,0.9501439480816496,0.33336802623327405,0.7000715819613457,0.5278082106156924,0.7760302396286056,0.3498548636393268,0.2637676979193049,0.3878145616261433,0.5539111583048371,0.8144090983556996,0.6140112239779437,0.0,0.0,0.0
676,0.0,0.7084240743466471,52651,80,0.9285714285714284,0.90736838973514,0.5525248150693843,0.0,1,0,0,1,0,1,1,0,0,0.0,0.535571351636441,0.6567795363890704,0.6457244855891232,0.4398825186393874,0.0,0.3673310015130763,0.35484357466575567,0.0,0.7084240743466471,0.9285714285714284,0.90736838973514,0.5525248150693843,0.0,0.0,0.0,0.0,0.6578223547504579,0.6428016115895243,0.39142188066908096,0.8425563618969155,0.5130587568501425,0.5013435517382133,0.0,1.0,1.0
677,0.320687186828919,0.4784539907921185,2817,443,0.6428571428571429,0.9527081151363594,0.5520449813943802,0.0,0,1,0,0,0,1,0,0,0,0.27815219721766565,0.3909969409842041,0.4964368863138911,0.6692171861098086,0.4395734041982358,0.19520089633064636,0.29123286396042,0.40066313374197926,0.320687186828919,0.4784539907921185,0.6428571428571429,0.9527081151363594,0.5520449813943802,0.153434064334194,0.20615604867573367,0.305521285312161,0.17703375208638672,0.30757756550921905,0.4558269997470283,0.26412812444490197,0.612455216873374,0.3548860594678159,0.5259377336947265,0.0,0.0,0.0
678,0.5812455261274159,0.8913552759689287,20165,80,0.5,0.3191416261299293,0.1032761120024931,0.0,0,1,1,0,1,0,1,0,0,0.45821284416315533,0.6372936493267508,0.4054651081081644,0.27698124183752854,0.09828403714257979,0.38749701741827725,0.5942368506459524,0.2158655141274362,0.5812455261274159,0.8913552759689287,0.5,0.3191416261299293,0.1032761120024931,0.5180962663470079,0.29062276306370793,0.1854996423890498,0.06002877805728304,0.44567763798446436,0.2844685722322158,0.09205570731498024,0.15957081306496465,0.05163805600124655,0.03295970632485236,0.0,1.0,0.0
679,0.7852541159627774,0.151109280022559,55956,443,0.3571428571428571,0.7874811046822554,0.7099474297659794,0.0,0,0,0,0,0,0,0,1,0,0.57956076698302,0.14072606877985927,0.30538164955118186,0.5808074247230245,0.5364626272150854,0.5786082959725728,0.11134368001662241,0.07753367491627605,0.7852541159627774,0.151109280022559,0.3571428571428571,0.7874811046822554,0.7099474297659794,0.11865918409788634,0.28044789855813473,0.6183727786946558,0.5574891413409301,0.053967600008056775,0.11899570275990502,0.1072796449658034,0.281243251672234,0.2535526534878497,0.5590701862584414,0.0,0.0,0.0
680,0.835361488904796,0.2852203780420569,29436,53,0.6428571428571429,0.8729089429542878,0.7548126971364916,0.0,0,0,1,0,0,0,0,0,1,0.6072414587835988,0.2509302040645011,0.4964368863138911,0.6274928066658056,0.5623621259439291,0.5084809062898759,0.17361240402559985,0.11809624581779621,0.835361488904796,0.2852203780420569,0.6428571428571429,0.8729089429542878,0.7548126971364916,0.23826211966720146,0.5370181000102261,0.7291945142646055,0.6305414585241844,0.1833559573127509,0.24897141870571424,0.21528796282821475,0.5611557490420422,0.4852367338734589,0.6588827535858898,1.0,0.0,0.0
681,0.1596277738010021,0.4101571696791707,26713,80,0.6428571428571429,0.2572719681476583,0.2003975785279257,0.0,0,0,1,0,0,1,0,0,0,0.1480990689694679,0.3437011660355648,0.4964368863138911,0.22894426909100202,0.18265281736105216,0.09716473187887084,0.24966088589166913,0.056874389619732596,0.1596277738010021,0.4101571696791707,0.6428571428571429,0.2572719681476583,0.2003975785279257,0.0654724759044059,0.1026178545863585,0.04106775153681302,0.031989019335524276,0.26367246622232404,0.10552194229323328,0.08219450361957335,0.1653891223806375,0.12882701476795225,0.05155667943990435,0.0,0.0,0.0
682,0.0773085182534001,0.0758208473593502,30660,443,0.2142857142857143,0.5482137939155054,0.466013494753158,1.0,0,0,0,1,0,0,0,0,1,0.07446581792601424,0.07308394914047589,0.19415601444095748,0.43710187539579826,0.382546808574315,0.06366583856162361,0.06244069782534722,0.08220029916234739,0.0773085182534001,0.0758208473593502,0.2142857142857143,0.5482137939155054,0.466013494753158,0.005861597362068587,0.01656611105430002,0.04238159609368257,0.03602681276545529,0.016247324434146473,0.0415660343887578,0.03533353805307654,0.11747438441046545,0.09986003458996244,0.2554750259744522,1.0,0.0,0.0
683,0.1395848246241947,0.7838312262368982,37009,443,0.3571428571428571,0.6670713635928367,0.6013607863942461,0.0,0,1,0,1,0,0,1,0,0,0.1306640071473665,0.5787634255552656,0.30538164955118186,0.5110684124461357,0.47085375927917955,0.1028519760388803,0.5775598509113986,0.06571057719859064,0.1395848246241947,0.7838312262368982,0.3571428571428571,0.6670713635928367,0.6013607863942461,0.1094109442492449,0.04985172308006953,0.09311303929892853,0.08394083990470864,0.27993972365603503,0.522871364912493,0.4713653626101873,0.23823977271172736,0.2147717094265164,0.40115055979127034,0.0,1.0,0.0
684,0.0379384395132426,0.2551592983387556,20949,80,0.5714285714285714,0.0039704741323998,0.7429823646043462,0.0,0,1,1,0,0,0,0,0,1,0.0372364761576582,0.22726249547591176,0.4519851237430572,0.003962612602445288,0.5555976486463918,0.024142643326608926,0.1623740989428445,-0.7390118904719464,0.0379384395132426,0.2551592983387556,0.5714285714285714,0.0039704741323998,0.7429823646043462,0.009680345606266303,0.021679108293281485,0.00015063359271094421,0.028187591498947947,0.14580531333643176,0.0010131033936953125,0.18957885883051448,0.0022688423613713145,0.4245613512024835,0.0029499922594907937,1.0,0.0,0.0
685,0.3493199713672155,0.2219521683432287,30973,80,0.9285714285714284,0.2283436026025151,0.9792082890277036,0.0,0,1,0,0,0,1,0,0,1,0.29960074062514935,0.2004497178746804,0.6567795363890704,0.20566659726593498,0.6826969107170939,0.1811288740422599,0.11508630951130379,-0.7508646864251886,0.3493199713672155,0.2219521683432287,0.9285714285714284,0.2283436026025151,0.9792082890277036,0.07753232509054804,0.32436854484098576,0.07976498072299741,0.3420570114856975,0.20609844203299804,0.05068135772493275,0.21733740300936183,0.21203334527376397,0.9092648398114389,0.22359594841483071,1.0,0.0,0.0
686,0.2412312097351467,0.0812525934617901,29030,443,0.4285714285714286,0.0687841323004798,0.5339548874490306,0.0,0,1,0,1,1,0,0,0,0,0.2161037980835253,0.07812017783845358,0.3566749439387324,0.0665216774142885,0.42784929407001404,0.16886184681460267,0.05687681542325307,-0.46517075514855083,0.2412312097351467,0.0812525934617901,0.4285714285714286,0.0687841323004798,0.5339548874490306,0.0196006614149057,0.10338480417220573,0.016592879445427124,0.12880658344332377,0.034822540055052906,0.005588889138432871,0.04338521939683198,0.029478913843062775,0.22883780890672742,0.03672762362078193,0.0,0.0,0.0
687,0.6828919112383679,0.143712606451314,19554,80,0.7857142857142857,0.8478379240418352,0.8858011595074752,0.0,1,0,0,1,0,0,1,0,0,0.5205136892831076,0.13427964326008085,0.5798184952529422,0.6140162659327555,0.6343527489116303,0.38241947029348605,0.08047905961273585,-0.037963235465639955,0.6828919112383679,0.143712606451314,0.7857142857142857,0.8478379240418352,0.8858011595074752,0.09814017648858522,0.5365579302587177,0.578981660369299,0.6049064467932221,0.11291704792603244,0.12184499791232332,0.1273007934304154,0.6661583688900133,0.6959866253273019,0.7510158161906683,0.0,1.0,1.0
688,0.9434502505368648,0.5328173915474885,3057,443,0.1428571428571429,0.110327497703019,0.7882278550824786,1.0,1,0,1,0,0,1,1,0,0,0.664464873111074,0.4271074744301955,0.13353139262452268,0.10465501478331612,0.5812251043605353,0.8255189692197568,0.4662152176040525,-0.6779003573794596,0.9434502505368648,0.5328173915474885,0.1428571428571429,0.110327497703019,0.7882278550824786,0.5026867015458768,0.13477860721955215,0.10408850534901866,0.7436537673577001,0.07611677022106982,0.058784409542084116,0.41998150969011805,0.01576107110043129,0.11260397929749698,0.08696320687106775,0.0,1.0,1.0
689,0.9584824624194704,0.5087567491095449,28764,443,0.1428571428571429,0.1853028641204179,0.1393092687662585,0.0,0,1,1,0,0,0,0,0,0,0.6721699194854794,0.411285966731642,0.13353139262452268,0.16999832346791527,0.13042217418103572,0.8386721546170367,0.44516215547085186,0.04599359535415942,0.9584824624194704,0.5087567491095449,0.1428571428571429,0.1853028641204179,0.1393092687662585,0.48763442165904136,0.13692606605992438,0.1776095454955187,0.13352549096493926,0.07267953558707788,0.09427408275059156,0.07087453069834954,0.02647183773148828,0.019901324109465504,0.025814406500908774,0.0,0.0,0.0
690,0.4652827487473157,0.4198610360936347,25574,80,0.9285714285714284,0.0343021933103759,0.704374271118777,0.0,0,1,0,1,0,0,0,1,0,0.38204822640432773,0.35055900491848957,0.6567795363890704,0.03372698997403737,0.5331980469645416,0.24125772157268222,0.2177057224189217,-0.6700720778084012,0.4652827487473157,0.4198610360936347,0.9285714285714284,0.0343021933103759,0.704374271118777,0.19535409696554226,0.4320482666939359,0.01596021879151348,0.32773319701303155,0.3898709620869464,0.01440215442357857,0.2957393112696285,0.031852036645349045,0.6540618231817215,0.024161582410771414,0.0,0.0,0.0
691,0.1059413027916964,0.8568490948772115,20746,443,0.7857142857142857,0.916745677140118,0.2457818806816779,0.0,1,0,1,0,0,0,0,0,1,0.10069683007488393,0.6188810162129967,0.5798184952529422,0.6506287881472246,0.21976334940855347,0.05932712956334999,0.47983549313123847,0.6709637964584401,0.1059413027916964,0.8568490948772115,0.7857142857142857,0.916745677140118,0.2457818806816779,0.09077570940717766,0.0832395950506186,0.09712123136487999,0.026038452642010233,0.6732385745463805,0.7855127036901065,0.21059798199931448,0.720300174895807,0.19311433482131835,0.2253194766342965,1.0,0.0,1.0
692,0.0021474588403722,0.7747498636806353,8339,80,0.0714285714285714,0.3380370637249772,0.7246600562298011,0.0,1,0,1,0,0,1,0,0,0,0.002145156346388139,0.5736594911268947,0.06899287148695142,0.2912036621631656,0.5450299622104161,0.00200429491768072,0.7230998727685929,-0.3866229925048239,0.0021474588403722,0.7747498636806353,0.0714285714285714,0.3380370637249772,0.7246600562298011,0.001663743443838137,0.00015338991716944277,0.000725920680869663,0.0015561776440153018,0.055339275977188206,0.2618941690399283,0.5614302797788399,0.024145504551784075,0.051761432587842916,0.24496195760669887,0.0,0.0,1.0
693,0.6879026485325698,0.4577492241850928,32883,443,0.9285714285714284,0.8224454920835056,0.9406074692443182,0.0,0,0,0,0,1,0,1,0,0,0.5234867218403545,0.37689361891974166,0.6567795363890704,0.6001792761316057,0.6630010525371998,0.3566902622020732,0.23735144957745555,-0.11816197716081256,0.6879026485325698,0.4577492241850928,0.9285714285714284,0.8224454920835056,0.9406074692443182,0.31488690368065436,0.6387667450659575,0.5657624322779161,0.6470463693226841,0.42505285102901463,0.37647378593575154,0.43056233930929017,0.7636993855061122,0.8734212214411524,0.7735983729000641,0.0,1.0,0.0
694,0.984251968503937,0.4604645743255371,38723,443,0.5,0.3008276959379694,0.7782690197918897,0.0,0,0,0,0,0,1,0,0,1,0.6852420010528321,0.37875458669768886,0.4054651081081644,0.26300075104997767,0.5756404303661561,0.6561679790026247,0.3069763828836914,-0.4774413238539203,0.984251968503937,0.4604645743255371,0.5,0.3008276959379694,0.7782690197918897,0.4532131637062373,0.4921259842519685,0.2960902519074502,0.766012814755797,0.23023228716276856,0.1385204969554092,0.3583653129092255,0.1504138479689847,0.38913450989594484,0.23412487604389606,1.0,0.0,0.0
695,0.7329992841803865,0.56241738878507,53509,80,0.5,0.3249659032957188,0.2855197434856525,1.0,1,0,1,0,1,0,0,0,1,0.5498535976810967,0.4462342300531343,0.4054651081081644,0.2813867257453552,0.25116310621002874,0.488666189453591,0.3749449258567133,0.03944615981006627,0.7329992841803865,0.56241738878507,0.5,0.3249659032957188,0.2855197434856525,0.41225154339005843,0.36649964209019326,0.23819977449879456,0.20928576759435086,0.281208694392535,0.18276647477575972,0.16058126857778368,0.1624829516478594,0.14275987174282626,0.09278418135057699,1.0,0.0,1.0
696,0.7229778095919828,0.1106372093874243,4014,80,1.0,0.968902601886418,0.4430688914951252,1.0,0,1,0,0,0,1,0,1,0,0.5440540785261101,0.10493391312458566,0.6931471805599453,0.6774763326571925,0.3667720205059914,0.3614889047959914,0.05531860469371215,0.5258337103912928,0.7229778095919828,0.1106372093874243,1.0,0.968902601886418,0.4430688914951252,0.07998824730228958,0.7229778095919828,0.7004950808198154,0.3203289766714935,0.1106372093874243,0.10719668004092783,0.049019905721400144,0.968902601886418,0.4430688914951252,0.4292906017845578,0.0,0.0,0.0
697,0.5175375805297066,0.1028895391553901,19777,80,0.8571428571428571,0.5313716387866094,0.3554627921516982,1.0,0,1,1,0,0,0,0,0,0,0.41708900840909635,0.09793358943176851,0.6190392084062234,0.4261638297308316,0.304142940042175,0.27867408182368814,0.055402059545210054,0.17590884663491124,0.5175375805297066,0.1028895391553901,0.8571428571428571,0.5313716387866094,0.3554627921516982,0.0532492031562971,0.44360364045403416,0.275004792299727,0.18396535341852385,0.08819103356176294,0.05467258303499866,0.03657340287137645,0.4554614046742366,0.30468239327288416,0.1888828463933118,0.0,0.0,0.0
698,0.089477451682176,0.7041033717652986,50699,443,0.2142857142857143,0.5908149483119516,0.884857576231978,0.0,0,1,0,0,0,0,0,0,1,0.08569817916466925,0.5330390907486402,0.19415601444095748,0.46424643103339464,0.6338522616698389,0.07368731315002729,0.5798498355714223,-0.29404262792002644,0.089477451682176,0.7041033717652986,0.2142857142857143,0.5908149483119516,0.884857576231978,0.0630013754263867,0.019173739646180573,0.05286461599068996,0.07917480102290418,0.15087929394970684,0.4159947971957857,0.6230312029570054,0.12660320320970392,0.1896123377639953,0.5227870831649348,1.0,0.0,0.0
699,0.6198997852541159,0.1949533991521994,52745,53,0.1428571428571429,0.4779988578075462,0.1692673466883107,0.0,1,0,0,0,1,0,0,0,1,0.4823642863765755,0.17810718809773357,0.13353139262452268,0.39068904972973456,0.1563773532532248,0.5424123120973515,0.1705842242581745,0.30873151111923547,0.6198997852541159,0.1949533991521994,0.1428571428571429,0.4779988578075462,0.1692673466883107,0.12085157026900835,0.08855711217915944,0.2963113893066106,0.10492879186261779,0.02785048559317135,0.09318750212044995,0.03299924460235995,0.06828555111536376,0.024181049526901536,0.08090959838112645,1.0,0.0,1.0
700,0.376521116678597,0.5027100361206805,31961,443,0.2857142857142857,0.774348138112475,0.2371388917898625,0.0,1,0,0,0,1,0,1,0,0,0.3195593863318179,0.4072701687526558,0.2513144282809061,0.5734331093421862,0.21280136826320514,0.29284975741668656,0.39099669476052934,0.5372092463226126,0.376521116678597,0.5027100361206805,0.2857142857142857,0.774348138112475,0.2371388917898625,0.18928094416569646,0.10757746190817057,0.29155842566010154,0.08928780034464401,0.143631438891623,0.38927258048050406,0.11921210085729993,0.22124232517499287,0.06775396908281785,0.18362805933153573,0.0,1.0,1.0
701,0.5361488904795991,0.7385641528743979,61458,53,0.9285714285714284,0.7317853477883656,0.4683030547410903,0.0,0,1,1,0,0,1,0,0,0,0.42927856393368197,0.5530595730644362,0.6567795363890704,0.5491528693123013,0.3841073494457296,0.2780031283968292,0.38295919037931747,0.2634822930472753,0.5361488904795991,0.7385641528743979,0.9285714285714284,0.7317853477883656,0.4683030547410903,0.39598035111161345,0.4978525411596277,0.3923459022859598,0.25108016320764254,0.6858095705262265,0.5404704254752108,0.34587184891334616,0.6795149658034821,0.43485283654529805,0.34269731378406276,0.0,0.0,0.0
702,0.9391553328561202,0.8409188234891485,18598,53,0.0,0.8375720234577155,0.0149417045941454,0.0,0,1,0,0,1,0,0,0,0,0.6622524828281332,0.6102648075738139,0.0,0.6084451477762673,0.014831176946967521,0.9391553328561202,0.8409188234891485,0.8226303188635702,0.9391553328561202,0.8409188234891485,0.0,0.8375720234577155,0.0149417045941454,0.7897533975789283,0.0,0.7866102324814049,0.014032581551552443,0.0,0.7043300805534877,0.012564760648231154,0.0,0.0,0.012514753750825806,0.0,0.0,0.0
703,0.6299212598425197,0.1252411852532268,9612,80,0.5714285714285714,0.6828452475596389,0.4675063861822727,0.0,1,0,0,0,0,1,1,0,0,0.4885317068067778,0.11799739957055494,0.4519851237430572,0.5204859606301973,0.3835646244532505,0.4008589835361489,0.07969893607023525,0.21533886137736624,0.6299212598425197,0.1252411852532268,0.5714285714285714,0.6828452475596389,0.4675063861822727,0.07889208519888302,0.35995500562429694,0.430138738620245,0.29449221176836077,0.07156639157327245,0.08552034814890226,0.058551053918920605,0.39019728431979367,0.2671465063898701,0.3192345140083462,0.0,1.0,1.0
704,0.8675733715103794,0.7543707719217524,38198,443,0.0714285714285714,0.5528692701055622,0.2602365882847375,0.0,0,0,1,0,0,0,1,0,0,0.6246399258797666,0.562110258111442,0.06899287148695142,0.44010436168290634,0.2312994718170424,0.8097351467430208,0.7040793871269689,0.2926326818208247,0.8675733715103794,0.7543707719217524,0.0714285714285714,0.5528692701055622,0.2602365882847375,0.6544719939650422,0.06196952653645564,0.4796546566699652,0.2257743342885482,0.053883626565839435,0.41706841806134876,0.19631487598664069,0.03949066215039728,0.0185883277346241,0.14387681261974453,0.0,1.0,0.0
705,0.1653543307086614,0.2180351516412485,37889,80,1.0,0.6354685146850976,0.0485410437610047,0.0,0,0,0,0,0,0,0,0,0,0.15302518730552378,0.1972390290036476,0.6931471805599453,0.49192931662487316,0.0473997158116184,0.0826771653543307,0.10901757582062425,0.5869274709240929,0.1653543307086614,0.2180351516412485,1.0,0.6354685146850976,0.0485410437610047,0.036053056570600144,0.1653543307086614,0.10507747093218148,0.008026471803000777,0.2180351516412485,0.1385544739626042,0.01058365383725514,0.6354685146850976,0.0485410437610047,0.03084630498006998,0.0,0.0,0.0
706,0.912670007158196,0.8518448652967447,41922,53,0.1428571428571429,0.93358729607876,0.8405764243505522,0.0,0,1,1,0,1,0,0,1,0,0.6485001753995744,0.6161823666769424,0.13353139262452268,0.6593769802980273,0.6100787966643691,0.7985862562634216,0.7453642571346517,0.09301087172820777,0.912670007158196,0.8518448652967447,0.1428571428571429,0.93358729607876,0.8405764243505522,0.7774532593080525,0.13038142959402804,0.8520571241950028,0.7671688912290293,0.12169212361382072,0.7952715444709635,0.7160407109725155,0.13336961372553718,0.12008234633579322,0.7847514711569844,0.0,0.0,0.0
707,0.3321403006442376,0.4727836353472128,29512,443,0.2142857142857143,0.9475947854918916,0.9179827682726596,0.0,0,0,0,1,1,0,0,1,0,0.2867868973852889,0.3871542396224292,0.19415601444095748,0.6665951679208383,0.6512739922043395,0.2735273064129015,0.38935122910946934,0.029612017219232012,0.3321403006442376,0.4727836353472128,0.2142857142857143,0.9475947854918916,0.9179827682726596,0.15703049878389885,0.07117292156662235,0.31473441694218873,0.30489907264031063,0.10131077900297418,0.4480073075209188,0.434007230370046,0.20305602546254822,0.1967105932012842,0.8698756843865837,0.0,0.0,0.0
708,0.9026485325697924,0.7659999400987243,37735,53,0.7857142857142857,0.0577625614802448,0.1801519205904862,0.0,0,1,0,0,0,1,0,0,0,0.6432468800162288,0.5687170682625855,0.5798184952529422,0.056155886208356466,0.16564317645360843,0.5054831782390837,0.4289599664552856,-0.1223893591102414,0.9026485325697924,0.7659999400987243,0.7857142857142857,0.0577625614802448,0.1801519205904862,0.6914287218786623,0.7092238470191226,0.052139291357615386,0.16261386676063214,0.6018570957918548,0.044246118633816396,0.13799636038098256,0.045384869734478056,0.1415479376068106,0.01040603638889214,0.0,0.0,0.0
709,0.2691481746599856,0.95314671587927,39971,53,0.5714285714285714,0.8631246035167299,0.405217836404419,0.0,0,0,1,0,1,0,0,0,1,0.238345946817246,0.6694417724110052,0.4519851237430572,0.6222549726446639,0.340192334471889,0.17127611114726354,0.60654791010499,0.45790676711231093,0.2691481746599856,0.95314671587927,0.5714285714285714,0.8631246035167299,0.405217836404419,0.25653769876206545,0.1537989569485632,0.23230841154065163,0.10906364100791803,0.5446552662167257,0.8226843812365682,0.3862320499845753,0.49321405915241706,0.2315530493739537,0.3497534843844713,1.0,0.0,0.0
710,0.3915533285612025,0.1892912188694703,21609,53,0.8571428571428571,0.932519194156157,0.2577082491506729,0.0,1,0,1,0,0,0,0,1,0,0.3304206257634225,0.17335751527931675,0.6190392084062234,0.6588244337230812,0.22929121496706908,0.21083640768680134,0.10192604092971479,0.6748109450054841,0.3915533285612025,0.1892912188694703,0.8571428571428571,0.932519194156157,0.2577082491506729,0.07411760681574821,0.335617138766745,0.36513099441905356,0.10090652275262567,0.16224961617383168,0.1765176948809952,0.04878190859444802,0.7993021664195631,0.22089278498629106,0.24031788882537966,0.0,0.0,1.0
711,0.4223335719398711,0.615341319401606,11573,443,0.2857142857142857,0.807543247839952,0.4857520527617495,0.0,0,1,0,0,0,1,0,1,0,0.352298883294855,0.47954627762750257,0.2513144282809061,0.5919686016469472,0.39592107689702827,0.32848166706434423,0.47859880397902693,0.32179119507820253,0.4223335719398711,0.615341319401606,0.2857142857142857,0.807543247839952,0.4857520527617495,0.25987929738507337,0.12066673483996317,0.3410526243561715,0.2051493995199944,0.175811805543316,0.4969147275996942,0.29890330904845347,0.2307266422399863,0.13878630078907128,0.3922657903321469,0.0,0.0,0.0
712,0.0293486041517537,0.4853068093327105,24956,53,0.1428571428571429,0.2552025962516451,0.9307027057740954,0.0,1,0,1,0,0,1,0,0,1,0.028926179024030125,0.39562135652591573,0.13353139262452268,0.22729699083133212,0.657884032905845,0.02568002863278449,0.4246434581661217,-0.6755001095224503,0.0293486041517537,0.4853068093327105,0.1428571428571429,0.2552025962516451,0.9307027057740954,0.014243077439256327,0.004192657735964816,0.0074898399758893544,0.02731482529473002,0.06932954419038724,0.12385155772030983,0.45167636057654664,0.036457513750235024,0.1329575293962994,0.2375177468519801,1.0,0.0,1.0
713,0.7673586256263422,0.1594621962995648,59552,443,1.0,0.1972173488235968,0.2676778301945566,0.0,0,0,0,0,1,0,0,0,0,0.5694861300882177,0.1479562737318071,0.6931471805599453,0.17999998805712822,0.23718674659834044,0.3836793128131711,0.0797310981497824,-0.07046048137095981,0.7673586256263422,0.1594621962995648,1.0,0.1972173488235968,0.2676778301945566,0.12236469179179202,0.7673586256263422,0.15133643374294614,0.20540489188873634,0.1594621962995648,0.03144871159178814,0.042684494703525956,0.1972173488235968,0.2676778301945566,0.052790712009823375,0.0,0.0,0.0
714,0.0529706513958482,0.5348157837853293,26344,80,0.5714285714285714,0.9546558930380736,0.3509278179705815,0.0,0,1,0,1,0,0,0,1,0,0.051615361344475655,0.4284103632740133,0.4519851237430572,0.6702141641538172,0.3007916289574997,0.033708596342812494,0.3403373169543005,0.6037280750674922,0.0529706513958482,0.5348157837853293,0.5714285714285714,0.9546558930380736,0.3509278179705815,0.028329540443890005,0.0302689436547704,0.05056874451311195,0.018588875110825347,0.30560901930590245,0.5105650396804409,0.18768173602001192,0.5455176531646134,0.2005301816974751,0.335015309456608,0.0,0.0,0.0
715,0.7516105941302792,0.4013312271023862,23269,80,0.6428571428571429,0.7368383777104635,0.154503272748574,0.0,0,0,0,1,0,1,0,1,0,0.5605357041857099,0.33742266132623583,0.4964368863138911,0.5520664361310339,0.1436701845841196,0.45750210077495257,0.2442885730188438,0.5823351049618894,0.7516105941302792,0.4013312271023862,0.6428571428571429,0.7368383777104635,0.154503272748574,0.3016448020454585,0.48317823908375096,0.5538155308489525,0.11612629662562829,0.25799864599439115,0.29571625030267185,0.062006988043519874,0.4736818142424408,0.09932353248122615,0.11384394084301652,0.0,0.0,0.0
716,0.4180386542591267,0.3537603878850777,4775,80,0.4285714285714286,0.8244525245361389,0.1351524853383578,0.0,0,1,0,1,0,1,0,0,1,0.34927468744158907,0.30288619271826933,0.3566749439387324,0.601279955473947,0.126766990225173,0.29262705798138866,0.2476322715195544,0.6893000391977812,0.4180386542591267,0.3537603878850777,0.4285714285714286,0.8244525245361389,0.1351524853383578,0.14788551648166454,0.17915942325391143,0.34465302385762714,0.056498963090623446,0.15161159480789044,0.291658644872736,0.04781159563692973,0.3533367962297739,0.05792249371643906,0.1114268077345426,1.0,0.0,0.0
717,0.9083750894774516,0.3855726759438826,25157,80,0.5714285714285714,0.7223071310358682,0.8241631009130304,0.0,0,1,0,0,0,1,0,0,0,0.6462521414816921,0.3261135386141858,0.4519851237430572,0.5436647472654776,0.601121307014681,0.5780568751220146,0.24536443014610712,-0.10185596987716217,0.9083750894774516,0.3855726759438826,0.5714285714285714,0.7223071310358682,0.8241631009130304,0.3502446140105848,0.5190714797014009,0.6561258047849081,0.7486492305358879,0.22032724339650434,0.2785018933668484,0.3177747722332453,0.41274693202049606,0.4709503433788745,0.5952988849261157,0.0,0.0,0.0
718,0.1882605583392984,0.9173018745548076,49377,53,0.0,0.4571093036345646,0.2285843814350124,1.0,1,0,0,1,1,0,0,0,0,0.172490522093627,0.6509189240472582,0.0,0.37645454405233286,0.20586259717706987,0.1882605583392984,0.9173018745548076,0.2285249221995522,0.1882605583392984,0.9173018745548076,0.0,0.4571093036345646,0.2285843814350124,0.17269176306937312,0.0,0.08605565272433101,0.043033423276598586,0.0,0.41930722110042884,0.20968088158428802,0.0,0.0,0.1044880474194962,0.0,0.0,1.0
719,0.2125984251968503,0.8654137013742298,11074,80,0.3571428571428571,0.8671204535377193,0.282188231519355,0.0,0,0,0,1,0,0,0,0,1,0.19276551595503782,0.6234828522896717,0.30538164955118186,0.6243973796384427,0.2485681741786841,0.15665147119767917,0.6376732536441693,0.5849322220183643,0.2125984251968503,0.8654137013742298,0.3571428571428571,0.8671204535377193,0.282188231519355,0.18398559005593854,0.0759280089988751,0.1843484428780977,0.05999277363009907,0.30907632191936774,0.7504179212333785,0.24420956192341312,0.3096858762634711,0.1007815112569125,0.24469118729807005,1.0,0.0,0.0
720,0.0980672870436649,0.8132644168248272,42759,53,0.9285714285714284,0.0831217683759097,0.5647132476636089,0.0,0,1,0,1,0,0,0,0,0,0.09355162267023957,0.595128766050032,0.6567795363890704,0.07984739787188926,0.44770257887379294,0.05084970439301143,0.4216926605758364,-0.4815914792876992,0.0980672870436649,0.8132644168248272,0.9285714285714284,0.0831217683759097,0.5647132476636089,0.07975463500715906,0.09106248082626024,0.008151526318897364,0.05537989615598735,0.7551741013373394,0.06759997648368257,0.4592611900343991,0.07718449920620185,0.5243765871162082,0.046939963771102225,0.0,0.0,0.0
721,0.3385826771653543,0.3432197652892602,2865,53,0.0714285714285714,0.0471425219740178,0.5278182715377814,0.0,0,0,0,1,1,0,0,1,0,0.2916113505916704,0.2950695417483156,0.06899287148695142,0.04606504676381286,0.4238407514316573,0.316010498687664,0.32033844760330954,-0.4806757495637636,0.3385826771653543,0.3432197652892602,0.0714285714285714,0.0471425219740178,0.5278182715377814,0.11620826698770224,0.02418447694038244,0.01596164129828949,0.17871012343405193,0.02451569752066143,0.01618024532706618,0.18115766327258032,0.0033673229981441267,0.03770130510984151,0.02488268446425795,0.0,0.0,0.0
722,0.800286327845383,0.6749918927451743,51869,80,0.7857142857142857,0.2849279691215445,0.0210281690032013,0.0,0,0,0,0,0,1,0,0,1,0.5879457232768778,0.5158083251131814,0.5798184952529422,0.2507026616177029,0.02081012842309891,0.4481603435934145,0.37799545993729766,0.2638998001183432,0.800286327845383,0.6749918927451743,0.7857142857142857,0.2849279691215445,0.0210281690032013,0.5401867831704402,0.6287964004499438,0.22802395810872353,0.016828556152884075,0.5303507728712084,0.1923240691733899,0.014193843596436252,0.22387197573835638,0.01652213278822959,0.0059915134884267595,1.0,0.0,0.0
723,0.2269148174659985,0.3813452999944396,17161,53,0.6428571428571429,0.6909419514341684,0.1803873670456919,0.0,0,0,1,0,0,0,1,0,0,0.20450273990076323,0.32305787937493535,0.4964368863138911,0.5252857413758172,0.16584266176378282,0.1381220628053904,0.23212322608357194,0.5105545843884765,0.2269148174659985,0.3813452999944396,0.6428571428571429,0.6909419514341684,0.1803873670456919,0.0865328991397547,0.14587381122814191,0.15678496678928514,0.04093256646634525,0.2451505499964255,0.2634874657484065,0.06878987460124646,0.4441769687791083,0.11596330738651622,0.12463719940062194,0.0,1.0,0.0
724,0.199713672154617,0.060287261754825,60322,80,0.8571428571428571,0.9997886377524204,0.2932757279240086,0.0,0,0,0,1,0,1,0,1,0,0.1820829217850665,0.05853987306515536,0.6190392084062234,0.6930414938515121,0.2571783237101835,0.10753813116017838,0.03246237171413654,0.7065129098284119,0.199713672154617,0.060287261754825,0.8571428571428571,0.9997886377524204,0.2932757279240086,0.0120401904292027,0.17118314756110029,0.19967146022399804,0.058571172577522104,0.05167479578985,0.06027451930368009,0.017680790575691545,0.8569616895020746,0.2513791953634359,0.293213740506994,0.0,0.0,0.0
725,0.5547602004294918,0.4502550940099523,9157,80,0.0714285714285714,0.4537182198853591,0.7212250058170832,0.0,0,0,0,0,0,0,0,0,0,0.4413213217968643,0.37173946786257545,0.06899287148695142,0.37412456382785486,0.5430362500066167,0.5177761870675257,0.42023808774262217,-0.26750678593172406,0.5547602004294918,0.4502550940099523,0.0714285714285714,0.4537182198853591,0.7212250058170832,0.2497836061973608,0.03962572860210654,0.251704810602114,0.40010692878184645,0.03216107814356801,0.20428893974851056,0.3247352327964992,0.032408444277525636,0.051516071844077346,0.3272329257761347,0.0,0.0,0.0
726,0.1388690050107373,0.2362816409490231,63379,443,0.6428571428571429,0.0307242837775856,0.7664111899266157,0.0,1,0,0,1,0,0,0,0,1,0.13003566908082503,0.21210819792373614,0.4964368863138911,0.030261743254188605,0.5689499119575075,0.08452895957175313,0.143823607534188,-0.7356869061490301,0.1388690050107373,0.2362816409490231,0.6428571428571429,0.0307242837775856,0.7664111899266157,0.032812196380895116,0.08927293179261683,0.004266650717860849,0.10643075937420433,0.15189534061008628,0.007259584187951376,0.18108889359755417,0.019751325285590746,0.4926929078099673,0.023547434889622396,1.0,0.0,1.0
727,0.1832498210450966,0.4778368834199221,21320,53,0.5,0.0021976222264905,0.9134012504566248,0.0,0,1,1,0,1,0,0,0,0,0.16826473856406235,0.3905794533908535,0.4054651081081644,0.0021952109867817713,0.6488824177877041,0.12216654736339773,0.31855792227994806,-0.9112036282301343,0.1832498210450966,0.4778368834199221,0.5,0.0021976222264905,0.9134012504566248,0.08756352337544741,0.0916249105225483,0.0004027138797291109,0.16738061568854395,0.23891844170996104,0.0010501049556405706,0.4364568068300533,0.00109881111324525,0.4567006252283124,0.0020073108897076947,0.0,0.0,0.0
728,0.2734430923407301,0.1446091026986543,13897,443,0.9285714285714284,0.4876377433421908,0.3337674345051294,1.0,0,0,0,0,0,1,0,0,1,0.2417243284088733,0.1350631836946461,0.6567795363890704,0.3971894547166587,0.2880075953423024,0.14178530713963786,0.07498249769559853,0.15387030883706138,0.2734430923407301,0.1446091026986543,0.9285714285714284,0.4876377433421908,0.3337674345051294,0.03954236022253825,0.25391144288782075,0.13334117248154392,0.09126639941371469,0.1342798810773218,0.07051685650671088,0.04826580921381863,0.45280647596060564,0.30992690346904866,0.16275759856319377,1.0,0.0,0.0
729,0.6012884753042234,0.3252123276416448,21686,443,1.0,0.5087015023757919,0.3931570364554136,0.0,0,0,0,0,0,0,0,0,1,0.4708086022331678,0.2815726938766753,0.6931471805599453,0.41124934867156976,0.3315724210033528,0.3006442376521117,0.1626061638208224,0.11554446592037831,0.6012884753042234,0.3252123276416448,1.0,0.5087015023757919,0.3931570364554136,0.19554642463778216,0.6012884753042234,0.30587635074850766,0.23640079500540262,0.3252123276416448,0.165435999662433,0.12785951495435607,0.5087015023757919,0.3931570364554136,0.1999995751144829,1.0,0.0,0.0
730,0.2705798138869004,0.5068393188703687,24335,53,0.6428571428571429,0.1038918580742906,0.4456221549402001,0.0,1,0,0,0,0,0,0,0,0,0.23947334265255427,0.4100142907814476,0.4964368863138911,0.09884198841418151,0.3685397859533464,0.16470075627898284,0.30851088974718094,-0.3417302968659095,0.2705798138869004,0.5068393188703687,0.6428571428571429,0.1038918580742906,0.4456221549402001,0.13714048857050773,0.17394416607015026,0.028111039622105823,0.12057635974759882,0.32582527641666564,0.052656478582550466,0.2258588294834369,0.06678762304775825,0.2864713853187001,0.046296513675806804,0.0,0.0,1.0
731,0.6492483894058697,0.5782525104988372,12967,443,0.7857142857142857,0.2400988305147668,0.4992904991273462,0.0,0,0,1,0,0,1,0,0,0,0.50031966255882,0.4563182289494823,0.5798184952529422,0.21519107846894536,0.40499199562633276,0.36357909806728705,0.3238214058793488,-0.25919166861257936,0.6492483894058697,0.5782525104988372,0.7857142857142857,0.2400988305147668,0.4992904991273462,0.3754295111112708,0.5101237345331834,0.15588377900994524,0.3241635524040823,0.45434125824908633,0.1388377515129987,0.2887159845886054,0.18864908111874534,0.392299677885772,0.11987906492761001,0.0,0.0,0.0
732,0.2104509663564781,0.2418750868491061,2858,53,0.6428571428571429,0.1291342992147157,0.1647139963876622,0.0,0,1,0,0,0,1,1,0,0,0.19099298964161843,0.21662240425779675,0.4964368863138911,0.12145123222476663,0.1524755602154744,0.12810058821698667,0.1472283137342385,-0.03557969717294651,0.2104509663564781,0.2418750868491061,0.6428571428571429,0.1291342992147157,0.1647139963876622,0.050902845764951445,0.13528990694345022,0.027176438059503507,0.03466421971222095,0.15549112726013964,0.031234369837757812,0.039840212181529146,0.08301490663803153,0.10588756910635429,0.021270226494375974,0.0,1.0,0.0
733,0.8088761632068718,0.8369055494870027,16252,443,0.7857142857142857,0.0935051617247975,0.7420570094236659,0.0,1,0,1,0,0,0,0,0,1,0.5927057481312324,0.6080823892807856,0.5798184952529422,0.08938828149372975,0.5550666043148283,0.45297065139584825,0.4686671077127215,-0.6485518476988684,0.8088761632068718,0.8369055494870027,0.7857142857142857,0.0935051617247975,0.7420570094236659,0.6769529498355855,0.6355455568053993,0.07563409645599226,0.6002322266633804,0.6575686460255021,0.07825498875316271,0.6210316292223951,0.07346834135519803,0.5830447931185947,0.06938616067517947,1.0,0.0,1.0
734,0.2684323550465283,0.1902669380396009,2818,443,0.2857142857142857,0.7653104211005575,0.480406393377449,0.0,0,1,1,0,1,0,1,0,0,0.23778177190806446,0.17417759964832585,0.2513144282809061,0.5683265508985464,0.39231664020295465,0.20878072059174424,0.14798539625302293,0.28490402772310847,0.2684323550465283,0.1902669380396009,0.2857142857142857,0.7653104211005575,0.480406393377449,0.05107380226546195,0.07669495858472236,0.2054340786776729,0.12895661955371754,0.05436198229702883,0.14561327047260064,0.09140545348257523,0.21866012031444498,0.137258969536414,0.36766001921509556,0.0,1.0,0.0
735,0.0436649964209019,0.2974843278452636,17764,443,0.5,0.0668850291984579,0.1121061585489599,0.0,1,0,0,1,0,1,0,0,1,0.04273855331164161,0.26042725725298405,0.4054651081081644,0.06474321505989503,0.10625565759277852,0.0291099976139346,0.19832288523017572,-0.045221129350502,0.0436649964209019,0.2974843278452636,0.5,0.0668850291984579,0.1121061585489599,0.012989652110637842,0.02183249821045095,0.0029205345605625836,0.004895115011801395,0.1487421639226318,0.019897247954014076,0.03334982522325189,0.03344251459922895,0.05605307927447995,0.0074982236878741336,1.0,0.0,1.0
736,0.4273443092340729,0.7469571809081316,15040,53,0.7857142857142857,0.880001021613495,0.8420520685018197,0.0,1,0,0,1,0,0,0,0,0,0.3558155912648217,0.5578755207817842,0.5798184952529422,0.6312723202531437,0.6108802048070097,0.23931281317108086,0.4182960213085537,0.03794895311167534,0.4273443092340729,0.7469571809081316,0.7857142857142857,0.880001021613495,0.8420520685018197,0.31920790050261594,0.33577052868391444,0.3760634287066975,0.3598461595530324,0.5868949278563891,0.657323082300692,0.6289768392659801,0.6914293741248889,0.661612339537144,0.741006680533358,0.0,0.0,1.0
737,0.1553328561202576,0.9287212481377642,38410,443,1.0,0.9580017620127528,0.3690603863056063,0.0,1,0,0,1,1,0,0,1,0,0.1443884895729322,0.6568572175913892,0.6931471805599453,0.6719244440122818,0.31412465512576526,0.0776664280601288,0.4643606240688821,0.5889413757071464,0.1553328561202576,0.9287212481377642,1.0,0.9580017620127528,0.3690603863056063,0.14426092401280938,0.1553328561202576,0.1488091498616802,0.05732720388569543,0.9287212481377642,0.8897165921346611,0.3427542226079481,0.9580017620127528,0.3690603863056063,0.353560500369878,0.0,0.0,1.0
738,0.7995705082319255,0.9032503562456144,32681,443,0.5,0.0061367090437203,0.6055910407173858,0.0,0,0,0,1,0,0,1,0,0,0.587548029893231,0.6435631383816871,0.4054651081081644,0.006117956126468062,0.4734919384628645,0.5330470054879504,0.602166904163743,-0.5994543316736655,0.7995705082319255,0.9032503562456144,0.5,0.0061367090437203,0.6055910407173858,0.7222123464039738,0.3997852541159628,0.004906731568958894,0.48421273620710087,0.4516251781228072,0.005542984629916045,0.5470003232671311,0.00306835452186015,0.3027955203586929,0.0037163360163663694,0.0,1.0,0.0
739,0.1796707229778096,0.6402918420956781,20005,443,0.6428571428571429,0.4375359262492093,0.1389036091706657,1.0,0,0,0,0,0,1,0,0,0,0.1652353512124552,0.49487417850180426,0.4964368863138911,0.3629304855504323,0.13006605329013166,0.10936478789953627,0.389742860406065,0.2986323170785436,0.1796707229778096,0.6402918420956781,0.6428571428571429,0.4375359262492093,0.1389036091706657,0.11504169818612399,0.11550260762859188,0.07861239619796101,0.024956911883920605,0.4116161842043645,0.280150684201145,0.08893884778962366,0.2812730954459203,0.08929517732399937,0.060775319297845375,0.0,0.0,0.0
740,0.6879026485325698,0.4662182184852135,50558,443,0.5714285714285714,0.7767306754187171,0.3509063066624989,0.0,0,0,1,0,0,1,1,0,0,0.5234867218403545,0.3826864453782305,0.4519851237430572,0.5747749763008493,0.3007757054721259,0.4377562308843626,0.2966843208542268,0.4258243687562182,0.6879026485325698,0.4662182184852135,0.5714285714285714,0.7767306754187171,0.3509063066624989,0.3207127472901146,0.393087227732897,0.5343150888170273,0.24138937773991512,0.26641041056297915,0.3621259917365309,0.16359891314741623,0.4438461002392669,0.20051788952142793,0.2725596925826502,0.0,1.0,0.0
741,0.0730136005726556,0.3588966870278752,31065,53,1.0,0.767355728663218,0.1412917148801377,0.0,0,0,0,1,1,0,0,1,0,0.0704711388456358,0.3066731109605313,0.6931471805599453,0.5694844909384399,0.13216070418029574,0.0365068002863278,0.1794483435139376,0.6260640137830803,0.0730136005726556,0.3588966870278752,1.0,0.767355728663218,0.1412917148801377,0.026204339353502665,0.0730136005726556,0.05602740466975529,0.010316216834483914,0.3588966870278752,0.2754014287890901,0.050709128374968555,0.767355728663218,0.1412917148801377,0.1084210068259237,0.0,0.0,0.0
742,0.929849677881174,0.74455534837102,59236,53,0.7142857142857143,0.1814137304886225,0.0881947419993644,0.0,1,0,1,0,0,0,0,1,0,0.6574421127752359,0.5564997084965173,0.538996500732687,0.16671179804169506,0.08452012322504675,0.5424123120973514,0.4343239532164283,0.0932189884892581,0.929849677881174,0.74455534837102,0.7142857142857143,0.1814137304886225,0.0881947419993644,0.6923245508474982,0.6641783413436957,0.16868749885806775,0.08200785243892224,0.5318252488364429,0.13507256330324266,0.065665866853829,0.1295812360633018,0.0629962442852603,0.01599973715558629,0.0,0.0,1.0
743,0.5404438081603435,0.8293290219543796,37850,443,0.5714285714285714,0.3272063961824418,0.1865698419181979,0.0,0,0,0,0,0,0,0,0,0,0.43207056202471317,0.6039492449493332,0.4519851237430572,0.2830762791881221,0.17106665897770787,0.3439187870111277,0.5277548321527871,0.1406365542642439,0.5404438081603435,0.8293290219543796,0.5714285714285714,0.3272063961824418,0.1865698419181979,0.4482057348429181,0.308825033234482,0.17683667080726093,0.10083051585414417,0.47390229825964547,0.2713617605232017,0.15472778452420227,0.18697508353282388,0.10661133823897022,0.061046845610381394,0.0,0.0,0.0
744,0.3078024337866857,0.3415769963151928,13901,80,0.0714285714285714,0.2988666211658177,0.9140096000841864,0.0,0,1,1,0,0,0,1,0,0,0.26834819712104485,0.2938457849242791,0.06899287148695142,0.2614920543303464,0.6492003087361495,0.28728227153424,0.3188051965608466,-0.6151429789183687,0.3078024337866857,0.3415769963151928,0.0714285714285714,0.2988666211658177,0.9140096000841864,0.10513823079136211,0.0219858881276204,0.09199187337244208,0.28133437941030787,0.024398356879656618,0.10208596275669063,0.31220465380000695,0.021347615797558398,0.06528640000601328,0.2731669608902811,0.0,1.0,0.0
745,0.3228346456692913,0.5837196205420285,27999,443,0.7142857142857143,0.917705397055652,0.9814907031967732,0.0,0,0,0,1,1,0,0,0,1,0.2797768929446677,0.45977627049103703,0.538996500732687,0.6511293656312002,0.6838494418365756,0.18832020997375326,0.34050311198284994,-0.06378530614112121,0.3228346456692913,0.5837196205420285,0.7142857142857143,0.917705397055652,0.9814907031967732,0.18844491686789897,0.23059617547806524,0.2962670966872577,0.31685920339423385,0.41694258610144896,0.5356826461386969,0.5729153808355493,0.6555038550397515,0.7010647879976952,0.9007193154836259,1.0,0.0,0.0
746,0.4910522548317824,0.3825555734283182,62872,443,0.7857142857142857,0.6186318267430035,0.0528489126033468,0.0,0,0,0,0,0,0,0,1,0,0.3994820820040102,0.3239336513846125,0.5798184952529422,0.48158124101663297,0.05149974004935783,0.27498926270579815,0.2142311211198582,0.5657829141396568,0.4910522548317824,0.3825555734283182,0.7857142857142857,0.6186318267430035,0.0528489126033468,0.18785477693044114,0.3858267716535433,0.3037805534328564,0.02595157769928125,0.30057937912225,0.2366610532206777,0.020217646066036408,0.4860678638695028,0.041524145616915344,0.03269401934518978,0.0,0.0,0.0
747,0.3006442376521117,0.8142420994412859,35213,53,0.8571428571428571,0.7885373347638671,0.396688634938279,0.0,0,0,1,0,1,0,0,1,0,0.26285970913920936,0.5956678044422431,0.6190392084062234,0.5813981544019746,0.33410417421498956,0.16188535873575244,0.4384380535453078,0.3918486998255881,0.3006442376521117,0.8142420994412859,0.8571428571428571,0.7885373347638671,0.396688634938279,0.2447971952507803,0.25769506084466715,0.2370692058703108,0.11926215223627572,0.6979217995211021,0.6420602949459673,0.32300058693664213,0.6758891440833147,0.34001882994709626,0.31280379892534715,0.0,0.0,0.0
748,0.0744452397995704,0.1328482575808248,8279,80,0.4285714285714286,0.6819228465411582,0.614112618787057,1.0,0,0,0,0,0,0,0,0,0,0.07180447237650003,0.12473504331551134,0.3566749439387324,0.5199376904280374,0.4787853436136705,0.052111667859699284,0.09299378030657736,0.06781022775410117,0.0744452397995704,0.1328482575808248,0.4285714285714286,0.6819228465411582,0.614112618787057,0.0098899203925596,0.03190510277124446,0.05076590983556217,0.045717761169544624,0.056934967534639204,0.09059226196754905,0.08158379136425782,0.29225264851763927,0.2631911223373102,0.41877742510011506,0.0,0.0,0.0
749,0.4209019327129563,0.0531609480975238,2166,53,0.0,0.4992575150204423,0.7631252664795467,0.0,1,0,0,1,1,0,1,0,0,0.35129183386432894,0.05179606866802488,0.0,0.4049699955738076,0.5670879539145854,0.4209019327129563,0.0531609480975238,-0.2638677514591044,0.4209019327129563,0.0531609480975238,0.0,0.4992575150204423,0.7631252664795467,0.022375545799100924,0.0,0.21013845299357198,0.321200899563331,0.0,0.02654100284330044,0.0405684626832282,0.0,0.0,0.3809960241918913,0.0,1.0,1.0
750,0.9613457408733,0.6306532883893025,27053,80,0.7142857142857143,0.9930796889092992,0.1272715626218994,0.0,0,0,0,1,0,0,0,0,1,0.6736308401251541,0.48898072494652794,0.538996500732687,0.6896810248313526,0.11980016665409446,0.5607850155094249,0.36788108489375976,0.8658081262873998,0.9613457408733,0.6306532883893025,0.7142857142857143,0.9930796889092992,0.1272715626218994,0.6062758527607969,0.6866755291952144,0.9546929292807366,0.12235197466085247,0.4504666345637875,0.626288971443275,0.08026422948594589,0.7093426349352138,0.09090825901564242,0.12639080381555626,1.0,0.0,0.0
751,0.2226198997852541,0.6161243522456291,35935,443,0.2142857142857143,0.0184910315784989,0.7406027507646566,0.0,1,0,0,0,0,0,0,1,0,0.20099601509155335,0.4800309077854022,0.19415601444095748,0.0183221511265623,0.5542314617263058,0.18333403511726806,0.5073965253787533,-0.7221117191861578,0.2226198997852541,0.6161243522456291,0.2142857142857143,0.0184910315784989,0.7406027507646566,0.13716154155217655,0.04770426423969731,0.004116471596931394,0.16487291015591138,0.13202664690977767,0.011392774853656107,0.4563033900862052,0.003962363909678336,0.1587005894495693,0.013694508851512415,0.0,0.0,1.0
752,0.2376521116678596,0.6876817284036149,51576,443,0.3571428571428571,0.386452449125918,0.9875955566627336,0.0,0,1,0,1,0,0,0,0,1,0.21321612642632862,0.5233558288721444,0.30538164955118186,0.3267482898677858,0.6869256452146173,0.17511208228158076,0.5067128525079267,-0.6011431075368157,0.2376521116678596,0.6876817284036149,0.3571428571428571,0.386452449125918,0.9875955566627336,0.16342901491052259,0.0848757541670927,0.09184124059399049,0.23470416951469392,0.24560061728700527,0.26575628816072133,0.6791514193695588,0.13801873183068497,0.35271269880811906,0.3816587216181877,1.0,0.0,0.0
753,0.0536864710093056,0.7605808244023325,13106,80,1.0,0.5772262384140285,0.2766221888368319,0.0,0,1,0,0,0,1,1,0,0,0.05229494003185968,0.565643768472424,0.6931471805599453,0.45566775895576245,0.2442176748863496,0.0268432355046528,0.3802904122011663,0.30060404957719666,0.0536864710093056,0.7605808244023325,1.0,0.5772262384140285,0.2766221888368319,0.040832900379509575,0.0536864710093056,0.030989239714425264,0.014850869121519233,0.7605808244023325,0.4390272082795992,0.2103935324334953,0.5772262384140285,0.2766221888368319,0.15967358552413954,0.0,1.0,0.0
754,0.3171080887616321,0.8030756482473387,28011,443,0.5714285714285714,0.4117375326267849,0.8615479566770833,0.0,1,0,0,1,0,1,0,0,1,0.2754384913460695,0.5894939002169656,0.4519851237430572,0.34482123838379575,0.6214083763823964,0.20179605648467497,0.511048139793761,-0.44981042405029836,0.3171080887616321,0.8030756482473387,0.5714285714285714,0.4117375326267849,0.8615479566770833,0.2546617839467223,0.18120462214950406,0.1305653020427099,0.2732038259183593,0.4589003704270507,0.3306563859220151,0.6918881838046187,0.2352785900724485,0.49231311810119044,0.35473162992187046,1.0,0.0,1.0
755,0.5354330708661418,0.4468095338254251,42609,443,0.0714285714285714,0.6100540646900994,0.9553181980638242,0.0,0,1,0,1,0,0,0,1,0,0.42881247210515555,0.36936081066866544,0.06899287148695142,0.47626775898541424,0.6705529413511353,0.499737532808399,0.41702223157039675,-0.34526413337372486,0.5354330708661418,0.4468095338254251,0.0714285714285714,0.6100540646900994,0.9553181980638242,0.2392366007884166,0.03824521934758154,0.32664312125139183,0.5115089564436225,0.03191496670181607,0.27257797225248903,0.4268452787318424,0.04357529033500708,0.06823701414741598,0.5827957498012574,0.0,0.0,0.0
756,0.1596277738010021,0.304624695632484,46357,443,0.8571428571428571,0.9882749290060636,0.8405128874917136,0.0,0,0,1,0,0,1,0,0,1,0.1480990689694679,0.2659154098591986,0.6190392084062234,0.687267392941255,0.6100442759812439,0.08595341666207805,0.16402868226364523,0.14776204151435002,0.1596277738010021,0.304624695632484,0.8571428571428571,0.9882749290060636,0.8405128874917136,0.04862656200862127,0.13682380611514464,0.15775612682058132,0.13416920108135438,0.2611068819707006,0.30105294944968686,0.25604098252734353,0.8470927962909116,0.7204396178500402,0.8306578142145548,1.0,0.0,0.0
757,0.1596277738010021,0.6346893901130303,23607,80,0.5,0.2763680390719836,0.335440023340192,1.0,0,1,0,0,1,0,0,1,0,0.1480990689694679,0.49145281083555553,0.4054651081081644,0.24401857520871706,0.2892608430425249,0.10641851586733474,0.42312626007535353,-0.05907198426820842,0.1596277738010021,0.6346893901130303,0.5,0.2763680390719836,0.335440023340192,0.10131405439885878,0.07981388690050105,0.04411601482680911,0.05354554416955103,0.31734469505651514,0.17540786216533139,0.2129002238332871,0.1381840195359918,0.167720011670096,0.09270490147678928,0.0,0.0,0.0
758,0.1152469577666427,0.8920608592836905,30293,53,0.2142857142857143,0.5645306907593017,0.5660544070389486,0.0,0,1,0,1,0,1,0,0,1,0.10907586717373166,0.6376666367527797,0.19415601444095748,0.44758590091061295,0.4485593396464193,0.09490925933723515,0.7346383547042157,-0.0015237162796468695,0.1152469577666427,0.8920608592836905,0.2142857142857143,0.5645306907593017,0.5660544070389486,0.10280730017514247,0.02469577666428058,0.06506044467591088,0.0652360483416397,0.1911558984179337,0.5035957330907581,0.5049549807444844,0.12097086230556467,0.12129737293691757,0.3195550854130446,1.0,0.0,0.0
759,0.2691481746599856,0.3871728672560893,34577,80,0.2857142857142857,0.6860094038524887,0.37830341029184,0.0,1,0,1,0,0,0,0,1,0,0.238345946817246,0.32726776749305636,0.2513144282809061,0.5223644371753121,0.32085332998918475,0.2093374691799888,0.3011344523102917,0.30770599356064865,0.2691481746599856,0.3871728672560893,0.2857142857142857,0.6860094038524887,0.37830341029184,0.10420687049984934,0.0768994784742816,0.1846381788464822,0.10181967234769634,0.11062081921602551,0.26560422785420856,0.14646881605544845,0.19600268681499675,0.10808668865481143,0.2595196969696686,0.0,0.0,1.0
760,0.294201861130995,0.0179197397223398,4864,443,0.0,0.4183120045141475,0.1436070955676684,0.0,0,1,0,0,0,1,0,0,0,0.25789418169516,0.01776107388301441,0.0,0.3494674352987848,0.13418738603549848,0.294201861130995,0.0179197397223398,0.27470490894647914,0.294201861130995,0.0179197397223398,0.0,0.4183120045141475,0.1436070955676684,0.005272020777295388,0.0,0.12306817026149938,0.042249474787624704,0.0,0.0074960422436237545,0.002573401774853795,0.0,0.0,0.06007257200936612,0.0,0.0,0.0
761,0.0236220472440944,0.0900551085015201,19743,53,0.9285714285714284,0.4095880851334454,0.2706675305279855,0.0,0,1,0,1,0,1,0,0,0,0.023347363996991062,0.086228253221302,0.6567795363890704,0.34329752350616916,0.23954237697250166,0.012248468941382283,0.04669524144523265,0.13892055460545993,0.0236220472440944,0.0900551085015201,0.9285714285714284,0.4095880851334454,0.2706675305279855,0.002127286027594955,0.02193475815523051,0.009675309097640408,0.006393721193574437,0.08362260075141151,0.036885499447622275,0.024374993829536236,0.3803317933381992,0.25133413549027217,0.11086219553675596,0.0,0.0,0.0
762,0.5397279885468862,0.4880852550139027,33400,443,0.3571428571428571,0.6240998145787815,0.7105338405021584,0.0,1,0,0,1,1,0,1,0,0,0.4316057700107682,0.39749022980582716,0.30538164955118186,0.4849537020298165,0.5368055092223758,0.3976943073503372,0.35964176685234933,-0.0864340259233769,0.5397279885468862,0.4880852550139027,0.3571428571428571,0.6240998145787815,0.7105338405021584,0.2634332729280477,0.1927599959096022,0.33684413757509035,0.383495000528724,0.17431616250496523,0.30461391715281394,0.34680109073750365,0.22289279092099337,0.253762085893628,0.44344403810934657,0.0,1.0,1.0
763,0.7745168217609163,0.2611017377363979,4112,80,0.8571428571428571,0.3971662011319594,0.0704514712569047,0.0,0,1,0,1,0,1,1,0,0,0.5735281727782287,0.23198573393163896,0.6190392084062234,0.3344460432284873,0.06808049523807216,0.4170475194097241,0.14059324339652193,0.3267147298750547,0.7745168217609163,0.2611017377363979,0.8571428571428571,0.3971662011319594,0.0704514712569047,0.2022276880678472,0.6638715615093568,0.30761190381158204,0.05456584960627837,0.22380148948834103,0.10370078528571831,0.018395001571263704,0.34042817239882234,0.06038697536306116,0.027980943203262266,0.0,1.0,0.0
764,0.3428775948460988,0.6449854399993672,2514,80,0.2857142857142857,0.057594996764914,0.5193628285691164,0.0,0,0,0,1,1,0,0,0,0,0.29481477030920816,0.49773153311394985,0.2513144282809061,0.0559974593598758,0.41829105524192556,0.26668257376918797,0.5016553422217301,-0.46176783180420244,0.3428775948460988,0.6449854399993672,0.2857142857142857,0.057594996764914,0.5193628285691164,0.2211510563777358,0.09796502709888537,0.019748033965922555,0.17807787751224538,0.18428155428553347,0.03714793433018019,0.3349814625039675,0.016455713361404,0.14838937959117612,0.029912700431254845,0.0,0.0,0.0
765,0.8067287043664997,0.3718442800696539,29982,80,0.9285714285714284,0.1157912802624014,0.7947490165186742,0.0,0,0,0,1,1,0,1,0,0,0.591517864404142,0.3161560243707464,0.6567795363890704,0.10956382161331117,0.5848651884975252,0.4183037726344814,0.19280814522130205,-0.6789577362562729,0.8067287043664997,0.3718442800696539,0.9285714285714284,0.1157912802624014,0.7947490165186742,0.29997745428668576,0.7491052254831781,0.09341214950302533,0.6411468443926599,0.3452839743503929,0.04305632524751618,0.29552287588345194,0.1075204745293727,0.7379812296244831,0.0920250061099817,0.0,1.0,0.0
766,0.1123836793128131,0.6698888284610754,34562,80,0.8571428571428571,0.3055441389917446,0.0460997473851466,0.0,0,0,1,0,0,0,0,0,0,0.10650517167063087,0.5127570544290101,0.6190392084062234,0.26661991861364637,0.045068721885039256,0.06051428886074551,0.3607093691713483,0.259444391606598,0.1123836793128131,0.6698888284610754,0.8571428571428571,0.3055441389917446,0.0460997473851466,0.07528457127300557,0.09632886798241122,0.03433817453235782,0.00518085922653401,0.5741904243952075,0.2046806053123278,0.03088170576818738,0.2618949762786382,0.03951406918726851,0.014085507622531546,0.0,0.0,0.0
767,0.3808160343593414,0.0593502562210766,9676,443,0.2857142857142857,0.2038951449483796,0.6143495976509844,0.0,0,1,0,0,1,0,0,1,0,0.32267465364876724,0.05765575435444428,0.2513144282809061,0.18556225418086372,0.4789321496460573,0.2961902489461545,0.04616131039417069,-0.41045445270260483,0.3808160343593414,0.0593502562210766,0.2857142857142857,0.2038951449483796,0.6143495976509844,0.022601529212321222,0.10880458124552611,0.07764654052436502,0.23395417748770486,0.01695721606316474,0.01210122909491988,0.03646180602990124,0.058255755699537025,0.1755284564717098,0.12526290026202616,0.0,0.0,0.0
768,0.1560486757337151,0.3504124998256492,54205,443,0.4285714285714286,0.8463897827384725,0.250348272341941,0.0,1,0,0,0,1,0,0,1,0,0.14500787639979507,0.3004101012041927,0.3566749439387324,0.6132322637041538,0.22342213038101083,0.10923407301360055,0.24528874987795443,0.5960415103965315,0.1560486757337151,0.3504124998256492,0.4285714285714286,0.8463897827384725,0.250348272341941,0.05468140655833323,0.0668780038858779,0.13207800475088546,0.039066516371183344,0.15017678563956396,0.29658555959627625,0.08772516393837199,0.36273847831648826,0.10729211671797473,0.2118922198364474,0.0,0.0,1.0
769,0.0028632784538296,0.8218428590140143,58772,80,0.6428571428571429,0.0100912921438895,0.057777651568262,0.0,0,1,1,0,1,0,1,0,0,0.002859187080045151,0.5998485486935298,0.4964368863138911,0.010040715029672069,0.05617015215132875,0.0017428651458093218,0.5002521750520087,-0.0476863594243725,0.0028632784538296,0.8218428590140143,0.6428571428571429,0.0100912921438895,0.057777651568262,0.002353164950648545,0.0018406790060333145,2.8894179366898716e-05,0.0001654335048482786,0.528327552223295,0.008293456386679807,0.04748415035197599,0.006487259235357536,0.037142776008168434,0.0005830511613631871,0.0,1.0,0.0
770,0.5289906943450251,0.8252033167660989,20585,53,0.7142857142857143,0.7692924730867796,0.5161412547510027,0.0,0,1,0,0,0,1,1,0,0,0.4246078408231237,0.601691387276395,0.538996500732687,0.5705797339519838,0.41616845883669584,0.308577905034598,0.48136860144689103,0.2531512183357769,0.5289906943450251,0.8252033167660989,0.7142857142857143,0.7692924730867796,0.5161412547510027,0.4365248755119164,0.3778504959607322,0.4069485594925771,0.2730339207308454,0.5894309405472136,0.6348227003544055,0.42592147534034347,0.5494946236334141,0.3686723248221448,0.3970635823295124,0.0,1.0,0.0
771,0.3378668575518969,0.983866834652956,62400,80,0.0714285714285714,0.907035257463778,0.5588019195642906,0.0,0,0,1,0,1,0,1,0,0,0.291076448198601,0.6850478869794913,0.06899287148695142,0.645549814891934,0.44391752591884814,0.3153424003817704,0.918275712342759,0.3482333378994874,0.3378668575518969,0.983866834652956,0.0714285714285714,0.907035257463778,0.5588019195642906,0.332415995673726,0.024133346967992624,0.3064571521280624,0.1888006485571547,0.07027620247521112,0.8924019076795162,0.5497866757997143,0.06478823267598412,0.039914422826020736,0.5068530429832497,0.0,1.0,0.0
772,0.3564781675017895,0.2594471284922997,33675,443,0.7857142857142857,0.418892721382015,0.2706292030628075,0.0,1,0,0,0,0,1,0,1,0,0.3048917582595648,0.23067283775736705,0.5798184952529422,0.34987679375690134,0.2395122132653877,0.19962777380100213,0.14529039195568783,0.14826351831920748,0.3564781675017895,0.2594471284922997,0.7857142857142857,0.418892721382015,0.2706292030628075,0.0924872369285363,0.28008998875140606,0.1493261096980984,0.0964734023802993,0.20385131524394973,0.10868051370888873,0.07021396962080488,0.3291299953715832,0.2126372309779202,0.1133646033564254,0.0,0.0,1.0
773,0.4931997136721546,0.3273241999496716,52245,53,0.8571428571428571,0.4202579290796331,0.2871175757227798,0.0,0,1,0,1,0,1,0,0,0,0.4009212763037559,0.28316503594796416,0.6190392084062234,0.35083849531551087,0.2524052808692016,0.2655690765926986,0.1762514922805924,0.1331403533568533,0.4931997136721546,0.3273241999496716,0.8571428571428571,0.4202579290796331,0.2871175757227798,0.16143620169314513,0.42274261171898964,0.2072710902905277,0.14160630613671815,0.28056359995686136,0.13756059040849675,0.09398053076494815,0.3602210820682569,0.2461007791909541,0.12066343777562018,0.0,0.0,0.0
774,0.7165354330708661,0.4562541762223932,36438,53,0.5714285714285714,0.0403232200431755,0.1549637026914965,0.0,1,0,0,1,1,0,0,0,1,0.5403079763304977,0.3758675061199629,0.4519851237430572,0.039531453371591814,0.14406891723881363,0.45597709377236934,0.29034356668697753,-0.11464048264832101,0.7165354330708661,0.4562541762223932,0.5714285714285714,0.0403232200431755,0.1549637026914965,0.3269222837499038,0.40944881889763773,0.028893015936448583,0.11103698381831639,0.2607166721270818,0.01839763754343333,0.0707028365158806,0.02304184002467171,0.08855068725228371,0.00624863548233444,1.0,0.0,1.0
775,0.768790264853257,0.0715946786159402,25618,53,1.0,0.2180064768311158,0.401722338152235,0.0,1,0,0,0,0,1,1,0,0,0.5702958467316482,0.06914789284539725,0.6931471805599453,0.1972154868689001,0.33770172203148596,0.3843951324266285,0.0357973393079701,-0.18371586132111922,0.768790264853257,0.0715946786159402,1.0,0.2180064768311158,0.401722338152235,0.055041291935232474,0.768790264853257,0.16760125706271894,0.3088402227455264,0.0715946786159402,0.015608103644917147,0.028761181692853317,0.2180064768311158,0.401722338152235,0.08757807160492688,0.0,1.0,1.0
776,0.1768074445239799,0.5960240489010968,56155,443,0.8571428571428571,0.3289584659651643,0.4498986785886897,0.0,0,1,0,0,1,0,0,0,0,0.16280521635916337,0.4675155671478623,0.6190392084062234,0.2843955271473144,0.37149367715559684,0.09520400858983533,0.3209360263313598,-0.12094021262352539,0.1768074445239799,0.5960240489010968,0.8571428571428571,0.3289584659651643,0.4498986785886897,0.10538148896103856,0.15154923816341134,0.058162305721829316,0.07954543565598161,0.5108777562009401,0.1960671568048509,0.268150432007684,0.28196439939871226,0.3856274387903054,0.14799797914828988,0.0,0.0,0.0
777,0.4638511095204009,0.8971256294388653,33529,53,1.0,0.8362302378756663,0.7993677322854459,0.0,0,1,1,0,1,0,1,0,0,0.3810707092199403,0.6403399140836751,0.6931471805599453,0.607714686229203,0.5874353433545116,0.23192555476020044,0.44856281471943266,0.03686250559022042,0.4638511095204009,0.8971256294388653,1.0,0.8362302378756663,0.7993677322854459,0.4161327185944057,0.4638511095204009,0.3878863236531366,0.37078760953541084,0.8971256294388653,0.7502035785100192,0.717133279979699,0.8362302378756663,0.7993677322854459,0.6684554689191904,0.0,1.0,0.0
778,0.1467430207587687,0.8257641714513582,10571,443,1.0,0.1190128664650824,0.7431924986901381,0.0,0,0,1,0,0,1,0,0,0,0.13692576837134263,0.6019986234769259,0.6931471805599453,0.11244692744517022,0.5557182014552937,0.07337151037938434,0.4128820857256791,-0.6241796322250558,0.1467430207587687,0.8257641714513582,1.0,0.1190128664650824,0.7431924986901381,0.12117512895313408,0.1467430207587687,0.017464307534246153,0.10905831226304812,0.8257641714513582,0.0982765610685899,0.6137017379097265,0.1190128664650824,0.7431924986901381,0.08844946960446033,0.0,0.0,0.0
779,0.2319255547602004,0.5521688349016128,40600,80,1.0,0.8997011418444805,0.7412630820296421,0.0,0,1,0,0,0,0,0,1,0,0.2085784369545776,0.43965320121907775,0.6931471805599453,0.64169658003437,0.5546107590942184,0.1159627773801002,0.2760844174508064,0.15843805981483838,0.2319255547602004,0.5521688349016128,1.0,0.8997011418444805,0.7412630820296421,0.12806206335585008,0.2319255547602004,0.20866368644066688,0.17191785152298067,0.5521688349016128,0.4967869312519175,0.40930237235988615,0.8997011418444805,0.7412630820296421,0.6669152413092277,0.0,0.0,0.0
780,0.7637795275590551,0.6446277364746704,54261,53,0.0,0.2503989513079334,0.4990549886919254,0.0,0,1,0,1,1,0,0,0,1,0.5674589653964486,0.4975140585922251,0.0,0.22346266143950408,0.4048349020313072,0.7637795275590551,0.6446277364746704,-0.248656037383992,0.7637795275590551,0.6446277364746704,0.0,0.2503989513079334,0.4990549886919254,0.4923534680160868,0.0,0.1912495927312562,0.38116798348910835,0.0,0.16141410919726432,0.3217046877368681,0.0,0.0,0.12496284581345067,1.0,0.0,0.0
781,0.7888332140300645,0.9359997131160134,5566,53,1.0,0.566261799918018,0.9730557039823464,0.0,1,0,1,0,1,0,1,0,0,0.5815635715779905,0.660623840670497,0.6931471805599453,0.44869176106601405,0.6795834597804743,0.39441660701503223,0.4679998565580067,-0.40679390406432847,0.7888332140300645,0.9359997131160134,1.0,0.566261799918018,0.9730557039823464,0.7383476620285231,0.7888332140300645,0.4466861156117794,0.7675786584026814,0.9359997131160134,0.5300208822718222,0.9107798597733767,0.566261799918018,0.9730557039823464,0.5510042743575375,0.0,1.0,1.0
782,0.4760200429491767,0.0207131317742407,39719,53,0.7142857142857143,0.9694519088919272,0.5930838206658726,0.0,1,0,0,0,0,1,0,0,1,0.38934930531994333,0.02050153180379089,0.538996500732687,0.6777552852032713,0.4656716476640741,0.2776783583870197,0.012082660201640406,0.3763680882260546,0.4760200429491767,0.0207131317742407,0.7142857142857143,0.9694519088919272,0.5930838206658726,0.009859865876786014,0.3400143163922691,0.46147853930789656,0.2823197857858305,0.014795094124457642,0.020080385137667675,0.012284623330622359,0.6924656492085195,0.4236313004756233,0.5749662420774476,1.0,0.0,1.0
783,0.0343593414459556,0.9860953765994436,28854,80,0.0714285714285714,0.0912510431750073,0.1061869649555331,0.0,1,0,0,1,0,0,1,0,0,0.033782241289570705,0.6861705889408618,0.06899287148695142,0.08732478411624187,0.10091893488537647,0.03206871868289189,0.9203556848261474,-0.014935921780525802,0.0343593414459556,0.9860953765994436,0.0714285714285714,0.0912510431750073,0.1061869649555331,0.03388158774285846,0.002454238674711113,0.0031353257497497124,0.0036485141860168836,0.07043538404281736,0.08998223178475091,0.10471047519777833,0.006517931655357662,0.007584783211109504,0.00968967132378034,0.0,1.0,1.0
784,0.2462419470293485,0.0658464271453509,3482,443,0.7857142857142857,0.2218820097449789,0.3980370849642247,0.0,0,1,1,0,0,0,0,0,0,0.22013258051122714,0.06376925077374945,0.5798184952529422,0.20039230105082378,0.3350691706158775,0.13789549033643517,0.03687399920139651,-0.17615507521924578,0.2462419470293485,0.0658464271453509,0.7857142857142857,0.2218820097449789,0.3980370849642247,0.016214152425197352,0.19347581552305954,0.054636658090388486,0.09801342679147691,0.05173647847134713,0.014610137589536791,0.026209319916244665,0.1743358647996263,0.3127434239004622,0.08831726836489509,0.0,0.0,0.0
785,0.2555476020042949,0.3366994104798474,27312,443,0.3571428571428571,0.1941745128293712,0.9872796159162124,0.0,0,1,0,1,0,1,0,1,0,0.22757181367516652,0.29020344896867056,0.30538164955118186,0.1774551624389009,0.6867666763245419,0.1882982330557962,0.24809430245883493,-0.7931051030868412,0.2555476020042949,0.3366994104798474,0.3571428571428571,0.1941745128293712,0.9872796159162124,0.08604272694438476,0.09126700071581959,0.049620831123898,0.25229693835510936,0.12024978945708835,0.06537844399986086,0.33241646465775887,0.06934804029620399,0.35259986282721867,0.19170453844689925,0.0,0.0,0.0
786,0.4996420901932713,0.284080239568153,35282,443,0.9285714285714284,0.6263381026629284,0.1882391874138283,0.0,0,0,1,0,0,0,1,0,0,0.4052264730992763,0.25004269519074207,0.6567795363890704,0.4863309247271411,0.17247253688196532,0.2590736763965111,0.14730086496126452,0.43809891524910016,0.4996420901932713,0.284080239568153,0.9285714285714284,0.6263381026629284,0.1882391874138283,0.14193844468043723,0.4639533694651804,0.31294487878219335,0.09405222105572811,0.26378879388471344,0.1779302782551471,0.05347503345663479,0.5815996667584334,0.1747935311699834,0.11790137549158862,0.0,1.0,0.0
787,0.5447387258410881,0.8446223991555245,39830,80,0.5,0.0279773581535627,0.5590142169649176,0.0,0,0,1,0,1,0,0,0,1,0.43485478656111815,0.6122745948421032,0.4054651081081644,0.02759314164796762,0.4440537093188041,0.3631591505607254,0.5630815994370163,-0.5310368588113549,0.5447387258410881,0.8446223991555245,0.5,0.0279773581535627,0.5590142169649176,0.4600985295328233,0.27236936292054403,0.015240350432971523,0.3045166922765228,0.42231119957776225,0.023630303365695503,0.47215592909495563,0.01398867907678135,0.2795071084824588,0.015639740960960907,1.0,0.0,0.0
788,0.4523979957050823,0.1240711205784393,46690,80,0.2142857142857143,0.3139999255715011,0.7782795607483197,0.0,1,0,0,0,1,0,0,1,0,0.3732159805688529,0.11695702400572835,0.19415601444095748,0.2730758634197239,0.5756463579986298,0.3725630552865383,0.10217621694695,-0.46427963517681864,0.4523979957050823,0.1240711205784393,0.2142857142857143,0.3139999255715011,0.7782795607483197,0.05612952627456953,0.09694242765108908,0.1420529369800921,0.3520921133807717,0.02658666869537985,0.038958322627202675,0.09656201722533955,0.06728569833675024,0.16677419158892567,0.24437972414879294,0.0,0.0,1.0
789,0.7759484609878311,0.358528822429194,13630,80,0.0714285714285714,0.3819695345519243,0.10304347832454,0.0,1,0,0,1,0,0,1,0,0,0.5743346244348392,0.3064023660222446,0.06899287148695142,0.32350968063934366,0.09807315773976333,0.7242185635886423,0.3346269009339144,0.2789260562273843,0.7759484609878311,0.358528822429194,0.0714285714285714,0.3819695345519243,0.10304347832454,0.2781998879837124,0.05542489007055934,0.2963886724798038,0.07995642842075974,0.025609201602085272,0.13694708742672873,0.0369440569427055,0.027283538182280295,0.007360248451752854,0.039359469454235844,0.0,1.0,1.0
790,0.7473156764495347,0.7887034999572605,57246,80,0.5,0.528487525227713,0.1129473145780553,1.0,1,0,0,0,0,1,0,1,0,0.5580807111359982,0.5814910557196048,0.4054651081081644,0.42427870086808916,0.1070117347651478,0.49821045096635647,0.5258023333048404,0.41554021064965774,0.7473156764495347,0.7887034999572605,0.5,0.528487525227713,0.1129473145780553,0.5894104895886757,0.37365783822476734,0.39494701241068886,0.08440729879705779,0.39435174997863026,0.41681996083084827,0.08908194231848593,0.2642437626138565,0.05647365728902765,0.05969124676247244,0.0,0.0,1.0
791,0.1675017895490336,0.9954342179536372,29835,443,0.0714285714285714,0.183711775841596,0.6853978008796813,0.0,1,0,0,1,0,0,0,0,1,0.15486624336405203,0.6908616797684176,0.06899287148695142,0.16865507426107776,0.5220016195490947,0.15633500357909805,0.9290719367567281,-0.5016860250380852,0.1675017895490336,0.9954342179536372,0.0714285714285714,0.183711775841596,0.6853978008796813,0.166737012885577,0.011964413539216682,0.03077205121469825,0.11480535820031881,0.07110244413954549,0.18287298791375303,0.6822684239058082,0.013122269702971137,0.04895698577712007,0.12591564715753087,1.0,0.0,1.0
792,0.0916249105225483,0.6050620307102452,42512,80,0.7142857142857143,0.6857570208508639,0.3663569455086757,0.0,0,0,0,1,1,0,0,0,1,0.08766732978455018,0.4731624042527466,0.538996500732687,0.5222147334471731,0.3121480341212185,0.05344786447148651,0.35295285124764303,0.31940007534218817,0.0916249105225483,0.6050620307102452,0.7142857142857143,0.6857570208508639,0.3663569455086757,0.05543875442441759,0.06544636465896307,0.0628324256756697,0.033567422351546514,0.4321871647930323,0.4149255356098317,0.22166867741428198,0.4898264434649028,0.2616835325061969,0.25123184752005173,1.0,0.0,0.0
793,0.760200429491768,0.8604118214559414,52831,53,0.7857142857142857,0.455831725234618,0.093818152875474,0.0,0,0,0,0,1,0,0,0,1,0.5654276829592306,0.6207978726025841,0.5798184952529422,0.3755773697675103,0.08967446794885829,0.42571224051539014,0.4818306200153272,0.362013572359144,0.760200429491768,0.8604118214559414,0.7857142857142857,0.455831725234618,0.093818152875474,0.6540854362106011,0.5973003374578177,0.3465234732993302,0.07132060011005968,0.6760378597153825,0.3922030049865219,0.08072224780121855,0.3581534983986284,0.07371426297358671,0.04276529048355245,1.0,0.0,0.0
794,0.376521116678597,0.7904863602595136,25218,443,0.5714285714285714,0.6990919496692216,0.5091943316367437,0.0,0,0,0,0,0,0,0,0,0,0.3195593863318179,0.5824872925884702,0.4519851237430572,0.530093961101307,0.41157595322814744,0.239604346977289,0.5030367747105996,0.18989761803247796,0.376521116678597,0.7904863602595136,0.5714285714285714,0.6990919496692216,0.5091943316367437,0.2976348070841118,0.21515492381634113,0.26322288155047285,0.19172241835427858,0.4517064915768649,0.55262265078075,0.40251117388030516,0.39948111409669806,0.29096818950671066,0.35597365806444736,0.0,0.0,0.0
795,0.4423765211166786,0.4538637528106961,40513,443,0.2857142857142857,0.0364692931155063,0.0518207564756412,0.0,0,0,0,1,0,0,0,0,0,0.36629211512382154,0.3742246696386799,0.2513144282809061,0.03582002690300076,0.05052271622029943,0.34407062753519446,0.3530051410749859,-0.015351463360134904,0.4423765211166786,0.4538637528106961,0.2857142857142857,0.0364692931155063,0.0518207564756412,0.20077866802935587,0.12639329174762245,0.016133159016022112,0.02292428597132875,0.12967535794591314,0.01655209023575697,0.023519563007523697,0.010419798033001798,0.014805930421611772,0.0018898663573774302,0.0,0.0,0.0
796,0.6062992125984252,0.583399040825794,8498,53,0.2142857142857143,0.7834793082439484,0.91084019040012,1.0,0,1,1,0,1,0,0,0,1,0.47393290738562516,0.4595738279862835,0.19415601444095748,0.5785661239799249,0.6475430355970243,0.4993052339045854,0.4804462689153597,-0.12736088215617158,0.6062992125984252,0.583399040825794,0.2142857142857143,0.7834793082439484,0.91084019040012,0.3537143790833554,0.1299212598425197,0.4750228876754648,0.5522416902425925,0.12501408017695587,0.45708107693637606,0.5313832934250136,0.1678884231951318,0.19518004080002574,0.7136244422954723,1.0,0.0,0.0
797,0.8095919828203293,0.6361462735301169,54146,53,0.8571428571428571,0.2729395666080565,0.3611497648722545,0.0,0,1,0,0,0,1,1,0,0,0.5931013960097863,0.4923436434320244,0.6190392084062234,0.24132884524182693,0.30832975793293804,0.4359341445955619,0.3425403011316014,-0.08821019826419796,0.8095919828203293,0.6361462735301169,0.8571428571428571,0.2729395666080565,0.3611497648722545,0.5150189229510109,0.6939359852745679,0.2209696849203378,0.2923839542380242,0.5452682344543859,0.17362948819664029,0.22974407710976258,0.2339481999497627,0.30955694131907524,0.09857206030483465,0.0,1.0,0.0
798,0.2197566213314244,0.4690160096078464,15838,443,0.2142857142857143,0.6734109285044898,0.3305908465505636,0.0,0,1,1,0,1,0,0,1,0,0.19865134813229918,0.3845927954358575,0.19415601444095748,0.514864015576627,0.2856230891125727,0.18097604109646714,0.38624847850057936,0.3428200819539262,0.2197566213314244,0.4690160096078464,0.2142857142857143,0.6734109285044898,0.3305908465505636,0.10306937362176721,0.04709070457101952,0.14798651041580407,0.07264952748104724,0.10050343063025281,0.31584050651349055,0.1550523996620252,0.14430234182239068,0.07084089568940649,0.22262348893070033,0.0,0.0,0.0
799,0.7859699355762347,0.0499826799438641,39990,80,0.3571428571428571,0.1844823169189604,0.9385089864035236,0.0,0,0,0,1,0,0,0,0,0,0.5799616489286571,0.048773668741825184,0.30538164955118186,0.16930581577496912,0.6619191138692101,0.5791357420035413,0.03682934311653144,-0.7540266694845632,0.7859699355762347,0.0499826799438641,0.3571428571428571,0.1844823169189604,0.9385089864035236,0.03928488373540643,0.28070354842008377,0.1449975547437498,0.7376398475812949,0.017850957122808604,0.009220920601862902,0.046909194291847624,0.06588654175677156,0.3351817808584013,0.17313831226098714,0.0,0.0,0.0
800,0.1023622047244094,0.2677003830199004,27200,53,0.7142857142857143,0.4174961307034941,0.2643055329718539,0.0,1,0,0,0,0,1,0,0,0,0.09745533615071299,0.2372045371001495,0.538996500732687,0.34889202695360655,0.2345229856386074,0.05971128608923881,0.15615855676160856,0.15319059773164023,0.1023622047244094,0.2677003830199004,0.7142857142857143,0.4174961307034941,0.2643055329718539,0.027402401411485856,0.0731158605174353,0.04273582440271985,0.027054897075859046,0.19121455929992887,0.11176387409865178,0.0707546924108442,0.29821152193106726,0.18878966640846706,0.11034653733927378,0.0,0.0,1.0
801,0.348604151753758,0.6737255399088614,39465,443,0.0714285714285714,0.8232976032934802,0.7340234295425672,0.0,0,0,1,0,0,1,0,1,0,0.2990700958793465,0.5150520039710453,0.06899287148695142,0.6006467315738566,0.5504443901139905,0.3253638749701741,0.6288105039149373,0.08927417375091307,0.348604151753758,0.6737255399088614,0.0714285714285714,0.8232976032934802,0.7340234295425672,0.23486352035477126,0.024900296553839844,0.28700496263702563,0.25588361502307094,0.04812325285063294,0.5546766222845716,0.4945303313743202,0.05880697166381999,0.052430244967326206,0.6043197303036563,0.0,0.0,0.0
802,0.576234788833214,0.9566959277919632,60180,443,0.4285714285714286,0.7256702585823351,0.911438291325635,0.0,1,0,1,0,1,0,0,1,0,0.4550389580256634,0.6712572996385929,0.3566749439387324,0.54561553071501,0.6478559907797803,0.4033643521832498,0.6696871494543742,-0.1857680327432999,0.576234788833214,0.9566959277919632,0.4285714285714286,0.7256702585823351,0.911438291325635,0.5512814759287976,0.24695776664280603,0.4181564482167357,0.5252024513365326,0.41001254048227,0.694245781305461,0.8719693017449001,0.31100153939242936,0.39061641056812935,0.6614036605481153,0.0,0.0,1.0
803,0.3285612025769505,0.7530933186460664,2764,53,0.9285714285714284,0.2456483957267003,0.8441155877594672,0.0,1,0,0,1,0,0,1,0,0,0.284096554089184,0.5613818382051026,0.6567795363890704,0.219656194128015,0.6119998063366336,0.17036506800286322,0.390492831890553,-0.5984671920327669,0.3285612025769505,0.7530933186460664,0.9285714285714284,0.2456483957267003,0.8441155877594672,0.24743724642701814,0.3050925452500254,0.08071053231106327,0.2773436326281999,0.6993009387427759,0.18499616555790294,0.6356978093066521,0.22810208174622165,0.7838216172052194,0.2073556399410138,0.0,1.0,1.0
804,0.5497494631352899,0.6646420100211815,36478,443,0.6428571428571429,0.9699682689882954,0.038547458545449,0.0,0,0,1,0,1,0,0,1,0,0.4380932811796284,0.5096100913183719,0.4964368863138911,0.6780174355076358,0.037823062418839704,0.3346301079953939,0.4045647017520235,0.9314208104428463,0.5497494631352899,0.6646420100211815,0.6428571428571429,0.9699682689882954,0.038547458545449,0.36538658818630454,0.3534103691584007,0.5332395351345819,0.02119144464059043,0.42726986358504526,0.6446816599571467,0.025620260328855393,0.6235510300639042,0.0247805090649315,0.037389811639227236,0.0,0.0,0.0
805,0.0780243378668575,0.9164063173579656,52499,53,1.0,0.4336947707609617,0.6469412643249616,0.0,0,0,0,0,1,0,0,0,0,0.07513004910287703,0.6504517224928879,0.6931471805599453,0.36025486789017663,0.4989197883403815,0.03901216893342875,0.4582031586789828,-0.21324649356399988,0.0780243378668575,0.9164063173579656,1.0,0.4336947707609617,0.6469412643249616,0.07150199612886055,0.0780243378668575,0.03383874732494259,0.05047716378770277,0.9164063173579656,0.39744062773046,0.5928610615869443,0.4336947707609617,0.6469412643249616,0.28057504332722094,0.0,0.0,0.0
806,0.7072297780959198,0.4905473921881713,44709,53,0.5714285714285714,0.0486036614176415,0.457265534569751,0.0,1,0,0,1,0,0,1,0,0,0.5348720440654797,0.3991434297983455,0.4519851237430572,0.047459432870246517,0.3765617580821056,0.45005531333376714,0.31216652230156355,-0.4086618731521095,0.7072297780959198,0.4905473921881713,0.5714285714285714,0.0486036614176415,0.457265534569751,0.3469297233227725,0.404131301769097,0.034373956679047815,0.32339180254467714,0.28031279553609784,0.023842399359220872,0.22431041552072142,0.027773520810080853,0.26129459118271486,0.02222477922018502,0.0,1.0,1.0
807,0.6921975662133142,0.9105713841899142,29411,53,0.2857142857142857,0.958917666443436,0.7285666745541186,1.0,0,1,1,0,1,0,1,0,0,0.526028019269027,0.6474023513470281,0.2513144282809061,0.6723921097195326,0.5472925532856522,0.5383758848325777,0.7082221877032667,0.2303509918893174,0.6921975662133142,0.9105713841899142,0.2857142857142857,0.958917666443436,0.7285666745541186,0.6302952959997473,0.19777073320380403,0.663760474911097,0.5043120789504887,0.2601632526256898,0.873162986857562,0.6634119653233865,0.273976476126696,0.20816190701546244,0.6986354554118898,0.0,1.0,0.0
808,0.0250536864710093,0.5584594256699328,12382,80,0.2142857142857143,0.311018976215097,0.1467665333100846,0.0,0,1,0,1,0,0,0,1,0,0.0247449882636291,0.4436977856675153,0.19415601444095748,0.2708046792878646,0.13694627192780265,0.020632447682007657,0.45990776231641517,0.1642524429050124,0.0250536864710093,0.5584594256699328,0.2142857142857143,0.311018976215097,0.1467665333100846,0.013991467357514418,0.005368647100930565,0.007792171916627339,0.003677042709987802,0.11966987692927132,0.17369147882953356,0.0819631538999169,0.06664692347466365,0.03144997142358956,0.045647176932741444,0.0,0.0,0.0
809,0.0121689334287759,0.0491512205093349,34036,53,0.7142857142857143,0.5383362788045067,0.2319374746268339,0.0,0,0,0,1,1,0,0,0,0,0.012095487199556202,0.04798147584947762,0.538996500732687,0.4307014940006951,0.20858811270886377,0.007098544500119274,0.028671545297112026,0.30639880417767285,0.0121689334287759,0.0491512205093349,0.7142857142857143,0.5383362788045067,0.2319374746268339,0.0005981179303211811,0.0086920953062685,0.006550978339066985,0.002822431688372341,0.035108014649524934,0.026459885147695105,0.011400009959761781,0.38452591343179054,0.16566962473345279,0.12486035700592446,0.0,0.0,0.0
810,0.8339298496778812,0.9301154483635288,46914,443,1.0,0.2304913146828049,0.0732865049550663,0.0,1,0,0,1,0,1,1,0,0,0.6064611231997177,0.6575798189327178,0.6931471805599453,0.20741353245982494,0.07072544101258679,0.4169649248389406,0.4650577241817644,0.1572048097277386,0.8339298496778812,0.9301154483635288,1.0,0.2304913146828049,0.0732865049550663,0.7756510360368726,0.8339298496778812,0.1922135874054887,0.06111580406059574,0.9301154483635288,0.21438353250009629,0.06816491041527747,0.2304913146828049,0.0732865049550663,0.01689190287560113,0.0,1.0,1.0
811,0.8582677165354331,0.7035152064401508,17531,80,0.0,0.5448016243434033,0.1962553178648542,1.0,0,1,1,0,0,1,1,0,0,0.6196447185670189,0.5326938846655707,0.0,0.43489550362268375,0.1791961092212101,0.8582677165354331,0.7035152064401508,0.3485463064785491,0.8582677165354331,0.7035152064401508,0.0,0.5448016243434033,0.1962553178648542,0.603804389779342,0.0,0.4675856460900076,0.168439603521804,0.0,0.38327622721887883,0.1380686004626703,0.0,0.0,0.10692021595880351,0.0,1.0,0.0
812,0.1152469577666427,0.2747455696367593,3325,443,0.6428571428571429,0.8316343990563615,0.2778664473590945,0.0,0,0,0,0,1,0,0,0,1,0.10907586717373166,0.24274660547092405,0.4964368863138911,0.6052086825025632,0.24519184921073983,0.07015032211882599,0.16723643369194044,0.553767951697267,0.1152469577666427,0.2747455696367593,0.6428571428571429,0.8316343990563615,0.2778664473590945,0.03166359106049979,0.07408732999284175,0.09584333446533577,0.03202326272356061,0.17662215190934527,0.228487866698264,0.076342575362617,0.5346221136790895,0.17862843044513219,0.23108329596740665,1.0,0.0,0.0
813,0.5697924123120973,0.2983431560869418,61124,80,0.5714285714285714,0.5092866685804536,0.9029316300692166,0.0,0,0,1,0,1,0,0,0,0,0.45094338916092636,0.26108895628986567,0.4519851237430572,0.41163713429487075,0.643395660222057,0.3625951714713347,0.18985473569169023,-0.39364496148876305,0.5697924123120973,0.2983431560869418,0.5714285714285714,0.5092866685804536,0.9029316300692166,0.16999366660358314,0.3255956641783413,0.29018767944884827,0.5144835916500332,0.17048180347825245,0.15194219205729684,0.26938347224557707,0.2910209534745449,0.5159609314681237,0.4598510418338698,0.0,0.0,0.0
814,0.1796707229778096,0.3751521441984892,10960,53,0.2857142857142857,0.127427527483305,0.3008560858154672,0.0,1,0,0,1,0,0,0,1,0,0.1652353512124552,0.31856437532341275,0.2513144282809061,0.11993851315216049,0.2630225752837282,0.13974389564940748,0.2917850010432694,-0.1734285583321622,0.1796707229778096,0.3751521441984892,0.2857142857142857,0.127427527483305,0.3008560858154672,0.06740385697481803,0.051334492279374165,0.02289499599020011,0.054055030450738915,0.10718632691385405,0.04780471016527378,0.11286680568883718,0.036407864995229994,0.08595888166156206,0.03833734714377001,0.0,0.0,1.0
815,0.1152469577666427,0.536765526451555,34366,443,0.7142857142857143,0.4621238448646432,0.8100089840741855,0.0,0,0,0,0,1,0,0,0,1,0.10907586717373166,0.429679900187523,0.538996500732687,0.3798900669497065,0.593331808842314,0.06722739203054157,0.31311322376340706,-0.34788513920954234,0.1152469577666427,0.536765526451555,0.7142857142857143,0.4621238448646432,0.8100089840741855,0.06186059395755209,0.08231925554760193,0.05325836723207408,0.09335107117819882,0.3834039474653964,0.2480521488745869,0.4347848987670694,0.3300884606176023,0.5785778457672754,0.37432446609526615,1.0,0.0,0.0
816,0.3987115246957766,0.4376943719094328,48692,80,0.5714285714285714,0.9019235656230462,0.9337171088562464,0.0,0,0,0,0,0,1,1,0,0,0.3355514733457662,0.3630406997899562,0.4519851237430572,0.6428657769976449,0.6594441137656537,0.2537255157154942,0.2785327821241845,-0.03179354323320016,0.3987115246957766,0.4376943719094328,0.5714285714285714,0.9019235656230462,0.9337171088562464,0.17451379037477022,0.22783515696901518,0.35960732000861606,0.3722837721066064,0.250111069662533,0.39476686856569526,0.40868272350192625,0.5153848946417406,0.5335526336321408,0.8421414641028677,0.0,1.0,0.0
817,0.835361488904796,0.2153179142865253,13196,443,0.4285714285714286,0.1000947488686216,0.1520182054526179,1.0,0,1,1,0,1,0,0,0,1,0.6072414587835988,0.1950057004150591,0.3566749439387324,0.09539631143000045,0.14151536549311436,0.5847530422333572,0.1507225400005677,-0.0519234565839963,0.835361488904796,0.2153179142865253,0.4285714285714286,0.1000947488686216,0.1520182054526179,0.179868293466267,0.358012066673484,0.08361529844644339,0.12699015444753406,0.09227910612279656,0.021552192557425142,0.03273224293163818,0.04289774951512355,0.0651506594796934,0.015216224098238312,1.0,0.0,0.0
818,0.6692913385826772,0.7467462659938439,11276,443,0.5,0.9125949259087642,0.823584364883862,0.0,1,0,1,0,1,0,0,0,1,0.5123991882134211,0.5577547807603431,0.4054651081081644,0.6484609199489036,0.6008039955563353,0.4461942257217848,0.4978308439958959,0.08901056102490223,0.6692913385826772,0.7467462659938439,0.5,0.9125949259087642,0.823584364883862,0.4997908079486357,0.3346456692913386,0.610791879545236,0.551217882008884,0.37337313299692193,0.6814768532872982,0.6150085492079354,0.4562974629543821,0.411792182441931,0.7515989124508047,1.0,0.0,1.0
819,0.3307086614173228,0.2274629299366319,20963,443,0.0,0.909748963446483,0.6455789356391015,0.0,0,0,1,0,0,1,0,1,0,0.2857116284644822,0.2049493805862284,0.0,0.6469718006699652,0.49809225886091524,0.3307086614173228,0.2274629299366319,0.2641700278073815,0.3307086614173228,0.2274629299366319,0.0,0.909748963446483,0.6455789356391015,0.07522396108140582,0.0,0.30086186192718334,0.21349854564442725,0.0,0.20693416473235085,0.14684527620584234,0.0,0.0,0.5873147675205563,0.0,0.0,0.0
820,0.2204724409448818,0.2779261067185291,4871,53,0.5,0.6401709433580427,0.5238652344083867,0.0,0,1,0,1,0,0,1,0,0,0.19923803046065527,0.24523853481466357,0.4054651081081644,0.49480047015905076,0.4212500244885039,0.14698162729658787,0.18528407114568604,0.11630570894965597,0.2204724409448818,0.2779261067185291,0.5,0.6401709433580427,0.5238652344083867,0.06127504715054182,0.1102362204724409,0.14114005050413533,0.1154978469561797,0.13896305335926454,0.1779202179218288,0.14559582504431254,0.32008547167902135,0.26193261720419336,0.3353633013036991,0.0,1.0,0.0
821,0.768790264853257,0.3796072394521883,31064,53,0.1428571428571429,0.0899370155055008,0.3238384435223348,0.0,0,0,0,1,0,0,0,1,0,0.5702958467316482,0.32179884956764204,0.13353139262452268,0.08611991063158864,0.28053542856077596,0.6726914817465999,0.3321563345206648,-0.233901428016834,0.768790264853257,0.3796072394521883,0.1428571428571429,0.0899370155055008,0.3238384435223348,0.2918383501586616,0.10982718069332247,0.06914270197058545,0.24896384276520228,0.05422960563602692,0.03414074218061182,0.12293141757400691,0.012848145072214405,0.04626263478890499,0.02912506311634547,0.0,0.0,0.0
822,0.3514674302075876,0.6951989534660857,58904,53,0.6428571428571429,0.6290508324416173,0.3539249106083587,0.0,1,0,1,0,1,0,0,0,1,0.3011909874484841,0.5278001106204674,0.4964368863138911,0.48799753382403854,0.30300771549905553,0.2139366966480968,0.4231645803706609,0.2751259218332586,0.3514674302075876,0.6951989534660857,0.6428571428571429,0.6290508324416173,0.3539249106083587,0.24433978965772943,0.22594334799059204,0.221090879548199,0.12439307881796997,0.4469136129424837,0.4373154803903824,0.2460482274605089,0.40438982085532543,0.22752315681965918,0.222636759640013,1.0,0.0,1.0
823,0.7287043664996421,0.0374501283854355,39257,80,0.0714285714285714,0.8728171550664738,0.594070755629707,0.0,1,0,0,0,0,0,0,1,0,0.5473722068297112,0.03676590294127739,0.06899287148695142,0.6274437972692666,0.46629096810916343,0.680124075399666,0.0349534531597398,0.2787463994367668,0.7287043664996421,0.0374501283854355,0.0714285714285714,0.8728171550664738,0.594070755629707,0.027290072080439043,0.052050311892831554,0.6360256720527347,0.4329019536371093,0.002675009170388249,0.032687114514250014,0.02224802606836521,0.062344082504748106,0.04243362540212191,0.5185151468369112,0.0,0.0,1.0
824,0.3357193987115247,0.3800904243134476,20824,80,0.5714285714285714,0.6787508006581433,0.5798470803996243,1.0,0,0,1,0,0,0,0,1,0,0.28947002215032736,0.32214902188727024,0.4519851237430572,0.5180499457922886,0.45732805779774816,0.21363961736187934,0.24187572456310302,0.09890372025851901,0.3357193987115247,0.3800904243134476,0.5714285714285714,0.6787508006581433,0.5798470803996243,0.1276037287065189,0.1918396564065855,0.2278698106719178,0.19466591317639498,0.2171945281791129,0.257986679825246,0.22039432282600696,0.38785760037608186,0.3313411887997853,0.3935716700805318,0.0,0.0,0.0
825,0.2627057981388689,0.864180235406767,31898,443,0.3571428571428571,0.6626419473737766,0.6322968653699362,0.0,0,0,1,0,1,0,0,0,1,0.2332568773097747,0.6228214044037397,0.30538164955118186,0.5084078717820103,0.48998814279981295,0.19357269336548236,0.6367643839839335,0.03034508200384034,0.2627057981388689,0.864180235406767,0.3571428571428571,0.6626419473737766,0.6322968653699362,0.22702515847837035,0.09382349933531031,0.17407988166512234,0.16610805267771403,0.3086357983595596,0.5726420740718687,0.5464184539623523,0.23665783834777732,0.22582030906069148,0.41898642618706916,1.0,0.0,0.0
826,0.282032927702219,0.5880447086066598,38977,53,0.1428571428571429,0.6086819777697965,0.8272631499401256,0.0,0,1,0,1,1,0,0,1,0,0.24844704280374993,0.4625035164630471,0.13353139262452268,0.4754151963736853,0.6028193009266244,0.24677881173944163,0.5145391200308274,-0.21858117217032913,0.282032927702219,0.5880447086066598,0.1428571428571429,0.6086819777697965,0.8272631499401256,0.1658479707881345,0.040290418243174156,0.17166836022999268,0.2333154481577734,0.08400638694380858,0.35793221625176536,0.4864677179475687,0.0869545682528281,0.11818044999144656,0.5035401702416273,0.0,0.0,0.0
827,0.278453829634932,0.4095107106683733,18907,53,0.6428571428571429,0.2755159419006183,0.6259497960422757,0.0,1,0,1,0,0,1,0,0,1,0.24565140217948253,0.3432426304565132,0.4964368863138911,0.24335075707169593,0.48609213490619546,0.1694936354299586,0.2492673891024881,-0.35043385414165745,0.278453829634932,0.4095107106683733,0.6428571428571429,0.2755159419006183,0.6259497960422757,0.11402982566213114,0.179006033336742,0.07671846914770258,0.17429811786717628,0.2632568854296686,0.11282672916818845,0.25633314581999567,0.17711739122182604,0.40239629745574873,0.1724591476390875,1.0,0.0,1.0
828,0.2705798138869004,0.4461402876072218,12396,443,0.5,0.947082610922502,0.186683446169833,0.0,1,0,0,0,1,0,0,0,1,0.23947334265255427,0.36889813673966476,0.4054651081081644,0.66633215534228,0.17116239612661827,0.18038654259126694,0.29742685840481453,0.760399164752669,0.2705798138869004,0.4461402876072218,0.5,0.947082610922502,0.186683446169833,0.12071655598821028,0.1352899069434502,0.2562614365989303,0.050512772120398605,0.2230701438036109,0.42253170842476356,0.0832870063657166,0.473541305461251,0.0933417230849165,0.1768046456145358,1.0,0.0,1.0
829,0.3758052970651395,0.74442632502121,36703,80,0.9285714285714284,0.8089998155075024,0.2017929831944626,0.0,0,1,0,0,0,1,0,1,0,0.3190392302732759,0.5564257480335819,0.6567795363890704,0.5927741044272504,0.1838145943205682,0.1948620058856279,0.385998835196183,0.6072068323130398,0.3758052970651395,0.74442632502121,0.9285714285714284,0.8089998155075024,0.2017929831944626,0.2797593562177059,0.3489620615604866,0.30402641599244,0.07583487199505572,0.6912530160911234,0.6022407596010869,0.15022000889452058,0.7512141143998236,0.18737919868057237,0.16325048617502877,0.0,0.0,0.0
830,0.9849677881173944,0.4695749745085669,22999,53,0.4285714285714286,0.8874150422469853,0.0220702992801769,1.0,0,1,1,0,0,0,0,0,0,0.6856026863588162,0.38497322599627454,0.3566749439387324,0.6352081903979554,0.02183027540429648,0.689477451682176,0.3287024821559968,0.8653447429668084,0.9849677881173944,0.4695749745085669,0.4285714285714286,0.8874150422469853,0.0220702992801769,0.462516223996985,0.4221290520503119,0.8740752313041172,0.02173853386508476,0.20124641764652867,0.4167078958416469,0.01036366022188551,0.38032073239156516,0.009458699691504386,0.019585515568121794,0.0,0.0,0.0
831,0.4352183249821045,0.6971923654876389,7854,443,0.5,0.0147696535964367,0.7804899248627517,0.0,0,1,1,0,0,1,0,0,1,0.36131698048370775,0.5289753360373288,0.4054651081081644,0.014661644468936598,0.5768885651197144,0.2901455499880697,0.46479491032509257,-0.765720271266315,0.4352183249821045,0.6971923654876389,0.5,0.0147696535964367,0.7804899248627517,0.30343089349784136,0.21760916249105225,0.006428023898807096,0.3396835177641754,0.3485961827438194,0.010297289728332715,0.5441516169543313,0.00738482679821835,0.39024496243137585,0.01152756582573175,1.0,0.0,0.0
832,0.7108088761632069,0.8323568420593536,51648,443,0.9285714285714284,0.3225975959455933,0.9526736957238764,0.0,0,1,0,0,0,1,0,0,1,0.5369662856685945,0.6056030300677251,0.6567795363890704,0.27959767858369966,0.6691995594529792,0.36856756541795915,0.43159243662336855,-0.630076099778283,0.7108088761632069,0.8323568420593536,0.9285714285714284,0.3225975959455933,0.9526736957238764,0.591646631470965,0.6600368135801206,0.22930523462703947,0.6771689190077375,0.7729027819122567,0.26851631621721334,0.7929644688857392,0.299554910520908,0.8846255746007422,0.3073302439611262,1.0,0.0,0.0
833,0.6943450250536864,0.716924105569903,40145,443,0.6428571428571429,0.0306238465274972,0.6550243465766962,1.0,1,0,1,0,1,0,0,0,1,0.5272962502570221,0.5405343791736493,0.4964368863138911,0.03016429513400813,0.5038157196432966,0.4226447978587657,0.43638858599907143,-0.624400500049199,0.6943450250536864,0.716924105569903,0.6428571428571429,0.0306238465274972,0.6550243465766962,0.49779268604352606,0.4463646589630842,0.02126351548437529,0.45481289633457067,0.4608797821520806,0.02195497378083591,0.4696027437960081,0.019686758481962486,0.4210870799421619,0.020059365061338878,1.0,0.0,1.0
834,0.0064423765211166,0.630438860961819,56271,80,0.7857142857142857,0.4058785217818421,0.4320101779921587,0.0,0,0,0,0,0,1,0,0,0,0.006421713113648319,0.48884921843400264,0.5798184952529422,0.34066238978512225,0.35907917604961914,0.0036077308518252965,0.35304576213861866,-0.0261316562103166,0.0064423765211166,0.630438860961819,0.7857142857142857,0.4058785217818421,0.4320101779921587,0.004061524515859915,0.0050618672665916145,0.002614822259152852,0.0027831722275800863,0.49534481932714347,0.2558815929610114,0.2723560045372892,0.3189045528285902,0.3394365684224104,0.17534365243816785,0.0,0.0,0.0
835,0.4130279169649248,0.3710525744216615,16993,80,0.5714285714285714,0.953353959980336,0.472923530867196,0.0,0,1,0,0,1,0,0,0,0,0.3457348607364651,0.3155787473443192,0.4519851237430572,0.6695478745819538,0.3872492222613642,0.2628359471594976,0.23612436554105734,0.48043042911314,0.4130279169649248,0.3710525744216615,0.5714285714285714,0.953353959980336,0.472923530867196,0.1532550718978516,0.23601595255138558,0.3937618002209405,0.19533062083777528,0.21203004252666371,0.35374444118578935,0.17547949363285517,0.5447736914173348,0.2702420176383977,0.450863520920124,0.0,0.0,0.0
836,0.5783822476735863,0.4250595764532861,62481,53,0.3571428571428571,0.6507221755025103,0.167159855934365,0.0,0,0,1,0,0,0,0,0,1,0.45640042862398456,0.354213620884076,0.30538164955118186,0.5012128742803416,0.15457332415858602,0.4261763930226425,0.3132017931761055,0.4835623195681453,0.5783822476735863,0.4250595764532861,0.3571428571428571,0.6507221755025103,0.167159855934365,0.24584691322423421,0.20656508845485222,0.3763661544781878,0.0966822931961109,0.15180699159045932,0.27659569230785797,0.07105289756345351,0.23240077696518222,0.05969994854798749,0.1087746251102962,1.0,0.0,0.0
837,0.4008589835361489,0.2405034757396398,47217,443,0.4285714285714286,0.5707504283331044,0.0547021507430792,0.0,1,0,1,0,0,1,1,0,0,0.3370856081391144,0.21551732603183915,0.3566749439387324,0.451553484994248,0.053258405497251735,0.28060128847530424,0.16835243301774785,0.5160482775900253,0.4008589835361489,0.2405034757396398,0.4285714285714286,0.5707504283331044,0.0547021507430792,0.09640797882190286,0.1717967072297781,0.22879043655442985,0.021927848544111922,0.10307291817413135,0.1372674617939998,0.013156057384144267,0.24460732642847333,0.023443778889891086,0.0312212759673545,0.0,1.0,1.0
838,0.2032927702219041,0.594196223395962,42063,80,0.6428571428571429,0.2852873948946524,0.526514465041964,0.0,0,1,0,0,1,0,0,0,0,0.1850617741516538,0.4663696740438578,0.4964368863138911,0.25098234695495747,0.4229870091007086,0.12374342535246337,0.3616846577192812,-0.2412270701473116,0.2032927702219041,0.594196223395962,0.6428571428571429,0.2852873948946524,0.526514465041964,0.1207957963095585,0.13068820942836692,0.05799686481752418,0.10703658416028473,0.38198328646883273,0.1695166926288749,0.31285290669128024,0.18339903957513368,0.338473584669834,0.15020794010617342,0.0,0.0,0.0
839,0.1481746599856836,0.1454737139354175,21320,443,0.8571428571428571,0.7243066326002277,0.4631758226823332,0.0,0,0,0,1,0,0,0,0,1,0.13817342916949799,0.13581827540710636,0.6190392084062234,0.5448250175631076,0.3806092943674706,0.07978635537690655,0.07833199981137864,0.26113080991789445,0.1481746599856836,0.1454737139354175,0.8571428571428571,0.7243066326002277,0.4631758226823332,0.02155551809923509,0.12700685141630022,0.10732388901091419,0.068630920039544,0.12469175480178642,0.10536757587241107,0.0673799071306914,0.6208342565144808,0.3970078480134284,0.3354813204288809,1.0,0.0,0.0
840,0.80386542591267,0.0016380264406922,53883,53,0.7857142857142857,0.214016803875177,0.4951733093980989,1.0,1,0,1,0,0,1,1,0,0,0.5899318212485071,0.0016366863385975212,0.5798184952529422,0.19393453428383092,0.40224212614254334,0.4501646385110952,0.0009172948067876321,-0.28115650552292193,0.80386542591267,0.0016380264406922,0.7857142857142857,0.214016803875177,0.4951733093980989,0.0013167528224032501,0.6316085489313835,0.1720407091995875,0.39805270325988906,0.0012870207748295857,0.0003505651834999768,0.0008111069735191454,0.16815606018763907,0.38906474309850625,0.10597540904167527,0.0,1.0,1.0
841,0.8181818181818181,0.5089445193759722,60639,80,0.0714285714285714,0.6850352422868298,0.6713516791714044,0.0,0,1,0,1,0,0,0,0,0,0.5978370007556204,0.41141041262602557,0.06899287148695142,0.5217864788893597,0.5136326877756402,0.7636363636363636,0.47501488475090736,0.013683563115425401,0.8181818181818181,0.5089445193759722,0.0714285714285714,0.6850352422868298,0.6713516791714044,0.4164091522167045,0.05844155844155841,0.5604833800528607,0.5492877375038763,0.03635317995542657,0.34864493214127323,0.34168075768814227,0.04893108873477353,0.04795369136938601,0.459899560200853,0.0,0.0,0.0
842,0.9863994273443092,0.1564357651052405,61873,80,0.8571428571428571,0.2849320587387378,0.2611712421762347,0.0,1,0,0,1,0,1,1,0,0,0.6863236669235729,0.14534265865242754,0.6190392084062234,0.2507058443725214,0.23204084647529144,0.5311381531853973,0.08423464274897564,0.023760816562503062,0.9863994273443092,0.1564357651052405,0.8571428571428571,0.2849320587387378,0.2611712421762347,0.1543081491159781,0.8454852234379793,0.281056819571926,0.25761916372143984,0.1340877986616347,0.04457356461180577,0.04085652309332533,0.24422747891891808,0.2238610647224869,0.07441605971662803,0.0,1.0,1.0
843,0.7580529706513959,0.9759493405466958,29833,53,0.2142857142857143,0.361776744392924,0.1245703369364917,1.0,0,1,0,0,0,1,1,0,0,0.5642069300100713,0.6810489616218791,0.19415601444095748,0.3087902768118845,0.1174010399822067,0.6242789170070319,0.8037229863325729,0.23720640745643232,0.7580529706513959,0.9759493405466958,0.2142857142857143,0.361776744392924,0.1245703369364917,0.7398212968066935,0.16243992228244197,0.2742459357996468,0.09443091396975284,0.20913200154572054,0.3530757751154047,0.12157433818484877,0.07752358808419801,0.026693643629248223,0.045066650944813574,0.0,1.0,0.0
844,0.7430207587687903,0.3865422878427584,9209,53,0.3571428571428571,0.5462460300759044,0.1100560363615796,0.0,1,0,0,1,0,1,0,1,0,0.5556196762597283,0.3268130853148699,0.30538164955118186,0.43583007726833306,0.10441049725863875,0.5474889801454244,0.28482063314729567,0.4361899937143249,0.7430207587687903,0.3865422878427584,0.3571428571428571,0.5462460300759044,0.1100560363615796,0.2872089440091505,0.26536455670313935,0.40587213974143793,0.08177391964446644,0.13805081708669942,0.21114719019056433,0.04254131208611078,0.19508786788425156,0.039305727271992705,0.06011767294840224,0.0,0.0,1.0
845,0.9355762347888332,0.0207628904952042,43312,53,0.2857142857142857,0.3632319905422241,0.2442257020532344,0.0,0,1,1,0,1,0,0,0,0,0.6604050779058929,0.020550279592577596,0.2513144282809061,0.30985834405804413,0.21851341037877597,0.7276704048357593,0.01614891482960327,0.1190062884889897,0.9355762347888332,0.0207628904952042,0.2857142857142857,0.3632319905422241,0.2442257020532344,0.019425266912835998,0.26730749565395234,0.3398312180663471,0.22849176276562447,0.005932254427201199,0.007541746043983247,0.005070831507845673,0.10378056872634973,0.06977877201520982,0.08871058789836848,0.0,0.0,0.0
846,0.6449534717251253,0.7615887837188474,19325,53,0.0,0.8320830605763856,0.4768524458225834,0.0,1,0,0,1,0,1,0,1,0,0.4977120991517392,0.5662161198672615,0.0,0.6054536039667373,0.38991309728767715,0.6449534717251253,0.7615887837188474,0.3552306147538022,0.6449534717251253,0.7615887837188474,0.0,0.8320830605763856,0.4768524458225834,0.4911893300863862,0.0,0.5366548586824076,0.3075476404338924,0.0,0.6337051260574256,0.3631654742273789,0.0,0.0,0.3967808425633903,0.0,0.0,1.0
847,0.6764495347172512,0.5004135347818445,20942,53,0.8571428571428571,0.9940750338143296,0.0946245685826939,0.0,1,0,0,1,0,0,1,0,0,0.5166781849007008,0.40574075996726255,0.6190392084062234,0.690180300628218,0.09041144473679265,0.36424205715544294,0.26945344180560854,0.8994504652316357,0.6764495347172512,0.5004135347818445,0.8571428571428571,0.9940750338143296,0.0946245685826939,0.3385045027693937,0.5798138869005011,0.6724415940977391,0.06400874539058392,0.42892588695586664,0.4974486015094102,0.04735141484167292,0.8520643146979967,0.08110677307088048,0.09406392121350779,0.0,1.0,1.0
848,0.6012884753042234,0.0360450746238638,19184,80,0.7142857142857143,0.7135116979455054,0.4935137064887259,0.0,0,0,0,1,0,1,0,1,0,0.4708086022331678,0.035410651215024486,0.538996500732687,0.5385448892397777,0.4011315360599204,0.3507516105941303,0.021026293530587215,0.2199979914567795,0.6012884753042234,0.0360450746238638,0.7142857142857143,0.7135116979455054,0.4935137064887259,0.021673487962810014,0.4294917680744453,0.4290263609693805,0.296744104116342,0.025746481874188428,0.025718582397445507,0.01778873837828574,0.5096512128182181,0.3525097903490899,0.35212780267615057,0.0,0.0,0.0
849,0.7967072297780959,0.17650214072872,18277,53,0.6428571428571429,0.0178881169838103,0.0292797038412778,1.0,1,0,1,0,1,0,0,0,1,0.5859556728688677,0.16254574875754735,0.4964368863138911,0.017730007357332357,0.028859240946637423,0.48495222682144973,0.10743608566096001,-0.011391586857467502,0.7967072297780959,0.17650214072872,0.6428571428571429,0.0178881169838103,0.0292797038412778,0.14062053158988216,0.512168933428776,0.014251592128118013,0.02332735173610751,0.11346566189703429,0.003157290941248292,0.0051679304078884585,0.011499503775306622,0.01882266675510716,0.0005237587675640971,1.0,0.0,1.0
850,0.4774516821760917,0.9570247086418044,22642,443,0.0714285714285714,0.0511180923660461,0.2268840828489158,0.0,0,1,0,0,0,0,0,1,0,0.39031876734449156,0.6714253141093008,0.06899287148695142,0.04985444749138992,0.2044776892602398,0.44562157003101893,0.8932230613990175,-0.17576599048286973,0.4774516821760917,0.9570247086418044,0.0714285714285714,0.0511180923660461,0.2268840828489158,0.45693305702511355,0.034103691584006536,0.02440641918980154,0.10832618701519461,0.06835890776012886,0.048921277452940115,0.21713367328394667,0.003651292311860434,0.016206005917779695,0.011597881503456534,0.0,0.0,0.0
851,0.21546170365068,0.1503231040569734,20417,80,0.7857142857142857,0.6512402523715339,0.8666872856209831,0.0,0,1,1,0,0,1,1,0,0,0.1951240076143308,0.14004286296281737,0.5798184952529422,0.5015266736554655,0.6241653548803725,0.1206585540443808,0.08418093827190512,-0.21544703324944914,0.21546170365068,0.1503231040569734,0.7857142857142857,0.6512402523715339,0.8666872856209831,0.03238887209817393,0.16929133858267714,0.1403173342618695,0.1867379190922805,0.1181110103304791,0.09789645622333572,0.13028312302125888,0.5116887697204909,0.6809685815593438,0.5644216466150087,0.0,1.0,0.0
852,0.7745168217609163,0.3958417144092555,24126,80,0.2857142857142857,0.3916034657972114,0.9109481579998436,0.0,0,1,0,0,1,0,0,0,0,0.5735281727782287,0.33349761281794854,0.2513144282809061,0.33045665480506037,0.6475995366849495,0.6024019724807127,0.3078768889849765,-0.5193446922026322,0.7745168217609163,0.3958417144092555,0.2857142857142857,0.3916034657972114,0.9109481579998436,0.3065860665646489,0.22129052050311893,0.30330347171981586,0.7055446721229999,0.1130976326883587,0.1550129872697744,0.3605912806006114,0.11188670451348896,0.26027090228566957,0.3567304558343245,0.0,0.0,0.0
853,0.8246241947029348,0.7119836544983056,55741,80,0.5,0.5248978923843683,0.2836631903419681,0.0,1,0,0,0,0,0,0,0,0,0.6013740451191536,0.5376527300678418,0.4054651081081644,0.42192745200420545,0.24971785803996277,0.5497494631352898,0.4746557696655371,0.24123470204240027,0.8246241947029348,0.7119836544983056,0.5,0.5248978923843683,0.2836631903419681,0.5871189477323178,0.4123120973514674,0.4328435018087275,0.23391552990261075,0.3559918272491528,0.3737187196582809,0.2019635549063229,0.2624489461921842,0.14183159517098404,0.14889421075752496,0.0,0.0,1.0
854,0.9155332856120256,0.208671751059759,3259,80,0.3571428571428571,0.9809888881809288,0.958496452366326,0.0,0,0,0,0,1,0,1,0,0,0.6499960619911572,0.1895220302688505,0.30538164955118186,0.6835961585037761,0.6721770627186495,0.674603473608861,0.1537581323598224,0.022492435814602807,0.9155332856120256,0.208671751059759,0.3571428571428571,0.9809888881809288,0.958496452366326,0.19104593386215585,0.3269761734328663,0.8981279799451737,0.8775354062824128,0.07452562537848534,0.2047046690668805,0.2000111330998481,0.35035317435033164,0.3423201615594021,0.9402743691322066,0.0,1.0,0.0
855,0.6814602720114531,0.7035501611315577,58114,443,0.2857142857142857,0.4480221356481708,0.8497713621343042,0.0,1,0,0,1,1,0,0,0,0,0.519662625401951,0.5327144036093754,0.2513144282809061,0.3701985808965205,0.6150620434170916,0.530024656008908,0.5472056808801005,-0.40174922648613337,0.6814602720114531,0.7035501611315577,0.2857142857142857,0.4480221356481708,0.8497713621343042,0.4794414841784129,0.19470293486041515,0.3053092864259546,0.579085423587586,0.2010143317518736,0.31520604572577515,0.5978567787545729,0.12800632447090593,0.24279181775265832,0.3807163804760661,0.0,0.0,1.0
856,0.6220472440944882,0.6725495148488191,60437,443,0.0714285714285714,0.68252585222909,0.8411721797831615,0.0,0,0,1,0,1,0,0,1,0,0.4836890823309898,0.5143491178727921,0.06899287148695142,0.5202961477851723,0.6104024230179665,0.5805774278215223,0.6277128805255645,-0.1586463275540715,0.6220472440944882,0.6725495148488191,0.0714285714285714,0.68252585222909,0.8411721797831615,0.418357572228793,0.044431946006749136,0.4245633254023473,0.523248836243069,0.048039251060629916,0.4590324307884513,0.5657299414174889,0.04875184658779212,0.060083727127368654,0.5741217588779036,0.0,0.0,0.0
857,0.497494631352899,0.9714311005551084,65053,443,0.2142857142857143,0.0358068111279727,0.5821370158413568,0.0,1,0,0,0,0,0,0,1,0,0.4037934659278517,0.6787597259972952,0.19415601444095748,0.03518065070332769,0.4587764748500635,0.40970146111415207,0.8000020828100892,-0.5463302047133841,0.497494631352899,0.9714311005551084,0.2142857142857143,0.0358068111279727,0.5821370158413568,0.4832817572554046,0.10660599243276409,0.017813696302033662,0.28961004009287256,0.20816380726180897,0.03478384994141542,0.5655060019726358,0.0076728880988512944,0.12474364625171933,0.020844470176833114,0.0,0.0,1.0
858,0.2290622763063708,0.6689587590897531,15434,443,0.4285714285714286,0.8475053190773618,0.881813497077272,0.0,0,1,0,0,0,0,0,0,0,0.20625150164051373,0.512199934422187,0.3566749439387324,0.6138362529036595,0.6322359379940082,0.16034359341445956,0.46827113136282716,-0.03430817799991015,0.2290622763063708,0.6689587590897531,0.4285714285714286,0.8475053190773618,0.881813497077272,0.15323321611218396,0.09816954698844464,0.1941314975696176,0.20199020691820116,0.28669661103846567,0.5669461065719572,0.5898968627534075,0.36321656531886937,0.37792007017597373,0.7473416292071976,0.0,0.0,0.0
859,0.1095204008589835,0.4197959121548432,45797,443,0.1428571428571429,0.2341234037050634,0.517201557599667,0.0,0,1,1,0,0,0,0,0,1,0.10392785065633045,0.35051313744929186,0.13353139262452268,0.21036092348571164,0.4168675574598593,0.09583035075161057,0.3673214231354878,-0.2830781538946036,0.1095204008589835,0.4197959121548432,0.1428571428571429,0.2341234037050634,0.517201557599667,0.04597621657816105,0.015645771551283362,0.025641289024248167,0.056644121913206176,0.059970844593549046,0.09828404781516369,0.2171190996404579,0.033446200529294784,0.07388593679995245,0.12108898906679444,1.0,0.0,0.0
860,0.9391553328561202,0.7576174239909018,22736,53,0.7857142857142857,0.7650621812268437,0.3206112763430251,0.0,1,0,0,0,1,0,0,0,1,0.6622524828281332,0.5639591555523826,0.5798184952529422,0.5681859199215447,0.2780947175447145,0.5259269863994274,0.424265757434905,0.44445090488381855,0.9391553328561202,0.7576174239909018,0.7857142857142857,0.7650621812268437,0.3206112763430251,0.7115204440057717,0.7379077615298087,0.7185122274657257,0.3011037899513593,0.5952708331357086,0.5796244389339418,0.24290068928543784,0.6011202852496629,0.2519088599838054,0.24528756240491714,1.0,0.0,1.0
861,0.9183965640658552,0.686069000859159,43629,53,0.0,0.8758217688927088,0.4184358099375942,0.0,0,1,1,0,1,0,1,0,0,0.6514897142479404,0.5223997845187152,0.0,0.6290468401499537,0.34955472217208006,0.9183965640658552,0.686069000859159,0.4573859589551146,0.9183965640658552,0.686069000859159,0.0,0.8758217688927088,0.4184358099375942,0.6300834131011459,0.0,0.8043517032851433,0.38429001012879976,0.0,0.600874165914922,0.28707583804757825,0.0,0.0,0.3664751912275971,0.0,1.0,0.0
862,0.6385110952040086,0.527916532787117,48532,53,0.7142857142857143,0.1670263633401685,0.7130160424393878,0.0,0,1,1,0,1,0,0,1,0,0.4937879606956049,0.42390506411300016,0.538996500732687,0.15445894374348482,0.5382555844116085,0.3724648055356717,0.3079513107924849,-0.5459896790992192,0.6385110952040086,0.527916532787117,0.7142857142857143,0.1670263633401685,0.7130160424393878,0.337080563526205,0.456079353717149,0.10664818618427366,0.4552686541560014,0.3770832377050836,0.08817597861858298,0.3764129569461935,0.1193045452429775,0.5092971731709913,0.11909247657185018,0.0,0.0,0.0
863,0.9727988546886184,0.8494875955733958,24712,80,0.5714285714285714,0.1914588565111179,0.4453355259226599,0.0,1,0,0,0,0,0,0,0,0,0.6794532728765873,0.6149086253597407,0.4519851237430572,0.17517848612631318,0.3683414924809952,0.6190538166200299,0.5405830153648883,-0.25387666941154197,0.9727988546886184,0.8494875955733958,0.5714285714285714,0.1914588565111179,0.4453355259226599,0.8263805600459877,0.5558850598220676,0.18625095633400804,0.4332218895697171,0.4854214831847976,0.16264192366886135,0.37830700513945403,0.10940506086349594,0.25447744338437706,0.08526343055692977,0.0,0.0,1.0
864,0.8811739441660701,0.0150988966018992,2381,443,0.8571428571428571,0.9486339657668496,0.9591328831511496,0.0,0,0,0,1,1,0,0,0,0,0.6318960203475392,0.014986042823024731,0.6190392084062234,0.6671285967136233,0.672501968796237,0.47447827762788386,0.008130175093330338,-0.010498917384300088,0.8811739441660701,0.0150988966018992,0.8571428571428571,0.9486339657668496,0.9591328831511496,0.01330475427125119,0.7552919521423458,0.8359115331846755,0.845162905625673,0.012941911373056456,0.014323326162163245,0.014481848230180675,0.8131148278001568,0.8221138998438425,0.9098660306410674,0.0,0.0,0.0
865,0.0,0.7665839986250778,13648,80,0.3571428571428571,0.8951469562661512,0.1341224527398529,0.0,0,1,0,1,0,1,1,0,0,0.0,0.569047737564041,0.30538164955118186,0.6392963850084027,0.12585918249155748,0.0,0.564851367407952,0.7610245035262982,0.0,0.7665839986250778,0.3571428571428571,0.8951469562661512,0.1341224527398529,0.0,0.0,0.0,0.0,0.2737799995089563,0.6862053330915737,0.10281612612671945,0.3196953415236254,0.047900875978518886,0.12005930533703003,0.0,1.0,0.0
866,0.120973514674302,0.5181057195479589,35306,80,0.0,0.6517436547118907,0.4916153817591857,0.0,1,0,0,0,0,1,1,0,0,0.11419751729378652,0.41746332051939683,0.0,0.5018314903656983,0.3998596815241081,0.120973514674302,0.5181057195479589,0.160128272952705,0.120973514674302,0.5181057195479589,0.0,0.6517436547118907,0.4916153817591857,0.0626770698665748,0.0,0.07884372057717212,0.059472440599357426,0.0,0.3376721151853206,0.2547087411071874,0.0,0.0,0.320407205620313,0.0,1.0,1.0
867,0.6649964209019327,0.3191024515550288,35046,80,0.3571428571428571,0.9714300109136716,0.9180366891034982,0.0,0,0,0,0,1,0,0,1,0,0.5098229738216479,0.2769515443768313,0.30538164955118186,0.6787591732811807,0.6513021051122334,0.4899973627698451,0.23512812219844226,0.05339332181017342,0.6649964209019327,0.3191024515550288,0.3571428571428571,0.9714300109136716,0.9180366891034982,0.2122019881851265,0.2374987217506902,0.645997480414317,0.6104911125104866,0.11396516126965313,0.309985697996681,0.2929477581103881,0.3469392896120255,0.32787024610839216,0.8918083909149622,0.0,0.0,0.0
868,0.4466714387974231,0.1850376573283063,49918,443,0.5714285714285714,0.3753939122925374,0.0533498243870636,0.0,0,0,1,0,0,1,0,1,0,0.36926535814665923,0.16977455241829734,0.4519851237430572,0.31874017175779734,0.05197539487182414,0.2842454610529056,0.11775123648164947,0.3220440879054738,0.4466714387974231,0.1850376573283063,0.5714285714285714,0.3753939122925374,0.0533498243870636,0.08265103663053912,0.255240822169956,0.16767773891950133,0.02382984281855955,0.10573580418760359,0.06946201010591879,0.009871726523458793,0.21451080702430705,0.030485613935464912,0.020027199296779624,0.0,0.0,0.0
869,0.2355046528274874,0.8375148346345109,50197,80,1.0,0.6878342398699306,0.0773542744280857,0.0,1,0,1,0,0,0,1,0,0,0.21147951238641138,0.6084140253427481,0.6931471805599453,0.5234461922227273,0.07450828969918255,0.1177523264137437,0.41875741731725546,0.6104799654418449,0.2355046528274874,0.8375148346345109,1.0,0.6878342398699306,0.0773542744280857,0.19723864036847102,0.2355046528274874,0.1619881638634267,0.01821729154390851,0.8375148346345109,0.5760713796606195,0.06478535235591078,0.6878342398699306,0.0773542744280857,0.053206918551932346,0.0,1.0,1.0
870,0.7294201861130994,0.959949112661834,34724,80,0.7857142857142857,0.834534272430214,0.9866401966701536,0.0,0,1,1,0,0,0,0,0,0,0.5477861997977438,0.6729185099777475,0.5798184952529422,0.6067906468028843,0.6864448684966377,0.4084753042233357,0.5375715030906271,-0.15210592423993952,0.7294201861130994,0.959949112661834,0.7857142857142857,0.834534272430214,0.9866401966701536,0.7002062604168996,0.5731158605174352,0.6087261443138068,0.7196752758818085,0.7542457313771553,0.8011104343052733,0.9471243813100113,0.6557054997665968,0.775217297383692,0.82338505867853,0.0,0.0,0.0
871,0.2140300644237651,0.8979080738468337,18070,80,0.7142857142857143,0.6727113360421937,0.1756761308307949,0.0,0,0,0,0,0,0,0,1,0,0.19394545709488648,0.6407522658466531,0.538996500732687,0.5144458644051039,0.16184341259377377,0.12485087091386296,0.5237797097439862,0.49703520521139877,0.2140300644237651,0.8979080738468337,0.7142857142857143,0.6727113360421937,0.1756761308307949,0.19217932289205664,0.1528786174455465,0.1439804505917078,0.03759997359943282,0.6413629098905955,0.6040329400005762,0.1577410162551434,0.4805080971729955,0.12548295059342493,0.11817932468190724,0.0,0.0,0.0
872,0.3543307086614173,0.3321216988374555,44410,80,0.5714285714285714,0.864683698396953,0.4345669598565242,0.0,0,1,1,0,0,0,1,0,0,0.30330739035486176,0.2867729334382101,0.4519851237430572,0.62309143999752,0.3608630335349886,0.22548317823908373,0.2113501719874717,0.4301167385404288,0.3543307086614173,0.3321216988374555,0.5714285714285714,0.864683698396953,0.4345669598565242,0.11768091691090943,0.20247469066366702,0.3063839876209676,0.15398041884679992,0.18978382790711743,0.28718021886865003,0.14432911696617715,0.49410497051254454,0.24832397706087098,0.3757629660498596,0.0,1.0,0.0
873,0.3586256263421618,0.1391444420368365,10381,443,0.7142857142857143,0.4190054925839623,1.0,0.0,0,0,0,1,0,1,0,0,1,0.30647361991291133,0.13027749120685198,0.538996500732687,0.34995626891316434,0.6931471805599453,0.20919828203292767,0.08116759118815463,-0.5809945074160376,0.3586256263421618,0.1391444420368365,0.7142857142857143,0.4190054925839623,1.0,0.04990076267749112,0.2561611616729727,0.1502661072187295,0.3586256263421618,0.09938888716916894,0.058302285475965276,0.1391444420368365,0.29928963755997307,0.7142857142857143,0.4190054925839623,1.0,0.0,0.0
874,0.1088045812455261,0.3033140168300267,9099,53,0.1428571428571429,0.8321616678527191,0.6234907217639813,0.0,0,0,0,1,1,0,0,0,0,0.10328248115990679,0.26491026437280807,0.13353139262452268,0.6054965090029297,0.4845785975853826,0.09520400858983534,0.26539976472627336,0.2086709460887377,0.1088045812455261,0.3033140168300267,0.1428571428571429,0.8321616678527191,0.6234907217639813,0.03300195458708951,0.015543511606503734,0.09054300179929367,0.06783864689200081,0.04333057383286097,0.2524062981283827,0.18911347527448572,0.11888023826467418,0.08907010310914022,0.5188450789138103,0.0,0.0,0.0
875,0.0773085182534001,0.1987638169674687,35826,80,0.0,0.4529107158022638,0.3531961883430744,0.0,0,1,0,0,1,0,0,0,1,0.07446581792601424,0.1812908732950447,0.0,0.3735689345255002,0.3024693411476695,0.0773085182534001,0.1987638169674687,0.09971452745918935,0.0773085182534001,0.1987638169674687,0.0,0.4529107158022638,0.3531961883430744,0.01536613617214503,0.0,0.035013856339759813,0.02730507397355191,0.0,0.0900222626183264,0.07020262253343044,0.0,0.0,0.159966338481093,1.0,0.0,0.0
876,0.4037222619899785,0.3782868579153353,34026,53,0.8571428571428571,0.4790283773651049,0.1877295977829752,0.0,0,1,0,0,1,0,1,0,0,0.33912746693938445,0.3208413206770314,0.6190392084062234,0.39138537040403265,0.17204358373927947,0.21738891030229612,0.20369292349287285,0.2912987795821297,0.4037222619899785,0.3782868579153353,0.8571428571428571,0.4790283773651049,0.1877295977829752,0.15272282595866077,0.3460476531342673,0.19339442006722918,0.0757906178594116,0.3242458782131445,0.18121013972572705,0.07101563968303139,0.41059575202723275,0.16091108381397876,0.0899278046093824,0.0,1.0,0.0
877,0.0429491768074445,0.6580693351656962,1447,53,1.0,0.1136523798764752,0.4971395398562652,0.0,0,0,0,1,0,0,0,0,0,0.042052446938243,0.5056538743946402,0.6931471805599453,0.10764504601884257,0.403556314090267,0.02147458840372225,0.3290346675828481,-0.38348715997979,0.0429491768074445,0.6580693351656962,1.0,0.1136523798764752,0.4971395398562652,0.02826353622758894,0.0429491768074445,0.00488127615790158,0.021351733995258335,0.6580693351656962,0.07479114606531119,0.32715228647779254,0.1136523798764752,0.4971395398562652,0.05650109183536033,0.0,0.0,0.0
878,0.3528990694345024,0.5973601294463272,39760,80,0.7857142857142857,0.8562519031860374,0.9846532428095492,0.0,1,0,1,0,1,0,1,0,0,0.30224974879672617,0.4683523475341685,0.5798184952529422,0.6185593488537544,0.6854442101183627,0.19762347888332135,0.33452167248994324,-0.12840133962351186,0.3528990694345024,0.5973601294463272,0.7857142857142857,0.8562519031860374,0.9846532428095492,0.21080783379888277,0.27727784026996616,0.30217049983587424,0.34748321310315505,0.4693543874221142,0.5114907477258753,0.5881925885844582,0.672769352503315,0.7736561193503602,0.84311121313398,0.0,1.0,1.0
879,0.6442376521116678,0.3057567311941641,35780,443,0.1428571428571429,0.6880242775242316,0.6944262061686205,0.0,1,0,0,0,1,0,0,1,0,0.4972768434321364,0.2667827433615078,0.13353139262452268,0.5235587784899078,0.5273441620866562,0.5637079455977094,0.2675371397948936,-0.006401928644388932,0.6442376521116678,0.3057567311941641,0.1428571428571429,0.6880242775242316,0.6944262061686205,0.1969799986218666,0.09203395030166686,0.4432511451480375,0.4473755086268851,0.04367953302773774,0.2103680540780354,0.21232548685368205,0.09828918250346169,0.09920374373837439,0.47778208879305817,0.0,0.0,1.0
880,0.0093056549749463,0.4797798184073192,35652,53,0.7142857142857143,0.2084668998274494,0.3208834502981652,0.0,0,1,1,0,0,1,0,0,1,0.009262624115252133,0.3918933053620633,0.538996500732687,0.18935253131791127,0.27830079325886087,0.005428298735385342,0.27987156073760283,-0.11241655047071578,0.0093056549749463,0.4797798184073192,0.7142857142857143,0.2084668998274494,0.3208834502981652,0.004464665454040903,0.006646896410675929,0.0019399210434909366,0.002986030675645055,0.3426998702909423,0.10001821134315048,0.15395340351396772,0.14890492844817815,0.22920246449868942,0.06689357808959394,1.0,0.0,0.0
881,0.7108088761632069,0.5918101007862071,16093,443,0.2142857142857143,0.8593037749968104,0.3023033392984025,0.0,1,0,0,1,1,0,0,0,0,0.5369662856685945,0.46487179688160835,0.19415601444095748,0.6202021031341001,0.2641344961427309,0.5853720156638174,0.4873730241768764,0.557000435698408,0.7108088761632069,0.5918101007862071,0.2142857142857143,0.8593037749968104,0.3023033392984025,0.42066387264187804,0.15231618774925862,0.610800750588284,0.21487989686708206,0.12681645016847296,0.5085446536868307,0.17890616969819453,0.18413652321360224,0.06477928699251483,0.2597704006532589,0.0,0.0,1.0
882,0.4380816034359341,0.7955541592871589,39533,80,0.2142857142857143,0.8275439234812527,0.4607358203345885,0.0,1,0,1,0,0,1,0,0,1,0.3633100055579726,0.5853136981317018,0.19415601444095748,0.6029729470896305,0.3789402952922288,0.3607730851825339,0.6551622488247191,0.36680810314666423,0.4380816034359341,0.7955541592871589,0.2142857142857143,0.8275439234812527,0.4607358203345885,0.3485176417206451,0.09387462930770017,0.36253176891233113,0.20183988693254698,0.17047589127581977,0.6583560103183249,0.366540298199763,0.17733084074598274,0.09872910435741182,0.3812791284480389,1.0,0.0,1.0
883,0.7587687902648532,0.6545087115066252,2190,53,0.8571428571428571,0.6085960993248731,0.0228024261685524,0.0,1,0,0,0,0,0,0,0,0,0.5646140132642172,0.5035041137066321,0.6190392084062234,0.4753618105967112,0.02254633651709519,0.4085678101426133,0.3524277677343366,0.5857936731563207,0.7587687902648532,0.6545087115066252,0.8571428571428571,0.6085960993248731,0.0228024261685524,0.49662078324768977,0.6503732487984456,0.46178372604464246,0.017301769319016135,0.5610074670056787,0.39833144879708077,0.014924386570804181,0.5216537994213198,0.019544936715902055,0.013877467621324401,0.0,0.0,1.0
884,0.2641374373657837,0.5741054539210227,18532,443,0.7857142857142857,0.8782427028783797,0.6826273822025645,0.0,0,1,0,1,1,0,1,0,0,0.23439002190694344,0.45368714515951314,0.5798184952529422,0.6303366071954997,0.5203564897467011,0.14791696492483888,0.32149905419577274,0.19561532067581522,0.2641374373657837,0.5741054539210227,0.7857142857142857,0.8782427028783797,0.6826273822025645,0.15164274337641898,0.20753655793025863,0.2319767769234946,0.18030744741069876,0.45108285665223213,0.5042039255888181,0.39190010311832274,0.6900478379758698,0.5363500860163006,0.5995125172043729,0.0,1.0,0.0
885,0.6821760916249106,0.3313747716974253,32845,53,0.2142857142857143,0.8804463527869091,0.2493439323911718,0.0,0,0,0,0,0,0,0,1,0,0.5200882478812429,0.2862120713023875,0.19415601444095748,0.6315091703569519,0.22261855944302772,0.5617920754558087,0.2728968708096443,0.6311024203957373,0.6821760916249106,0.3313747716974253,0.2142857142857143,0.8804463527869091,0.2493439323911718,0.22605594661964662,0.14618059106248085,0.6006194518295808,0.17009646926899552,0.07100887964944828,0.29175770914659277,0.08262628867026281,0.1886670755971948,0.0534308426552511,0.21953395586335286,0.0,0.0,0.0
886,0.250536864710093,0.7858387564752918,45632,53,0.7142857142857143,0.6272261508676751,0.7038778761664842,0.0,1,0,0,0,0,0,0,1,0,0.22357295087709472,0.5798881964499206,0.538996500732687,0.4868768172668911,0.5329067569224021,0.14614650441422092,0.4584059412772535,-0.07665172529880915,0.250536864710093,0.7858387564752918,0.7142857142857143,0.6272261508676751,0.7038778761664842,0.1968815782149979,0.17895490336435216,0.1571432733025671,0.17634735623355005,0.5613133974823513,0.4928986184266375,0.5531345149171394,0.4480186791911965,0.5027699115474887,0.441490610948818,0.0,0.0,1.0
887,0.2619899785254116,0.4285866979877247,6036,53,0.5714285714285714,0.200770342326142,0.7107575972710783,0.0,0,0,1,0,0,0,1,0,0,0.23268982314090841,0.3566856324730171,0.4519851237430572,0.1829633027694015,0.5369363117414295,0.16672089542526194,0.2727369896285521,-0.5099872549449364,0.2619899785254116,0.4285866979877247,0.5714285714285714,0.200770342326142,0.7107575972710783,0.11228541980208107,0.14970855915737805,0.05259981767456548,0.18621136764582297,0.2449066845644141,0.08604749807142632,0.30462125168410054,0.11472590990065257,0.4061471984406162,0.14269904611502057,0.0,1.0,0.0
888,0.1066571224051539,0.4702741443555904,30560,443,0.4285714285714286,0.1847615402818876,0.084835725979958,0.0,1,0,1,0,0,1,0,0,1,0.10134386989040545,0.3854488761619371,0.3566749439387324,0.1695415225076225,0.08142857090281853,0.07465998568360772,0.32919190104891327,0.0999258143019296,0.1066571224051539,0.4702741443555904,0.4285714285714286,0.1847615402818876,0.084835725979958,0.05015808697851322,0.045710195316494534,0.01970613421761006,0.009048334410174476,0.20154606186668161,0.08688857526588564,0.03989604844601008,0.07918351726366613,0.03635816827712486,0.01567437940298919,1.0,0.0,1.0
889,0.9992841803865428,0.8753887389685542,11808,443,0.0714285714285714,0.2988244134385391,0.3773875224883483,1.0,0,0,0,0,0,1,0,0,0,0.692789206688215,0.6288159653829042,0.06899287148695142,0.2614595579890032,0.32018860534512456,0.9326652350274399,0.8170294897039839,-0.07856310904980918,0.9992841803865428,0.8753887389685542,0.0714285714285714,0.2988244134385391,0.3773875224883483,0.8747621185398009,0.07137744145618159,0.2986105090624199,0.37711738109787707,0.06252776706918241,0.2615875264529806,0.3303607874135421,0.02134460095989564,0.02695625160631058,0.11277260504660416,0.0,0.0,0.0
890,0.6821760916249106,0.7337532837427218,5970,443,0.8571428571428571,0.648310382343471,0.1709566683049453,0.0,1,0,0,1,1,0,0,0,0,0.5200882478812429,0.5502885866567742,0.6190392084062234,0.49975075255440454,0.15782107992147465,0.36732558779802876,0.3950979220153117,0.4773537140385258,0.6821760916249106,0.7337532837427218,0.8571428571428571,0.648310382343471,0.1709566683049453,0.500548947320554,0.5847223642499233,0.4422618427869205,0.1166225518214838,0.6289313860651901,0.47569987192902136,0.1254400167464689,0.5556946134372609,0.14653428711852454,0.11083298299294504,0.0,0.0,1.0
891,0.0515390121689334,0.4363700532172903,4494,443,0.7857142857142857,0.0777262855249052,0.5865056141678646,1.0,0,0,0,0,1,0,0,0,0,0.050254816916915454,0.3621191346543307,0.5798184952529422,0.07485353071469489,0.46153387074765667,0.028861846814602705,0.24436722980168257,-0.5087793286429594,0.0515390121689334,0.4363700532172903,0.7857142857142857,0.0777262855249052,0.5865056141678646,0.022490081482924036,0.04049493813273338,0.0040059359755140805,0.03022791998574533,0.34286218467072804,0.03391742335088518,0.2559334860666706,0.061070652912425506,0.4608258397033222,0.04558690282877133,0.0,0.0,0.0
892,0.0658554044380816,0.0021216973146052,51386,443,0.3571428571428571,0.4689083258266704,0.3973513295508368,0.0,0,0,0,0,0,1,1,0,0,0.06377767342704717,0.0021194496934774693,0.30538164955118186,0.38451948940824787,0.3345785372401481,0.04852503484911276,0.0015633559160248842,0.07155699627583362,0.0658554044380816,0.0021216973146052,0.3571428571428571,0.4689083258266704,0.3973513295508368,0.00013972523474851711,0.023519787299314854,0.030880147441699125,0.026167732511579805,0.0007577490409304285,0.0009948815357024667,0.0008430592488628163,0.16746725922381084,0.14191118912529885,0.18632134670468448,0.0,1.0,0.0
893,0.9098067287043664,0.182786157897499,22256,443,0.3571428571428571,0.1668841140645671,0.4000087634716002,1.0,0,1,0,1,1,0,1,0,0,0.6470020477785525,0.16787280610178412,0.30538164955118186,0.15433704594392936,0.3364784962241932,0.670383905361112,0.13468453739815714,-0.2331246494070331,0.9098067287043664,0.182786157897499,0.3571428571428571,0.1668841140645671,0.4000087634716002,0.16630007636916336,0.32493097453727365,0.15183228988981015,0.3639306645471752,0.06528077067767821,0.030504106023990195,0.07311606500030324,0.059601469308773955,0.14286027266842863,0.06675510811002097,0.0,1.0,0.0
894,0.1832498210450966,0.1702861406342242,36002,443,0.7857142857142857,0.9062863502241932,0.8359686282990249,0.0,0,1,0,1,0,1,1,0,0,0.16826473856406235,0.1572482835532432,0.5798184952529422,0.6451570301618428,0.6075722050692126,0.1026198997852541,0.09536023875516556,0.07031772192516839,0.1832498210450966,0.1702861406342242,0.7857142857142857,0.9062863502241932,0.8359686282990249,0.03120490479768174,0.14398200224971874,0.16607681149419715,0.15319110153511117,0.13379625335546186,0.15432800488915474,0.14235387140432723,0.712082132319009,0.6568324936635195,0.7576269570430485,0.0,1.0,0.0
895,0.4960629921259842,0.4280435355757815,18852,53,0.6428571428571429,0.7015789421741703,0.3632313313900288,0.0,0,1,1,0,0,0,0,1,0,0.4028369857018948,0.35630535055055673,0.4964368863138911,0.5315566095182949,0.309857860536267,0.30195138651146863,0.2605482390461279,0.3383476107841415,0.4960629921259842,0.4280435355757815,0.6428571428571429,0.7015789421741703,0.3632313313900288,0.21233655701790735,0.3188976377952756,0.34802734926750173,0.1801856210832426,0.2751708442987167,0.3003063308937486,0.15547882332008628,0.45101503425482375,0.23350585589358994,0.2548354532411319,0.0,0.0,0.0
896,0.6950608446671439,0.7005627703123636,9403,443,0.7142857142857143,0.6749247913159611,0.3549565868670092,0.0,0,0,0,0,0,1,0,0,0,0.5277186367469344,0.530959237640283,0.538996500732687,0.515768263562074,0.3037694146058583,0.40545215938916723,0.4086616160155454,0.31996820444895185,0.6950608446671439,0.7005627703123636,0.7142857142857143,0.6749247913159611,0.3549565868670092,0.48693375087566576,0.4964720319051028,0.46911379553886773,0.24671642508794986,0.5004019787945454,0.47282718155680353,0.2486693698361731,0.4820891366542579,0.25354041919072084,0.239569000317442,0.0,0.0,0.0
897,0.6492483894058697,0.2030327616488201,1333,443,0.7142857142857143,0.354616916744817,0.6756730110246469,0.0,1,0,0,0,0,0,0,0,1,0.50031966255882,0.18484566991251225,0.538996500732687,0.3035186960898124,0.516214882204634,0.37872822715342397,0.11843577762847837,-0.32105609427982995,0.6492483894058697,0.2030327616488201,0.7142857142857143,0.354616916744817,0.6756730110246469,0.13181869349712227,0.46374884957562124,0.23023446205264783,0.43867961417276646,0.14502340117772863,0.0719988519340899,0.13718375739990774,0.25329779767486926,0.48262357930331923,0.23960507989724703,1.0,0.0,1.0
898,0.3865425912670007,0.1090794894068872,64170,443,0.6428571428571429,0.1290227467424465,0.4910359831884124,0.0,0,1,0,0,1,0,0,1,0,0.32681330415003407,0.10353038245141849,0.4964368863138911,0.12135243265494959,0.39947116908522884,0.2352867946842613,0.06639621094332265,-0.36201323644596595,0.3865425912670007,0.1090794894068872,0.6428571428571429,0.1290227467424465,0.4910359831884124,0.04216386848941953,0.24849166581450047,0.04987278685821124,0.18980632134698833,0.0701225289044275,0.014073735336540182,0.05356195432660087,0.08294319433442988,0.31566598919255084,0.06335481130034674,0.0,0.0,0.0
899,0.1896921975662132,0.1222154199528161,22159,443,0.5714285714285714,0.7158285325953493,0.752354087632694,0.0,0,1,0,1,1,0,1,0,0,0.1736946161584316,0.11530478506444018,0.4519851237430572,0.539896073343179,0.5609600769069547,0.12071321663304477,0.07777344906088297,-0.03652555503734467,0.1896921975662132,0.1222154199528161,0.5714285714285714,0.7158285325953493,0.752354087632694,0.023183311587327306,0.10839554146640754,0.13578708742860948,0.14271570023096905,0.06983738283018062,0.08748528472534872,0.0919492707732475,0.409044875768771,0.4299166215043965,0.5385565225422242,0.0,1.0,0.0
900,0.4760200429491767,0.4993688593515332,28399,53,0.2142857142857143,0.0222536717295112,0.3189076174708725,0.0,0,1,0,0,0,1,0,0,0,0.38934930531994333,0.40504425913134423,0.19415601444095748,0.02200967206786495,0.27680383145731047,0.39201650595814547,0.4112449429953802,-0.2966539457413613,0.4760200429491767,0.4993688593515332,0.2142857142857143,0.0222536717295112,0.3189076174708725,0.23770958587599822,0.10200429491768073,0.0105931937724588,0.15180641776530435,0.1070076127181857,0.01111279066794947,0.15925253317494467,0.0047686439420381145,0.06833734660090125,0.007096865431237327,0.0,0.0,0.0
901,0.8790264853256979,0.1297800073552884,49517,53,0.5,0.2001837245301274,0.0565382860760692,0.0,0,1,1,0,1,0,0,0,1,0.6307538157687623,0.12202293001452479,0.4054651081081644,0.18247464884987397,0.05499779601279984,0.5860176568837986,0.08652000490352561,0.1436454384540582,0.8790264853256979,0.1297800073552884,0.5,0.2001837245301274,0.0565382860760692,0.1140800637310624,0.43951324266284897,0.17596679579312557,0.049698650895785956,0.0648900036776442,0.02597984524192896,0.007337539182807661,0.1000918622650637,0.0282691430380346,0.011318044685257374,1.0,0.0,0.0
902,0.3392984967788117,0.0229827731554316,8504,443,0.3571428571428571,0.6012691555539824,0.4358790733548596,0.0,1,0,1,0,1,0,1,0,0,0.29214596701712775,0.022722647292445382,0.30538164955118186,0.4707965370324951,0.36177725632443886,0.2500094186791244,0.01693467495663381,0.16539008219912282,0.3392984967788117,0.0229827731554316,0.3571428571428571,0.6012691555539824,0.4358790733548596,0.0077980203834463685,0.1211780345638613,0.20400972063893172,0.14789311436664526,0.008208133269796998,0.013818832607455095,0.010017709866114468,0.21473898412642226,0.15567109762673556,0.2620806423597288,0.0,1.0,1.0
903,0.556907659269864,0.4621938257513306,36262,80,1.0,0.0740662974835926,0.5519595142502218,0.0,0,1,1,0,1,0,0,0,0,0.4427015842658226,0.3799379282935023,0.6931471805599453,0.07145172368203749,0.43951833524179595,0.278453829634932,0.2310969128756653,-0.4778932167666292,0.556907659269864,0.4621938257513306,1.0,0.0740662974835926,0.5519595142502218,0.2573992816281569,0.556907659269864,0.04124808836237297,0.3073904810928222,0.4621938257513306,0.03423298539317782,0.2551122795511561,0.0740662974835926,0.5519595142502218,0.0408815975813562,0.0,0.0,0.0
904,0.4416607015032212,0.9457203348862828,52081,53,0.7142857142857143,0.1079690227866114,0.2485284105132911,0.0,0,1,0,0,0,0,0,0,0,0.36579571402154576,0.6656322606336122,0.538996500732687,0.10252863016044979,0.22196558619627732,0.25763540921021233,0.5516701953503316,-0.1405593877266797,0.4416607015032212,0.9457203348862828,0.7142857142857143,0.1079690227866114,0.2485284105132911,0.4176875065317369,0.31547192964515797,0.047685674344552065,0.10976523213078068,0.6755145249187735,0.10210850038709883,0.23503837161938523,0.07712073056186529,0.17752029322377938,0.02683336961782984,0.0,0.0,0.0
905,0.9413027916964924,0.576260646200642,56826,443,0.5714285714285714,0.4901350465663983,0.290199218584911,0.0,1,0,0,1,1,0,1,0,0,0.6633592898033244,0.45505536240623207,0.4519851237430572,0.39886675112970094,0.2547966394615897,0.5990108674432225,0.36671132030949943,0.1999358279814873,0.9413027916964924,0.576260646200642,0.5714285714285714,0.4901350465663983,0.290199218584911,0.5424357550134891,0.5378873095408528,0.461365487641241,0.27316533460211734,0.32929179782893825,0.28244553865993444,0.16723038922866215,0.2800771694665133,0.16582812490566343,0.14223680751464773,0.0,1.0,1.0
906,0.6184681460272011,0.4926416189286313,47185,53,0.0714285714285714,0.2868022534594052,0.3468871297044417,0.0,0,1,1,0,1,0,0,0,1,0.481480113021008,0.4005474488374876,0.06899287148695142,0.2521602675930482,0.297796100082466,0.5772369362920544,0.4597988443333892,-0.0600848762450365,0.6184681460272011,0.4926416189286313,0.0714285714285714,0.2868022534594052,0.3468871297044417,0.3046831487146295,0.04417629614480006,0.17737805797346176,0.2145386399890033,0.03518868706633079,0.14129072645662102,0.17089103716310225,0.02048587524710036,0.024777652121745822,0.09948801049529885,1.0,0.0,0.0
907,0.0021474588403722,0.997374195499682,38754,443,0.8571428571428571,0.8397605191167461,0.4238316192064325,1.0,0,0,0,0,1,0,0,0,1,0.002145156346388139,0.6918334156985282,0.6190392084062234,0.6096354104963603,0.353351561058997,0.001156323990969646,0.537047643730598,0.4159288999103136,0.0021474588403722,0.997374195499682,0.8571428571428571,0.8397605191167461,0.4238316192064325,0.0021418200332849026,0.001840679006033314,0.0018033511505728041,0.0009101609574941173,0.8548921675711559,0.83755547216646,0.42271872023334317,0.7197947306714966,0.36328424503408496,0.3559170605628848,1.0,0.0,0.0
908,0.6714387974230493,0.49471439916596,7641,53,0.5,0.1721929369153727,0.1038515180550898,0.0,0,0,0,0,1,0,0,0,1,0.5136848108460358,0.4019351512455075,0.4054651081081644,0.15887629954756027,0.09880544429438799,0.44762586494869955,0.3298095994439733,0.06834141886028292,0.6714387974230493,0.49471439916596,0.5,0.1721929369153727,0.1038515180550898,0.3321704412438586,0.3357193987115247,0.11561701848720085,0.0697299383934676,0.24735719958298,0.08518632532671067,0.051376841357096595,0.08609646845768636,0.0519257590275449,0.017882497897025767,1.0,0.0,0.0
909,0.9284180386542592,0.4794868019771411,36698,443,0.9285714285714284,0.6498218751712441,0.0882258772963543,0.0,0,1,1,0,0,1,0,1,0,0.6566999977133475,0.39169527222161066,0.6567795363890704,0.5006673276433189,0.08454873469538109,0.4814019459688752,0.24862278621036948,0.5615959978748898,0.9284180386542592,0.4794868019771411,0.9285714285714284,0.6498218751712441,0.0882258772963543,0.44516419625222053,0.8621024644646691,0.6033063508211193,0.0819104959580326,0.4452377446930595,0.3115810127806488,0.04230314375645658,0.6034060269447266,0.08192402891804326,0.05733110502334504,0.0,0.0,0.0
910,0.7236936292054402,0.0961409594731845,53023,53,0.2857142857142857,0.2360869265376939,0.2588442514569322,0.0,0,0,1,0,0,0,0,0,1,0.5444694471717498,0.09179579291394001,0.2513144282809061,0.21195068547652873,0.2301940392738516,0.5628728227153424,0.07477630181247684,-0.022757324919238292,0.7236936292054402,0.0961409594731845,0.2857142857142857,0.2360869265376939,0.2588442514569322,0.06957659987644205,0.2067696083444115,0.17085460467402186,0.1873239357358328,0.027468845563767,0.022697623636409116,0.024885534689187697,0.06745340758219825,0.07395550041626633,0.06110974377841712,1.0,0.0,0.0
911,0.1102362204724409,0.7259054985840815,11817,443,0.2857142857142857,0.0338003255783982,0.2996114503010632,0.0,1,0,0,1,1,0,0,0,1,0.10457280391957696,0.5457518394728995,0.2513144282809061,0.033241648713393426,0.26206533540885407,0.08573928258967627,0.5645931655653967,-0.265811124722665,0.1102362204724409,0.7259054985840815,0.2857142857142857,0.0338003255783982,0.2996114503010632,0.08002107858407194,0.03149606299212597,0.0037260201425005877,0.03302803389145577,0.20740157102402326,0.02453584219129143,0.21748959921229302,0.009657235879542344,0.08560327151458948,0.010126964567192007,1.0,0.0,1.0
912,0.152469577666428,0.5184070792394634,45767,80,0.3571428571428571,0.8228651227862693,0.8021111306357342,0.0,0,1,0,0,0,0,0,0,1,0.1419070987215468,0.41766181116472806,0.30538164955118186,0.6004095065558146,0.588958828003639,0.11234600459631536,0.3819841636501309,0.020753992150535083,0.152469577666428,0.5184070792394634,0.3571428571428571,0.8228651227862693,0.8021111306357342,0.07904130843092745,0.054453420595152846,0.1254618977476559,0.12229754532957145,0.18514538544266548,0.4265791049116523,0.4158200884583347,0.29388040099509616,0.2864682609413336,0.6600292739988067,1.0,0.0,0.0
913,0.9262705798138868,0.8712207477577952,10568,443,0.8571428571428571,0.949670342460302,0.390529339910206,0.0,0,0,1,0,1,0,0,1,0,0.655585791469944,0.6265910241687488,0.6190392084062234,0.6676603031356599,0.329684494728323,0.4987610814382467,0.46911886417727433,0.559141002550096,0.9262705798138868,0.8712207477577952,0.8571428571428571,0.949670342460302,0.390529339910206,0.8069861471715011,0.7939462112690459,0.8796516987427564,0.361735838112961,0.746760640935253,0.8273725058816658,0.3402372635379279,0.8140031506802589,0.33473943420874797,0.37087413197332103,0.0,0.0,0.0
914,0.80386542591267,0.674671945007388,18184,80,0.2857142857142857,0.847670172649825,0.2168619858914693,0.0,1,0,0,1,1,0,0,1,0,0.5899318212485071,0.5156172923682515,0.2513144282809061,0.6139254792870568,0.19627540239086252,0.6252286645987434,0.5247448461168575,0.6308081867583557,0.80386542591267,0.674671945007388,0.2857142857142857,0.847670172649825,0.2168619858914693,0.5423454504246934,0.22967583597504854,0.681412744370618,0.1743278526529134,0.19276341285925372,0.5718992841064059,0.14631069781956232,0.24219147789995,0.06196056739756265,0.1838274370218057,0.0,0.0,1.0
915,0.2741589119541875,0.6987765575639375,37792,443,0.1428571428571429,0.7677624074532208,0.443890352801733,0.0,0,1,1,0,1,0,0,0,1,0.242286284029169,0.529908319952735,0.13353139262452268,0.5697145702603398,0.3673411046247923,0.2398890479599141,0.6114294878684454,0.3238720546514878,0.2741589119541875,0.6987765575639375,0.1428571428571429,0.7677624074532208,0.443890352801733,0.1915758207208218,0.03916555885059823,0.21048890626670258,0.12169649615108355,0.09982522250913396,0.5364943721071628,0.3101801726666367,0.10968034392188872,0.06341290754310473,0.34080232591231807,1.0,0.0,0.0
916,0.403006442376521,0.8767834932404788,65055,80,0.4285714285714286,0.1827408462506881,0.2084007171870246,0.0,0,0,0,1,0,0,0,1,0,0.338617392967601,0.6295594037166735,0.3566749439387324,0.16783449612118614,0.1892977640315482,0.2821045096635647,0.6137484452683352,-0.02565987093633651,0.403006442376521,0.8767834932404788,0.4285714285714286,0.1827408462506881,0.2084007171870246,0.3533493963453038,0.17271704673279473,0.07364573832436462,0.08398683162225828,0.37576435424591953,0.16022415753339955,0.1827223088090605,0.07831750553600919,0.08931459308015341,0.038083323418007194,0.0,0.0,0.0
917,0.4481030780243379,0.919976424326325,44167,443,0.0714285714285714,0.3756134838676441,0.4234488252122451,0.0,0,0,0,1,0,0,1,0,0,0.37025447791078364,0.652312906967597,0.06899287148695142,0.31889980169981746,0.35308267711590385,0.4182295394893821,0.85864466270457,-0.04783534134460099,0.4481030780243379,0.919976424326325,0.0714285714285714,0.3756134838676441,0.4234488252122451,0.4122442674504506,0.03200736271602412,0.1683135582685363,0.18974872196339687,0.0657126017375946,0.34555554981730896,0.3895629361039442,0.026829534561974566,0.030246344658017493,0.15905308847763247,0.0,1.0,0.0
918,0.3521832498210451,0.4688571805992518,11050,443,0.5,0.5239643113656083,0.3067504220821707,0.0,1,0,0,0,0,0,0,0,0,0.3017205082445477,0.3844846702728799,0.4054651081081644,0.4213150392511528,0.26754346161231185,0.23478883321403007,0.3125714537328345,0.2172138892834376,0.3521832498210451,0.4688571805992518,0.5,0.5239643113656083,0.3067504220821707,0.16512364556537715,0.17609162491052255,0.1845314539669859,0.10803236053287614,0.2344285902996259,0.2456644297615076,0.143822138045077,0.26198215568280414,0.15337521104108534,0.16072627366739425,0.0,0.0,1.0
919,0.0816034359341446,0.8281591367538607,51778,80,0.4285714285714286,0.0629104047124444,0.4114380972105994,0.0,0,0,1,0,0,0,0,1,0,0.07844460301577776,0.6033095243598732,0.3566749439387324,0.06101081049475801,0.3446091117175383,0.05712240515390122,0.5797113957277025,-0.34852769249815496,0.0816034359341446,0.8281591367538607,0.4285714285714286,0.0629104047124444,0.4114380972105994,0.06758063105937016,0.0349729011146334,0.0051337051805430646,0.033574762406591505,0.35492534432308315,0.05209982645949396,0.340736219413581,0.02696160201961903,0.17633061309025688,0.025883737209636846,0.0,0.0,0.0
920,0.294201861130995,0.741398086188296,12843,443,0.8571428571428571,0.6945071889867949,0.5458026720986288,0.0,0,0,0,0,0,1,1,0,0,0.25789418169516,0.5546882884042493,0.6190392084062234,0.5273919545976011,0.4355433043077375,0.15841638676284345,0.3992143541013901,0.1487045168881661,0.294201861130995,0.741398086188296,0.8571428571428571,0.6945071889867949,0.5458026720986288,0.21812069679555451,0.25217302382656714,0.20432530756877074,0.16057616194168678,0.6354840738756822,0.5149063007588229,0.4046570565303814,0.5952918762743956,0.4678308617988246,0.3790638795407,0.0,1.0,0.0
921,0.1739441660701503,0.5282735858634402,18277,443,0.1428571428571429,0.7871043948216103,0.7858816888035689,0.0,1,0,0,0,0,1,1,0,0,0.16036916156128228,0.4241387230570356,0.13353139262452268,0.5805966535093595,0.5799122365890844,0.15220114531138154,0.4622393876305102,0.0012227060180414195,0.1739441660701503,0.5282735858634402,0.1428571428571429,0.7871043948216103,0.7858816888035689,0.09189010834990405,0.024849166581450054,0.13691221756739536,0.13669953498873819,0.07546765512334863,0.4158064611012851,0.41516053780867757,0.1124434849745158,0.11226881268622417,0.6185709310671182,0.0,1.0,1.0
922,0.6313528990694345,0.5465177549847321,49306,80,0.1428571428571429,0.1327750369317373,0.6748536438906889,0.0,0,0,0,1,0,1,1,0,0,0.48940966998872243,0.43600579383022464,0.13353139262452268,0.12467040710763837,0.5157257846777781,0.5524337866857552,0.4782030356116406,-0.5420786069589516,0.6313528990694345,0.5465177549847321,0.1428571428571429,0.1327750369317373,0.6748536438906889,0.3450455690025295,0.09019327129563352,0.08382790449090358,0.4260708045179582,0.07807396499781889,0.07256391510194797,0.3688194984024052,0.018967862418819623,0.09640766341295559,0.08960371749110373,0.0,1.0,0.0
923,0.5977093772369363,0.863495250378306,22066,53,0.2857142857142857,0.5912982447260031,0.0633156713320884,0.0,0,1,0,0,1,0,0,0,1,0.4685709642442398,0.6224538911699387,0.2513144282809061,0.4645501891893427,0.06139201795817665,0.46488507118428385,0.6716074169609048,0.5279825733939147,0.5977093772369363,0.863495250378306,0.2857142857142857,0.5912982447260031,0.0633156713320884,0.5161192083506696,0.1707741077819818,0.3534245056164729,0.0378443704812411,0.246712928679516,0.5105832258779329,0.054672781469772204,0.16894235563600088,0.018090191809168113,0.037438445322312386,1.0,0.0,0.0
924,0.6657122405153901,0.1520426914826019,40416,53,1.0,0.2290912871489645,0.8255915214485766,0.0,1,0,1,0,0,0,1,0,0,0.5102528040453299,0.14153662016569482,0.6931471805599453,0.2062751054080133,0.601904055860166,0.33285612025769507,0.07602134574130096,-0.5965002342996121,0.6657122405153901,0.1520426914826019,1.0,0.2290912871489645,0.8255915214485766,0.10121668080087314,0.6657122405153901,0.15250887405049177,0.5496063814940417,0.1520426914826019,0.034831655893342174,0.12552515698625785,0.2290912871489645,0.8255915214485766,0.18913582430792636,0.0,1.0,1.0
925,0.7494631352899069,0.7368417259729875,17995,80,1.0,0.375967427107839,0.6165971376743257,0.0,0,0,1,0,0,1,0,0,1,0.5593089610345242,0.5520683639208268,0.6931471805599453,0.31915706707096114,0.4803234077322993,0.37473156764495347,0.36842086298649374,-0.2406297105664867,0.7494631352899069,0.7368417259729875,1.0,0.375967427107839,0.6165971376743257,0.5522357101601416,0.7494631352899069,0.28177372668712053,0.4621168240121825,0.7368417259729875,0.2770284878997634,0.4543344991539539,0.375967427107839,0.6165971376743257,0.2318204394134742,1.0,0.0,0.0
926,0.7974230493915533,0.9983907613989804,60253,80,0.7142857142857143,0.9295912276002376,0.5387247833916647,1.0,1,0,0,1,0,0,0,1,0,0.5863539999006232,0.6923422373795811,0.538996500732687,0.6573081813133209,0.4309540106595261,0.46516344547840605,0.5823946108160719,0.39086644420857286,0.7974230493915533,0.9983907613989804,0.7142857142857143,0.9295912276002376,0.5387247833916647,0.7961398054391297,0.569587892422538,0.741277471400619,0.4295915595549853,0.7131362581421289,0.9280952935136141,0.537857846674905,0.6639937340001697,0.38480341670833196,0.5007938327317297,0.0,0.0,1.0
927,0.7329992841803865,0.5207703889806597,14748,443,0.9285714285714284,0.8351470580243072,0.8828293405361792,0.0,1,0,0,0,0,0,0,1,0,0.5498535976810967,0.41921704131647913,0.6567795363890704,0.6071246189081477,0.632775613882203,0.3800737029083486,0.27002909058256436,-0.04768228251187201,0.7329992841803865,0.5207703889806597,0.9285714285714284,0.8351470580243072,0.8828293405361792,0.381724322345165,0.6806421924532159,0.6121621957171729,0.6471132746664621,0.4835725040534697,0.4349198582633721,0.45975137907456537,0.7754936967368565,0.8197701019264519,0.7372923264863294,0.0,0.0,1.0
928,0.1732283464566929,0.3518223959356072,46794,80,0.5,0.6270558814636713,0.753066682342441,0.0,0,0,1,0,0,1,0,0,0,0.1597592194868679,0.3014536050388193,0.4054651081081644,0.4867721739677133,0.5613666442016239,0.11548556430446194,0.23454826395707148,-0.1260108008787697,0.1732283464566929,0.3518223959356072,0.5,0.6270558814636713,0.753066682342441,0.060945611894357155,0.08661417322834646,0.10862385348189582,0.1304524961538087,0.1759111979678036,0.22061230260206294,0.2649457244809964,0.31352794073183565,0.3765333411712205,0.4722148922971619,0.0,0.0,0.0
929,0.7079455977093773,0.7998527504766223,48034,443,0.5714285714285714,0.7925532920203242,0.940374382469909,0.0,0,0,0,1,0,0,0,0,1,0.5352912434008996,0.5877048562651184,0.4519851237430572,0.5836410236049657,0.6628809351114578,0.4505108349059674,0.5089972048487597,-0.1478210904495848,0.7079455977093773,0.7998527504766223,0.5714285714285714,0.7925532920203242,0.940374382469909,0.5662522335156618,0.40454034154821555,0.5610846140358631,0.6657339042682463,0.45705871455806985,0.6339259305217579,0.7521610362963119,0.45288759544018525,0.5373567899828051,0.7452968125581059,1.0,0.0,0.0
930,0.5712240515390121,0.1426886411960633,44243,443,0.9285714285714284,0.2446507670199622,0.9151940920047612,0.0,0,0,0,1,0,0,0,0,1,0.45185496625230986,0.13338394280088706,0.6567795363890704,0.21885498214912485,0.649818971023978,0.2961902489461545,0.0739867028424032,-0.670543324984799,0.5712240515390121,0.1426886411960633,0.9285714285714284,0.2446507670199622,0.9151940920047612,0.08150718373261168,0.5304223335719397,0.13975040234926972,0.5227808771795271,0.13249659539634448,0.034908885513653065,0.1305878014188243,0.22717571223282199,0.8498230854329923,0.22390293658110266,1.0,0.0,0.0
931,0.0801717967072297,0.4415218687325627,35252,80,0.0,0.5071932555450909,0.0309464000608361,1.0,0,0,1,0,0,1,1,0,0,0.077120099510887,0.36569940879814505,0.0,0.4102491500058325,0.03047721538157641,0.0801717967072297,0.4415218687325627,0.47624685548425477,0.0801717967072297,0.4415218687325627,0.0,0.5071932555450909,0.0309464000608361,0.035397601501823174,0.0,0.04066259457483903,0.0024810284944979523,0.0,0.22393691399682075,0.013663512385405847,0.0,0.0,0.01569580539425626,0.0,1.0,0.0
932,0.3271295633500357,0.6074384108856905,46684,80,0.9285714285714284,0.074332171423352,0.5367970274963506,0.0,1,0,1,0,0,1,0,0,0,0.28301838686883857,0.47464186279421594,0.6567795363890704,0.07169923264740366,0.4297003982540135,0.16962273655187038,0.3149680649036914,-0.4624648560729986,0.3271295633500357,0.6074384108856905,0.9285714285714284,0.074332171423352,0.5367970274963506,0.1987110621150755,0.3037631659678902,0.02431625078058114,0.17560217721247828,0.5640499529652839,0.04515221608708367,0.32607113335054555,0.06902273060739826,0.4984543826751826,0.03990128866740453,0.0,0.0,1.0
933,0.1725125268432354,0.4236696106405431,64871,443,1.0,0.0124723849869265,0.986927136405639,0.0,0,1,1,0,0,0,1,0,0,0.15914890515605282,0.35323777107052146,0.6931471805599453,0.012395245539626308,0.6865892927441372,0.0862562634216177,0.21183480532027155,-0.9744547514187125,0.1725125268432354,0.4236696106405431,1.0,0.0124723849869265,0.986927136405639,0.07308831507828978,0.1725125268432354,0.002151642649856324,0.17025729411149523,0.4236696106405431,0.005284170491170106,0.41813103561156323,0.0124723849869265,0.986927136405639,0.012309335199296055,0.0,1.0,0.0
934,0.1059413027916964,0.5157115756465469,16773,53,0.2142857142857143,0.9561984847459746,0.3314943150318491,1.0,1,0,0,0,0,1,0,0,1,0.10069683007488393,0.4158850155883795,0.19415601444095748,0.6710030412834098,0.28630185666592634,0.08724577876963233,0.42470365053245035,0.6247041697141255,0.1059413027916964,0.5157115756465469,0.2142857142857143,0.9561984847459746,0.3314943150318491,0.05463515618875367,0.0227017077410778,0.10130091320143458,0.03511893960251512,0.11050962335283149,0.4931226271991872,0.17095545552294772,0.20489967530270886,0.07103449607825339,0.31697436173535887,1.0,0.0,1.0
935,0.1882605583392984,0.1191023212171354,3064,53,0.0,0.7081400850705597,0.1096148375352035,1.0,1,0,0,0,1,0,0,0,0,0.172490522093627,0.11252686502174622,0.0,0.5354051090234002,0.10401296189663985,0.1882605583392984,0.1191023212171354,0.5985252475353562,0.1882605583392984,0.1191023212171354,0.0,0.7081400850705597,0.1096148375352035,0.022422269491844376,0.0,0.13331484779782182,0.020636150516648893,0.0,0.08434112787880339,0.013055381590281918,0.0,0.0,0.0776226603771746,0.0,0.0,1.0
936,0.3099498926270579,0.9803485912141676,40887,53,0.3571428571428571,0.1329442219570022,0.201142118509348,0.0,0,1,1,0,1,0,0,1,0,0.2699888865785048,0.6832728853791469,0.30538164955118186,0.12481975043419183,0.1832728695768826,0.22838413140941108,0.7223621198420183,-0.06819789655234579,0.3099498926270579,0.9803485912141676,0.3571428571428571,0.1329442219570022,0.201142118509348,0.30385894058391877,0.11069639022394924,0.04120604732096059,0.06234397803475137,0.35012449686220265,0.13033168070561071,0.19718939251447246,0.047480079270357925,0.0718364708961957,0.0267406824480084,0.0,0.0,0.0
937,0.3171080887616321,0.6012811491366855,3751,443,0.6428571428571429,0.2003110297297032,0.9702826648794004,1.0,1,0,0,1,1,0,0,0,1,0.2754384913460695,0.47080402705236174,0.4964368863138911,0.18258071465107537,0.6781770171673062,0.19302231489838476,0.36599722121363465,-0.7699716351496972,0.3171080887616321,0.6012811491366855,0.6428571428571429,0.2003110297297032,0.9702826648794004,0.1906711160111322,0.2038551999181921,0.06352024779546064,0.30768448141844984,0.3865378815878693,0.1204432461406287,0.5834126757260915,0.1287713762548092,0.623753141708186,0.1943583197308732,1.0,0.0,1.0
938,0.2612741589119541,0.5606739208217795,23648,80,0.0714285714285714,0.1359160422628544,0.6326656905837303,0.0,1,0,0,0,0,0,1,0,0,0.23212244723916295,0.4451177285028651,0.06899287148695142,0.12743941110898777,0.49021407201587114,0.24385588165115718,0.5232956594336609,-0.496749648320876,0.2612741589119541,0.5606739208217795,0.0714285714285714,0.1359160422628544,0.6326656905837303,0.146489607086578,0.018662439922282427,0.03551134962486889,0.16529919617971475,0.04004813720155566,0.07620458031809325,0.35471915330899884,0.009708288733061024,0.04519040647026643,0.08598941673963625,0.0,1.0,1.0
939,0.4001431639226914,0.5911017706813223,19952,53,0.0714285714285714,0.6722430075517281,0.321441952826132,0.0,0,1,0,0,1,0,0,0,1,0.33657449133780076,0.4644267137971989,0.06899287148695142,0.5141658435465695,0.27872352888076707,0.373466952994512,0.5516949859692342,0.35080105472559603,0.4001431639226914,0.5911017706813223,0.0714285714285714,0.6722430075517281,0.321441952826132,0.23652533272072948,0.028581654565906514,0.2689934439666542,0.12862280002133697,0.04222155504866586,0.39736403209196397,0.19000490748678872,0.04801735768226627,0.022960139487580848,0.21608710512113968,1.0,0.0,0.0
940,0.1610594130279169,0.1787827209767818,25071,443,0.6428571428571429,0.7284769982264123,0.9792844864384466,0.0,0,1,0,0,0,1,0,0,0,0.14933287541839638,0.16448231362736573,0.4964368863138911,0.547240672929941,0.6827354089107622,0.09803616445177551,0.10882426494238892,-0.25080748821203425,0.1610594130279169,0.1787827209767818,0.6428571428571429,0.7284769982264123,0.9792844864384466,0.028794640100054322,0.10353819408937516,0.11732807773868482,0.15772298457312126,0.11493174919935974,0.13023909991191623,0.17507914509581585,0.4683066417169794,0.6295400269961443,0.7133862230903734,0.0,0.0,0.0
941,0.7287043664996421,0.2707991753696044,23794,443,0.7857142857142857,0.9748423923332884,0.6872603679835013,0.0,1,0,0,1,1,0,1,0,0,0.5473722068297112,0.23964597450650138,0.5798184952529422,0.6804885938185544,0.5231061295230777,0.4080744452397996,0.1516475382069785,0.2875820243497871,0.7287043664996421,0.2707991753696044,0.7857142857142857,0.9748423923332884,0.6872603679835013,0.19733254153633306,0.5725534308211474,0.7103719079422245,0.5008096310717283,0.21277078064754631,0.2639865159591869,0.18610954091414303,0.7659475939761552,0.5399902891298939,0.6699705412808925,0.0,1.0,1.0
942,0.1768074445239799,0.5019557227976942,2378,53,0.1428571428571429,0.6340445995521371,0.6621931670090502,0.0,1,0,0,0,1,0,0,0,1,0.16280521635916337,0.4067680740776696,0.13353139262452268,0.4910582907728676,0.5081379153167946,0.15470651395848242,0.43921125744798245,-0.028148567456913076,0.1768074445239799,0.5019557227976942,0.1428571428571429,0.6340445995521371,0.6621931670090502,0.08874950861204754,0.025258206360568566,0.11210380536104353,0.11708068164011119,0.07170796039967062,0.31826231525416754,0.332391649777722,0.09057779993601961,0.09459902385843577,0.41986000140241464,1.0,0.0,1.0
943,0.2204724409448818,0.8451239325105673,31671,53,0.0,0.9125836168975088,0.3032689828632093,0.0,0,0,0,0,0,1,0,0,1,0.19923803046065527,0.6125464473289949,0.0,0.648455007016407,0.2648757103479969,0.2204724409448818,0.8451239325105673,0.6093146340342994,0.2204724409448818,0.8451239325105673,0.0,0.9125836168975088,0.3032689828632093,0.1863265363015423,0.0,0.20119953758370265,0.06686245291472329,0.0,0.7712462550571396,0.25629987540583526,0.0,0.0,0.27675830527413614,1.0,0.0,0.0
944,0.1417322834645669,0.0785905702075014,22477,53,0.0,0.3664175850295246,0.9270742107815864,0.0,1,0,1,0,1,0,1,0,0,0.1325466559619831,0.07565516126039308,0.0,0.3121924135752724,0.6560028997345935,0.1417322834645669,0.0785905702075014,-0.5606566257520618,0.1417322834645669,0.0785905702075014,0.0,0.3664175850295246,0.9270742107815864,0.011138820974291535,0.0,0.05193320102780662,0.13139634483518545,0.0,0.02879696694152597,0.07285929084999422,0.0,0.0,0.3396962934577413,0.0,1.0,1.0
945,0.2004294917680744,0.4494000320943588,1965,80,0.7857142857142857,0.541129758160654,0.2789821236933249,0.0,0,1,1,0,0,0,0,0,1,0.18267940256624698,0.371149699836247,0.5798184952529422,0.43251575666107483,0.2460645457150771,0.11224051539012167,0.25166401797284094,0.2621476344673291,0.2004294917680744,0.4494000320943588,0.7857142857142857,0.541129758160654,0.2789821236933249,0.09007302003322866,0.1574803149606299,0.1084583624087209,0.05591624526423118,0.3531000252169962,0.24318373068461052,0.1253745753415326,0.42517338141194244,0.2192002400447553,0.15096552912531458,1.0,0.0,0.0
946,0.2254831782390837,0.7939542348456757,4356,53,0.2142857142857143,0.6158067027235612,0.546997905536271,0.0,0,0,1,0,0,1,0,0,0,0.20333519744472556,0.5844222531917486,0.19415601444095748,0.47983433829323907,0.43631621770266354,0.18569202913806893,0.6538446639905564,0.06880879718729016,0.2254831782390837,0.7939542348456757,0.2142857142857143,0.6158067027235612,0.546997905536271,0.17902332424938283,0.048317823908375086,0.1388540525110392,0.12333882623044047,0.1701330503240734,0.48892233947372354,0.4342913035522373,0.13195857915504883,0.11721383690062952,0.3368449766049851,0.0,0.0,0.0
947,0.3299928418038654,0.4447960053242283,35407,53,0.5714285714285714,0.4165641029695024,0.9718688911995936,0.0,1,0,0,1,1,0,1,0,0,0.285173560116822,0.3679681388125786,0.4519851237430572,0.34823429374348036,0.6789817687773014,0.20999544478427798,0.2830520033881453,-0.5553047882300912,0.3299928418038654,0.4447960053242283,0.5714285714285714,0.4165641029695024,0.9718688911995936,0.14677949781994934,0.18856733817363736,0.1374631721323841,0.3207097772677256,0.254169145899559,0.1852860489623052,0.4322834005044663,0.23803663026828709,0.5553536521140535,0.40484569286652367,0.0,1.0,1.0
948,0.931997136721546,0.359340881023584,42093,80,0.9285714285714284,0.3193382235569837,0.6341041123506566,1.0,0,0,0,1,1,0,0,0,1,0.6585542537610428,0.3069999359627927,0.6567795363890704,0.27713026509229516,0.491094710656889,0.48325777459635727,0.18632490127148804,-0.31476588879367284,0.931997136721546,0.359340881023584,0.9285714285714284,0.3193382235569837,0.6341041123506566,0.33490467222097803,0.8654259126700069,0.29762231000085376,0.5909832170941695,0.3336736752361851,0.11475127859747276,0.22785953039276263,0.2965283504457705,0.5888109614684667,0.20249368078823668,1.0,0.0,0.0
949,0.7100930565497494,0.360800922352567,32659,53,0.2857142857142857,0.6699063154559814,0.818492976498424,0.0,0,1,1,0,1,0,0,0,1,0.5365477880688477,0.3080734399009953,0.2513144282809061,0.51276752632573,0.5980081231874752,0.5522945995386941,0.28062293960755214,-0.14858666104244256,0.7100930565497494,0.360800922352567,0.2857142857142857,0.6699063154559814,0.818492976498424,0.2562022297593031,0.20288373044278554,0.4756958231441185,0.5812061794462681,0.10308597781501913,0.24170281650632783,0.2953130208597293,0.1914018044159947,0.23385513614240686,0.5483136141126584,1.0,0.0,0.0
950,0.7358625626342161,0.31284974991742,55889,80,0.7142857142857143,0.3578395740059648,0.1885816707414205,0.0,1,0,1,0,1,0,0,0,0,0.5515044441146217,0.27220015611274273,0.538996500732687,0.3058948881419057,0.1727607229510057,0.429253161536626,0.18249568745182831,0.1692579032645443,0.7358625626342161,0.31284974991742,0.7142857142857143,0.3578395740059648,0.1885816707414205,0.23021441869370632,0.5256161161672972,0.26332074593996546,0.13877019149762365,0.22346410708387143,0.11195002123832218,0.05899772853046264,0.2555996957185463,0.13470119338672892,0.06748198472344302,0.0,0.0,1.0
951,0.1445955619183965,0.2461645261569315,25398,53,0.5,0.1048278696770292,0.0226427449647374,0.0,0,1,1,0,0,1,1,0,0,0.13505135357699236,0.22007045511292248,0.4054651081081644,0.09968954878774164,0.022390203068599075,0.096397041278931,0.16410968410462098,0.08218512471229181,0.1445955619183965,0.2461645261569315,0.5,0.1048278696770292,0.0226427449647374,0.03559429798403733,0.07229778095919825,0.015157644720658475,0.0032740404315511474,0.12308226307846575,0.02580490286708646,0.005573840585136829,0.0524139348385146,0.0113213724823687,0.0023735907182937015,0.0,1.0,0.0
952,0.1302791696492483,0.0834366377495662,16907,80,0.4285714285714286,0.5186487681138461,0.4524083516316486,0.0,0,0,0,1,0,1,0,0,1,0.1224646549986802,0.08013806104993522,0.3566749439387324,0.4178209711453412,0.37322311076985637,0.0911954187544738,0.05840564642469633,0.06624041648219747,0.1302791696492483,0.0834366377495662,0.4285714285714286,0.5186487681138461,0.4524083516316486,0.01087005588433861,0.055833929849677846,0.0675691308494774,0.058939384392956325,0.035758559035528374,0.04327430938437373,0.03774743174996823,0.22227804347736263,0.19388929355642084,0.23464103425817026,1.0,0.0,0.0
953,0.9076592698639944,0.8440543224789266,63497,80,0.8571428571428571,0.6425956814758997,0.9427410936753494,0.0,1,0,1,0,0,1,0,0,0,0.6458769773429831,0.6119665837454641,0.6190392084062234,0.4962777232421473,0.6640999107062027,0.4887396068498431,0.4544907890271143,-0.3001454121994497,0.9076592698639944,0.8440543224789266,0.8571428571428571,0.6425956814758997,0.9427410936753494,0.766113730066771,0.7779936598834237,0.5832579270661711,0.8556876927561512,0.7234751335533657,0.5423856625560247,0.7957246950951894,0.550796298407914,0.8080637945788709,0.6058013555456462,0.0,0.0,1.0
954,0.7702219040801718,0.6598896619009913,51269,53,0.2857142857142857,0.6860342425626653,0.5083790502672106,0.0,0,1,0,1,0,0,1,0,0,0.5711049082644544,0.5067511314249651,0.2513144282809061,0.5223791693156885,0.4110355975938754,0.5990614809512448,0.5132475148118821,0.17765519229545468,0.7702219040801718,0.6598896619009913,0.2857142857142857,0.6860342425626653,0.5083790502672106,0.5082614718722023,0.22006340116576334,0.5283986005708144,0.3915646800912803,0.1885399034002832,0.45270690437717986,0.3354740795983767,0.19600978358933294,0.14525115721920304,0.348765436684793,0.0,1.0,0.0
955,0.3171080887616321,0.4938915730322732,7395,443,0.8571428571428571,0.4945048392959013,0.879019884348764,0.0,0,0,1,0,0,0,0,1,0,0.2754384913460695,0.4013845091320059,0.6190392084062234,0.4017949408068045,0.630750302785534,0.1707505093331865,0.2659416162481471,-0.3845150450528627,0.3171080887616321,0.4938915730322732,0.8571428571428571,0.4945048392959013,0.879019884348764,0.1566170127797402,0.2718069332242561,0.1568114844725013,0.27874431550930745,0.4233356340276627,0.24423177295192416,0.4341405134076579,0.4238612908250582,0.7534456151560833,0.4346795866477873,0.0,0.0,0.0
956,0.9012168933428776,0.2945067999235378,52016,53,0.1428571428571429,0.724217287757968,0.5857424761139508,0.0,0,1,0,0,0,1,0,1,0,0.6424941513393626,0.25812977313002544,0.13353139262452268,0.5447732012820883,0.4610527368344717,0.788564781675018,0.25769344993309556,0.1384748116440172,0.9012168933428776,0.2945067999235378,0.1428571428571429,0.724217287757968,0.5857424761139508,0.26541450329544314,0.128745270477554,0.6526768541784407,0.5278810146223795,0.04207239998907684,0.21328691586690307,0.17250514221960891,0.10345961253685261,0.08367749658770729,0.42420482737588183,0.0,0.0,0.0
957,0.0236220472440944,0.2209327151951948,11049,80,0.2857142857142857,0.2249039474658296,0.3191645530114451,1.0,1,0,0,1,0,1,0,1,0,0.023347363996991062,0.19961508729991737,0.2513144282809061,0.20286243069047152,0.2769986218381498,0.018372703412073425,0.17183655626292932,-0.0942606055456155,0.0236220472440944,0.2209327151951948,0.2857142857142857,0.2249039474658296,0.3191645530114451,0.005218883036106944,0.006749156355455543,0.005312691672421152,0.007539320149876628,0.0631236329129128,0.04968863977174318,0.07051389129087925,0.06425827070452274,0.0911898722889843,0.07178136786344103,0.0,0.0,1.0
958,0.8110236220472441,0.6156903810734206,47477,53,0.8571428571428571,0.2952255995581554,0.3143179556800694,0.0,0,1,1,0,1,0,1,0,0,0.5938922224646042,0.47976234587166205,0.6190392084062234,0.25868488813203866,0.2733178661944941,0.43670502725620836,0.3315255898087649,-0.01909235612191401,0.8110236220472441,0.6156903810734206,0.8571428571428571,0.2952255995581554,0.3143179556800694,0.4993394429178135,0.6951631046119234,0.23943493507472446,0.25491928689013504,0.5277346123486462,0.18176756189458976,0.19352254191088045,0.25305051390699035,0.26941539058291664,0.09279470691754221,0.0,1.0,0.0
959,0.9699355762347888,0.4801190986901378,49754,80,0.4285714285714286,0.599099422167213,0.6296782575162421,0.0,1,0,1,0,0,1,0,0,0,0.6780008397962725,0.3921225566262499,0.3566749439387324,0.4694406096344435,0.4883826073082451,0.6789549033643522,0.33608336908309644,-0.030578835349029054,0.9699355762347888,0.4801190986901378,0.4285714285714286,0.599099422167213,0.6296782575162421,0.46568459464934625,0.4156866755291952,0.5810878432616847,0.6107473435465339,0.20576532801005906,0.2876390745967047,0.30232055746347464,0.2567568952145199,0.2698621103641038,0.37723988022923816,0.0,0.0,1.0
960,0.120973514674302,0.4175536928181166,8793,53,0.4285714285714286,0.9480010463520188,0.2371966870113846,0.0,1,0,1,0,0,1,0,0,1,0.11419751729378652,0.3489326344336958,0.3566749439387324,0.6668037423618925,0.2128480840135082,0.0846814602720114,0.2922875849726816,0.7108043593406341,0.120973514674302,0.4175536928181166,0.4285714285714286,0.9480010463520188,0.2371966870113846,0.050512937785441414,0.05184579200327229,0.11468301849211959,0.028694516896867552,0.1789515826363357,0.39584133769972396,0.09904235258582664,0.4062861627222938,0.10165572300487913,0.2248627074780249,1.0,0.0,1.0
961,0.6556907659269864,0.4250913957557386,13137,80,0.5714285714285714,0.5574772815591462,0.141021400689086,0.0,0,1,0,0,1,0,0,0,0,0.5042183029744773,0.35423594903634864,0.4519851237430572,0.4430673850942086,0.1319238267856283,0.417257760135355,0.2705127063900155,0.41645588087006025,0.6556907659269864,0.4250913957557386,0.5714285714285714,0.5574772815591462,0.141021400689086,0.2787285028720519,0.37468043767256365,0.3655327057324108,0.09246643022992325,0.2429093690032792,0.23697879572009237,0.05994698405035285,0.3185584466052264,0.08058365753662057,0.07861622709781477,0.0,0.0,0.0
962,0.3779527559055118,0.7487502507552833,54342,80,0.7142857142857143,0.0073450653882778,0.1244114126949608,0.0,1,0,0,0,1,0,0,0,0,0.32059888746492277,0.5589013903886991,0.538996500732687,0.007318221760822103,0.11725971002982138,0.22047244094488186,0.4367709796072486,-0.117066347306683,0.3779527559055118,0.7487502507552833,0.7142857142857143,0.0073450653882778,0.1244114126949608,0.28299222075790237,0.26996625421822273,0.0027760877058057827,0.04702163629415841,0.5348216076823452,0.005499619551286955,0.09315307645217094,0.005246475277341286,0.08886529478211486,0.0009138099612925019,0.0,0.0,1.0
963,0.4602720114531138,0.1970776612600098,1471,80,0.0,0.2955874032751211,0.6685314589124097,0.0,0,1,1,0,1,0,0,0,0,0.3786227275813003,0.17988330438769135,0.0,0.2589641855718168,0.5119438736389236,0.4602720114531138,0.1970776612600098,-0.3729440556372886,0.4602720114531138,0.1970776612600098,0.0,0.2955874032751211,0.6685314589124097,0.09070933156062011,0.0,0.13605060866564272,0.3077063193132995,0.0,0.05825367413538023,0.13175261640120003,0.0,0.0,0.19760947794764752,0.0,0.0,0.0
964,0.6012884753042234,0.757295134521375,46639,53,0.5714285714285714,0.1532409065998514,0.2178121494277026,0.0,0,0,0,0,0,1,1,0,0,0.4708086022331678,0.5637757714908648,0.4519851237430572,0.14257615840398308,0.19705592868034652,0.3826381206481421,0.48191508560451135,-0.0645712428278512,0.6012884753042234,0.757295134521375,0.5714285714285714,0.1532409065998514,0.2178121494277026,0.4553528367916643,0.3435934144595562,0.09214199108366154,0.13096793523211897,0.4327400768693571,0.11604859297771193,0.16494808100124186,0.08756623234277222,0.12446408538725863,0.03337773124676345,0.0,1.0,0.0
965,0.4065855404438081,0.6481301939064475,30703,80,0.2857142857142857,0.5978692968776818,0.8265197979303419,0.0,1,0,0,0,0,0,1,0,0,0.34116516504639977,0.49964142952367785,0.2513144282809061,0.4686710523078974,0.6024124064664742,0.3162331981229619,0.504101261927237,-0.22865050105266016,0.4065855404438081,0.6481301939064475,0.2857142857142857,0.5978692968776818,0.8265197979303419,0.2635203651674031,0.11616729726965946,0.2430850111857718,0.33605099872901517,0.18518005540184215,0.38749714331604335,0.5356924369001104,0.17081979910790906,0.2361485136943834,0.49415081044409714,0.0,1.0,1.0
966,0.5347172512526843,0.8428402184240646,18447,80,0.9285714285714284,0.2928445871511345,0.3951027580584796,0.0,1,0,0,1,0,0,0,0,1,0.4283461629337308,0.6113079784692466,0.6567795363890704,0.256844897013556,0.33296807425110625,0.27726079694583633,0.4370282614050706,-0.10225817090734513,0.5347172512526843,0.8428402184240646,0.9285714285714284,0.2928445871511345,0.3951027580584796,0.4506812048409279,0.49652316187749246,0.1565890526856818,0.21126826075138458,0.7826373456794884,0.2468211957987672,0.33300849490195933,0.2719271166403391,0.36688113248287385,0.11570370406591003,1.0,0.0,1.0
967,0.6607015032211883,0.5089302225802284,32611,80,0.7142857142857143,0.6595734311714683,0.5823659597929849,0.0,0,1,1,0,0,0,0,0,0,0.5072401054033938,0.41140093788173276,0.538996500732687,0.5065606001724021,0.4589211698961989,0.3854092102123598,0.2968759631717999,0.07720747137848338,0.6607015032211883,0.5089302225802284,0.7142857142857143,0.6595734311714683,0.5823659597929849,0.3362509630934508,0.47192964515799163,0.43578115745974605,0.3847700650600752,0.36352158755730596,0.3356768531341003,0.2963836375405921,0.4711238794081916,0.4159756855664178,0.3841131142981244,0.0,0.0,0.0
968,0.7108088761632069,0.8413609359554495,45188,80,0.4285714285714286,0.8467333987642629,0.3135179060956378,0.0,0,1,0,0,1,0,0,1,0,0.5369662856685945,0.6105049373289154,0.3566749439387324,0.6134183479531184,0.2727089624035168,0.4975662133142448,0.5889526551688146,0.5332154926686251,0.7108088761632069,0.8413609359554495,0.4285714285714286,0.8467333987642629,0.3135179060956378,0.5980468213341169,0.30463237549851724,0.6018656155854782,0.22285131048888213,0.36058325826662124,0.712408404889039,0.26378171891141855,0.3628857423275413,0.13436481689813048,0.2654660822018144,0.0,0.0,0.0
969,0.2247673586256263,0.9636531409140972,8140,443,0.7142857142857143,0.4363755481397957,0.9045168837961212,0.0,1,0,0,0,1,0,0,0,1,0.20275091463523165,0.6748065858392801,0.538996500732687,0.36212296020888224,0.6442283721091561,0.13111429253161533,0.5621309988665566,-0.4681413356563255,0.2247673586256263,0.9636531409140972,0.7142857142857143,0.4363755481397957,0.9045168837961212,0.21659777111455006,0.1605481133040188,0.09808297932419172,0.20330587080313672,0.688323672081498,0.4205146675830249,0.8716405360799636,0.31169682009985406,0.6460834884258009,0.3947090509682322,1.0,0.0,1.0
970,0.9821045096635648,0.7138109638340386,55897,53,0.3571428571428571,0.0790025730995607,0.5763029868761455,0.0,0,0,0,0,0,0,0,0,0,0.684159163914,0.5387195246148658,0.30538164955118186,0.07603707098081008,0.4550822235138473,0.7236559544889424,0.5259659733513968,-0.49730041377658474,0.9821045096635648,0.7138109638340386,0.3571428571428571,0.0790025730995607,0.5763029868761455,0.7010369666287051,0.35075161059413024,0.077588783316104,0.5659897623436446,0.2549324870835852,0.056392902849566516,0.4113713905224967,0.02821520467841453,0.20582249531290905,0.04552941884817785,0.0,0.0,0.0
971,0.3271295633500357,0.6626905994744349,30710,443,0.5714285714285714,0.5300915476663208,0.8826362977598294,0.0,0,1,0,0,0,0,1,0,0,0.28301838686883857,0.5084371332768992,0.4519851237430572,0.425327568690324,0.6326730805994368,0.20817335849547725,0.42171219966554946,-0.3525447500935086,0.3271295633500357,0.6626905994744349,0.5714285714285714,0.5300915476663208,0.8826362977598294,0.21678568644224527,0.18693117905716322,0.17340861652362816,0.2887364266830651,0.3786803425568199,0.3512866854993251,0.5849147772803571,0.30290945580932616,0.5043635987199026,0.4678780411059796,0.0,1.0,0.0
972,0.6435218324982105,0.9679361410507872,7779,53,0.5,0.5058242980794132,0.8313274205624485,0.0,0,1,0,1,0,0,0,0,0,0.49684139818249523,0.6769853494505375,0.4054651081081644,0.4093404546295114,0.6050410703298196,0.429014554998807,0.6452907607005248,-0.32550312248303526,0.6435218324982105,0.9679361410507872,0.5,0.5058242980794132,0.8313274205624485,0.6228880392302489,0.32176091624910524,0.325508979222185,0.5349773450863573,0.4839680705253936,0.48960561913271033,0.8046718554089212,0.2529121490397066,0.41566371028122423,0.42050560898016964,0.0,0.0,0.0
973,0.6191839656406586,0.171403641419424,37053,80,0.4285714285714286,0.426178977872536,0.0660448949119771,0.0,0,1,0,0,0,0,0,1,0,0.481922297419104,0.15820272327330934,0.3566749439387324,0.3549988245458776,0.06395544015887067,0.433428775948461,0.1199825489935968,0.36013408296055893,0.6191839656406586,0.171403641419424,0.4285714285714286,0.426178977872536,0.0660448949119771,0.10613038641932838,0.2653645567031394,0.26388318959179935,0.04089393994191853,0.07345870346546743,0.07304862870376079,0.011320335485076062,0.182648133373944,0.0283049549622759,0.028146945807285453,0.0,0.0,0.0
974,0.5941302791696492,0.7140271930875974,10457,80,0.4285714285714286,0.6583067594012579,0.7400162250789162,0.0,0,0,0,0,0,1,0,0,1,0.4663283080004058,0.5388456853283808,0.3566749439387324,0.5057970573323995,0.5538944379409602,0.41589119541875447,0.4998190351613182,-0.08170946567765824,0.5941302791696492,0.7140271930875974,0.4285714285714286,0.6583067594012579,0.7400162250789162,0.4242251755638553,0.25462726250127826,0.3911199787423365,0.43966604639620643,0.30601165418039894,0.4700489276058725,0.5283917080323782,0.28213146831482483,0.31714981074810694,0.4871576830360532,1.0,0.0,0.0
975,0.5962777380100215,0.6597041592532045,54850,443,0.4285714285714286,0.2147598217014872,0.0945002747208275,0.0,1,0,1,0,0,0,0,0,1,0.4676745051972026,0.506639369168512,0.3566749439387324,0.19454637963977273,0.09029788898196196,0.41739441660701504,0.4617929114772431,0.12025954698065969,0.5962777380100215,0.6597041592532045,0.4285714285714286,0.2147598217014872,0.0945002747208275,0.39336690383530376,0.25554760200429494,0.1280565006995983,0.056348410051860635,0.2827303539656591,0.1416779476169477,0.06234222428390036,0.09203992358635166,0.0405001177374975,0.020294862149786472,1.0,0.0,1.0
976,0.5361488904795991,0.615246248351734,59633,443,0.7142857142857143,0.7957145054829677,0.0007141876497832,0.0,0,0,0,1,0,0,0,1,0,0.42927856393368197,0.47948742081096035,0.538996500732687,0.5854029959319406,0.0007139327391457807,0.3127535194464328,0.35889364487184483,0.7950003178331846,0.5361488904795991,0.615246248351734,0.7142857142857143,0.7957145054829677,0.0007141876497832,0.3298635934255181,0.3829634931997137,0.42662144925321605,0.00038291091602549523,0.4394616059655243,0.4895603642574512,0.00043940127214825593,0.5683675039164056,0.0005101340355594286,0.0005682894725692819,0.0,0.0,0.0
977,0.905511811023622,0.2980580145576313,38405,80,0.0,0.1668041256628099,0.2532352512060289,1.0,0,1,0,1,0,1,0,0,0,0.6447506396980951,0.26086931262795343,0.0,0.1542684948834862,0.22572840865498708,0.905511811023622,0.2980580145576313,-0.08643112554321902,0.905511811023622,0.2980580145576313,0.0,0.1668041256628099,0.2532352512060289,0.2698950525521858,0.0,0.1510431059151428,0.2293075109345931,0.0,0.04971730651507875,0.07547879619047199,0.0,0.0,0.042240684664423676,0.0,0.0,0.0
978,0.6020042949176807,0.6214863733168298,42723,80,0.6428571428571429,0.0544355463738996,0.4251125103489354,0.0,1,0,0,1,0,1,1,0,0,0.4712555296149087,0.48334324297835424,0.4964368863138911,0.05300559661619673,0.3542507652346929,0.36643739690641436,0.3782960533232877,-0.3706769639750358,0.6020042949176807,0.6214863733168298,0.6428571428571429,0.0544355463738996,0.4251125103489354,0.3741374659695446,0.38700276101850906,0.03277043271327814,0.2559195570532961,0.3995269542751049,0.03383095029543497,0.2642016323083731,0.0349942798117926,0.2732866137957442,0.023141231771224346,0.0,1.0,1.0
979,0.1309949892627057,0.3253520922695357,64796,80,0.7142857142857143,0.8368195855664498,0.6214686539843979,0.0,0,1,0,0,1,0,0,1,0,0.12309776676405058,0.2816781541529625,0.538996500732687,0.6080355899599826,0.4833323150855633,0.07641374373657832,0.18978872049056247,0.21535093158205187,0.1309949892627057,0.3253520922695357,0.7142857142857143,0.8368195855664498,0.6214686539843979,0.04261949383344666,0.09356784947336122,0.10961917262609891,0.08140927965579436,0.23239435162109695,0.2722610030161702,0.202196126853756,0.5977282754046069,0.44390618141742705,0.5200571414697632,0.0,0.0,0.0
980,0.917680744452398,0.069510530131649,60514,443,0.0714285714285714,0.1322850008949148,0.312793806179389,0.0,0,1,0,1,1,0,0,0,0,0.6511165102876469,0.06720109533724736,0.06899287148695142,0.12423771566786693,0.2721575427596015,0.8565020281555715,0.06487649478953907,-0.18050880528447422,0.917680744452398,0.069510530131649,0.0714285714285714,0.1322850008949148,0.312793806179389,0.0637884750384925,0.06554862460374268,0.12139539810113155,0.2870448529148008,0.004965037866546355,0.009195200540671189,0.021742463289425598,0.009448928635351052,0.022342414727099205,0.04137792893036428,0.0,0.0,0.0
981,0.3428775948460988,1.0,25203,53,0.9285714285714284,0.2728030885274117,0.1220547936628367,0.0,0,1,1,0,1,0,1,0,0,0.29481477030920816,0.6931471805599453,0.6567795363890704,0.24122162459994448,0.11516164161470835,0.177788382512792,0.5185185185185186,0.150748294864575,0.3428775948460988,1.0,0.9285714285714284,0.2728030885274117,0.1220547936628367,0.3428775948460988,0.3183863380713774,0.0935380668608663,0.04184985409055031,0.9285714285714284,0.2728030885274117,0.1220547936628367,0.25331715363259655,0.1133365941154912,0.033296924680797806,0.0,1.0,0.0
982,0.3171080887616321,0.4558626196307926,24430,53,0.2857142857142857,0.334467533189537,0.3223061700108429,0.0,0,0,0,0,0,0,0,0,1,0.2754384913460695,0.3755985906736334,0.2513144282809061,0.28853236074636157,0.27937731069003124,0.24663962459238054,0.3545598152683943,0.012161363178694096,0.3171080887616321,0.4558626196307926,0.2857142857142857,0.334467533189537,0.3223061700108429,0.1445577240489915,0.09060231107475203,0.10606236020255182,0.10220589356822005,0.13024646275165502,0.1524712458612314,0.14692733498431046,0.0955621523398677,0.09208747714595511,0.10780094961529414,1.0,0.0,0.0
983,0.2970651395848246,0.194652618401148,19610,53,0.0714285714285714,0.2553474535012912,0.5278121094944809,0.0,1,0,0,1,1,0,0,0,0,0.26010412734596283,0.17785544722461022,0.06899287148695142,0.2274123896458836,0.4238367181929915,0.27726079694583633,0.1816757771744048,-0.2724646559931897,0.2970651395848246,0.194652618401148,0.0714285714285714,0.2553474535012912,0.5278121094944809,0.057824507255888634,0.021218938541773178,0.07585482691699058,0.1567945779815387,0.01390375845722485,0.04970405042609172,0.10274000913693414,0.018239103821520792,0.037700864963891474,0.13477547808656037,0.0,0.0,1.0
984,0.8668575518969219,0.3412299795442119,30107,80,0.4285714285714286,0.2846937967213705,0.750626710761804,0.0,1,0,1,0,0,0,0,0,1,0.6242565637895817,0.29358708813689277,0.3566749439387324,0.25052039946228766,0.5599738442609217,0.6068002863278453,0.23886098568094832,-0.46593291404043347,0.8668575518969219,0.3412299795442119,0.4285714285714286,0.2846937967213705,0.750626710761804,0.2957977847015323,0.37151037938439513,0.24678896766612718,0.6506864328794163,0.14624141980466226,0.09714605843159729,0.25613633715858947,0.12201162716630166,0.32169716175505886,0.213698768207252,1.0,0.0,1.0
985,0.1095204008589835,0.3648191536229123,59560,443,0.1428571428571429,0.4314950337905872,0.1309435997801354,1.0,0,0,0,1,0,1,0,0,1,0.10392785065633045,0.31102193167124514,0.13353139262452268,0.35871937631535694,0.12305232832215116,0.09583035075161057,0.3192167594200483,0.3005514340104518,0.1095204008589835,0.3648191536229123,0.1428571428571429,0.4314950337905872,0.1309435997801354,0.03995513994581643,0.015645771551283362,0.04725750906940574,0.014340995537838732,0.05211702194613035,0.15741765301997196,0.04777073324412636,0.06164214768436962,0.018706228540019347,0.05650151301179065,1.0,0.0,0.0
986,0.3321403006442376,0.07663002717256,59872,80,0.4285714285714286,0.7932009338729014,0.966905391072033,0.0,0,1,0,1,1,0,0,0,0,0.2867868973852889,0.07383581749752287,0.3566749439387324,0.584002254084703,0.6764614401678299,0.23249821045096633,0.053641019020792,-0.17370445719913163,0.3321403006442376,0.07663002717256,0.4285714285714286,0.7932009338729014,0.966905391072033,0.025451920263470176,0.1423458431332447,0.2634539966478355,0.3211482472851992,0.03284144021681143,0.0607830091159804,0.07409398639114465,0.3399432573741006,0.414388024745157,0.7669502591650794,0.0,0.0,0.0
987,0.2061560486757337,0.8430806355962805,26173,443,0.1428571428571429,0.3046308506697119,0.2067691688805156,0.0,0,1,1,0,1,0,0,1,0,0.18743848352950027,0.6114384300888437,0.13353139262452268,0.2659201277084998,0.18794668014787574,0.180386542591267,0.7376955561467455,0.0978616817891963,0.2061560486757337,0.8430806355962805,0.1428571428571429,0.3046308506697119,0.2067691688805156,0.17380617254955533,0.029450864096533396,0.0628014924787953,0.042626714844372575,0.12044009079946869,0.25682837120485635,0.17432308232149976,0.043518692952816004,0.029538452697216524,0.0629882678083408,0.0,0.0,0.0
988,0.7136721546170365,0.516230753213816,38102,80,0.2857142857142857,0.1765852206778202,0.484657256759254,1.0,0,1,1,0,1,0,0,0,0,0.5386385268609567,0.41622748751959104,0.2513144282809061,0.1626163623271898,0.39518394208630747,0.5550783424799173,0.40151280805519024,-0.30807203608143374,0.7136721546170365,0.516230753213816,0.2857142857142857,0.1765852206778202,0.484657256759254,0.3684195139256797,0.20390632989058183,0.1260239549146648,0.34588638868215904,0.14749450091823313,0.09115872147693903,0.25019498070737145,0.05045292019366291,0.1384735019312154,0.08558330863793984,0.0,0.0,0.0
989,0.1159627773801002,0.5066286033619044,32848,443,0.0714285714285714,0.1903502463110884,0.0179721050804495,1.0,0,1,0,0,0,1,0,0,1,0.1097175098008147,0.4098744416015356,0.06899287148695142,0.17424758844960742,0.017812516063751983,0.10823192555476019,0.4728533631377775,0.1723781412306389,0.1159627773801002,0.5066286033619044,0.0714285714285714,0.1903502463110884,0.0179721050804495,0.05875005994604761,0.00828305552715001,0.022073543237219984,0.0020840952204959334,0.03618775738299316,0.09643687943818122,0.009105182496381517,0.013596446165077738,0.001283721791460678,0.0034209946287923256,1.0,0.0,0.0
990,0.8396564065855404,0.143349797135921,48657,443,0.5,0.502756407131633,0.8341158289768569,0.0,0,1,0,0,0,1,0,0,0,0.6095788186323036,0.1339623722333985,0.4054651081081644,0.4073010265325257,0.6065625283159175,0.5597709377236936,0.09556653142394733,-0.3313594218452238,0.8396564065855404,0.143349797135921,0.5,0.502756407131633,0.8341158289768569,0.12036457554791362,0.4198282032927702,0.422142638200004,0.7003706996348268,0.0716748985679605,0.07207002897110411,0.11957033487169301,0.2513782035658165,0.41705791448842844,0.41935707730802824,0.0,0.0,0.0
991,0.8740157480314961,0.6613564739684844,34399,80,0.2142857142857143,0.4371689392178899,0.0337192471642973,0.0,0,0,0,0,0,0,0,0,1,0.6280835872128834,0.5076344216737779,0.19415601444095748,0.3626751640127527,0.033163218100003965,0.7197776748494673,0.5446465079740459,0.4034496920535926,0.8740157480314961,0.6613564739684844,0.2142857142857143,0.4371689392178899,0.0337192471642973,0.5780359733110375,0.18728908886389203,0.38209253742665966,0.029471153033362205,0.1417192444218181,0.2891245081696863,0.022300442409451476,0.09367905840383356,0.007225552963777993,0.014741007514041692,1.0,0.0,0.0
992,0.117394416607015,0.3624222871254005,7662,443,0.4285714285714286,0.1706916186339242,0.8215560082599905,0.0,1,0,1,0,0,1,0,0,0,0.11099956125847021,0.309264208956409,0.3566749439387324,0.15759470120044178,0.5996910854208735,0.08217609162491049,0.2536956009877803,-0.6508643896260663,0.117394416607015,0.3624222871254005,0.4285714285714286,0.1706916186339242,0.8215560082599905,0.04254635296246647,0.05031189283157786,0.02003824298923662,0.09644608829966958,0.15532383733945737,0.06186244681844344,0.29775020751520015,0.07315355084311038,0.3520954321114245,0.1402327248483234,0.0,0.0,1.0
993,0.7716535433070866,0.9895782228193912,6353,80,0.2857142857142857,0.5974420901401079,0.6625975816369333,0.0,0,0,0,1,0,1,1,0,0,0.5719133157458288,0.6879226679402148,0.2513144282809061,0.4684036563089628,0.5083811875468094,0.600174978127734,0.7696719510817488,-0.06515549149682542,0.7716535433070866,0.9895782228193912,0.2857142857142857,0.5974420901401079,0.6625975816369333,0.7636115420181129,0.22047244094488186,0.46101830577740605,0.5112957716568461,0.28273663509125463,0.5912156817983505,0.655692137280703,0.1706977400400308,0.1893135947534095,0.39586368409495015,0.0,1.0,0.0
994,0.5654974946313529,0.9562341262454154,46051,53,0.8571428571428571,0.7495308771455926,0.8580534230092749,0.0,0,0,0,0,0,0,0,0,0,0.448203661419806,0.6710212608940642,0.6190392084062234,0.5593476817956649,0.6195293929434523,0.30449865095534384,0.5148952987475314,-0.10852254586368226,0.5654974946313529,0.9562341262454154,0.8571428571428571,0.7495308771455926,0.8580534230092749,0.5407480026727832,0.48471213825544535,0.423857833174673,0.4852270609716014,0.8196292510674988,0.7167270034012756,0.8204999652231618,0.6424550375533651,0.7354743625793785,0.6431375347859201,0.0,0.0,0.0
995,0.1037938439513242,0.0780324829821812,26435,443,0.4285714285714286,0.3390828587458774,0.4020616674661753,0.0,0,1,0,0,1,0,0,1,0,0.09875319486631293,0.07513760466935836,0.3566749439387324,0.29198494585936363,0.3379437729989764,0.07265569076592694,0.05462273808752684,-0.06297880872029787,0.1037938439513242,0.0780324829821812,0.4285714285714286,0.3390828587458774,0.4020616674661753,0.008099291361786876,0.04448307597913895,0.0351947133272385,0.041731525971793394,0.033442492706649084,0.02645947740463703,0.03137387022434172,0.14532122517680462,0.1723121431997894,0.13633221959656505,0.0,0.0,0.0
996,0.7279885468861846,0.048901043404388,49767,80,0.9285714285714284,0.0948216293629169,0.4189018353445714,0.0,0,0,0,1,1,0,0,0,1,0.5469580424005149,0.047742990745521297,0.6567795363890704,0.09059145444056159,0.3498832170284767,0.37747554282987356,0.02535609658005304,-0.32408020598165455,0.7279885468861846,0.048901043404388,0.9285714285714284,0.0948216293629169,0.4189018353445714,0.03559939952917866,0.6759893649657427,0.06902906017329025,0.3049557384004503,0.045408111732645993,0.00463687661315079,0.020484736832362682,0.08804865583699424,0.38898027567710197,0.03972095457048859,1.0,0.0,0.0
997,0.9527559055118112,0.7319363888062502,53507,80,0.9285714285714284,0.0168797097717829,0.4412762666803441,0.0,0,1,0,1,1,0,0,0,0,0.669241659706391,0.5492400824486134,0.6567795363890704,0.016738830593747627,0.36552901736504695,0.494021580635754,0.3795225719736113,-0.4243965569085612,0.9527559055118112,0.7319363888062502,0.9285714285714284,0.0168797097717829,0.4412762666803441,0.697356716894144,0.8847019122609674,0.016082243168391585,0.42042856904190273,0.6796552181772322,0.01235487381445635,0.3229861570999149,0.015674016216655547,0.40975653334603374,0.007448615310740082,0.0,0.0,0.0
998,0.3228346456692913,0.6559333196578051,17255,53,0.0714285714285714,0.8875332209792157,0.8067899559137818,0.0,0,0,0,1,0,1,0,0,1,0.2797768929446677,0.504364789245252,0.06899287148695142,0.6352708025049452,0.5915517657358059,0.3013123359580052,0.6122044316806181,0.08074326506543394,0.3228346456692913,0.6559333196578051,0.0714285714285714,0.8875332209792157,0.8067899559137818,0.21175800083440952,0.023059617547806513,0.28652647291454997,0.2604597495469689,0.04685237997555749,0.5821626119434813,0.5292004140491011,0.06339523006994395,0.05762785399384153,0.7160528882258382,1.0,0.0,0.0
999,0.1768074445239799,0.1861024159796217,7602,80,0.8571428571428571,0.8556397787213479,0.0732572073269654,0.0,0,0,0,0,0,0,0,1,0,0.16280521635916337,0.17067265096158402,0.6190392084062234,0.6182295307864751,0.07069814352226773,0.09520400858983533,0.1002089932197963,0.7823825713943825,0.1768074445239799,0.1861024159796217,0.8571428571428571,0.8556397787213479,0.0732572073269654,0.03290429258909559,0.15154923816341134,0.15128348270878514,0.01295241962044413,0.15951635655396146,0.15923663002831176,0.013633343271468307,0.7334055246182981,0.06279189199454177,0.06268178066698858,0.0,0.0,0.0
